session_id,session_start,user_id,department,source_country,new_device,off_hours,failed_logins_30m,mfa_denials,mfa_approvals,unique_resources,sensitive_resources,denied_accesses,files_read,bytes_downloaded_mb,data_upload_mb,process_risk_score,destination_risk_score,peer_deviation_score,impossible_travel,privilege_mismatch,label
S00001,2026-09-12 11:02:00,hamukwaya,Treasury,BW,0,0,2,2,1,4,2,0,20,24.091,0.0,26.37,2.28,2.722,1,0,1
S00002,2026-09-09 01:40:00,tshivute,Finance,NA,0,1,0,0,1,2,0,0,14,10.792,0.0,37.09,9.24,0.659,0,0,0
S00003,2026-09-07 06:11:00,nnakale,Customer Service,NA,0,1,2,0,1,3,0,0,17,44.219,0.208,7.37,17.07,2.307,0,0,0
S00004,2026-09-09 02:17:00,tshivute,Finance,NA,0,0,0,0,1,2,0,1,11,4.191,0.0,14.69,15.32,0.986,0,0,0
S00005,2026-09-09 11:23:00,murorua,Risk,NA,0,0,0,0,1,2,0,0,13,7.368,0.565,10.06,26.82,1.746,0,0,0
S00006,2026-09-09 22:24:00,katjiuongua,Information Technology,NA,0,0,0,0,1,4,1,0,12,14.674,1.477,18.79,13.67,2.11,0,0,0
S00007,2026-09-12 17:40:00,tshivute,Finance,NA,0,0,2,1,1,3,0,0,4,9.589,0.0,15.52,19.79,1.056,0,0,0
S00008,2026-09-08 23:24:00,tshivute,Finance,NA,0,0,0,0,1,7,0,0,9,11.746,0.054,1.71,3.34,0.987,0,0,0
S00009,2026-09-13 14:58:00,kndjavera,Compliance,NA,0,0,0,0,1,3,0,0,17,20.956,0.0,13.78,18.54,2.443,0,0,0
S00010,2026-09-11 18:06:00,amupanda,Compliance,NA,0,0,0,0,1,3,1,0,15,51.222,0.0,12.77,12.96,0.936,0,0,0
S00011,2026-09-12 13:42:00,katjiuongua,Information Technology,NA,0,1,2,0,1,3,1,0,14,18.174,0.0,22.05,16.33,1.834,0,0,1
S00012,2026-09-11 03:13:00,kndjavera,Compliance,ZA,0,0,2,0,1,2,0,1,18,4.203,1.955,9.01,15.46,1.098,0,0,0
S00013,2026-09-09 23:15:00,shilongo,Loans,NA,0,0,1,0,1,4,0,0,12,30.722,2.106,4.31,12.55,2.52,0,0,0
S00014,2026-09-07 14:22:00,tjirera,Internal Audit,NA,0,0,1,1,1,4,0,0,8,9.762,3.687,13.09,8.69,2.712,0,0,0
S00015,2026-09-13 12:41:00,sankwasa,Procurement,NA,0,0,1,0,1,3,0,0,15,6.709,0.657,12.78,14.82,0.715,0,0,0
S00016,2026-09-07 01:40:00,mbandeka,Legal,NA,0,1,0,0,1,1,0,0,14,17.436,0.0,16.29,38.44,5.421,0,0,1
S00017,2026-09-08 12:21:00,jkavari,Finance,NA,0,0,0,0,1,3,0,0,16,7.586,0.0,1.41,3.85,1.534,0,0,0
S00018,2026-09-07 04:31:00,pnakale,Human Resources,NA,0,1,0,0,1,3,0,0,16,2.644,0.0,30.2,27.82,0.882,0,0,0
S00019,2026-09-07 14:42:00,katjiuongua,Information Technology,NA,0,0,1,0,1,4,2,0,20,17.406,1.947,39.85,5.76,1.115,0,0,0
S00020,2026-09-12 04:59:00,sankwasa,Procurement,NA,0,0,1,0,1,2,0,0,18,3.433,0.0,1.3,27.2,2.753,0,0,1
S00021,2026-09-10 02:06:00,tshivute,Finance,NA,1,0,0,1,1,1,0,0,17,19.353,1.675,11.93,13.75,1.386,0,0,0
S00022,2026-09-11 12:33:00,pnakale,Human Resources,NA,1,0,0,0,1,5,0,0,9,13.339,0.467,34.64,19.42,0.731,0,0,0
S00023,2026-09-09 14:53:00,jkavari,Finance,NA,0,0,0,0,1,4,2,2,19,16.961,0.218,20.98,21.69,0.819,0,0,0
S00024,2026-09-12 20:08:00,shapaka,Executive,NA,0,0,2,1,1,2,0,0,9,11.387,0.014,30.17,11.14,1.924,0,0,0
S00025,2026-09-09 19:26:00,murorua,Risk,NA,0,0,1,0,1,4,1,0,11,13.486,0.0,7.76,7.21,0.935,0,1,0
S00026,2026-09-08 08:29:00,jkavari,Finance,BW,0,0,0,0,1,4,0,0,13,11.127,7.392,27.07,11.63,0.225,0,0,0
S00027,2026-09-12 23:24:00,jkavari,Finance,NA,0,0,0,0,1,3,1,0,15,5.595,0.0,46.31,10.48,0.332,0,0,0
S00028,2026-09-13 14:17:00,haufiku,Information Technology,NA,0,0,1,0,1,5,1,0,21,21.075,0.056,3.3,16.16,2.47,0,0,0
S00029,2026-09-13 08:47:00,hamukwaya,Treasury,NA,0,0,1,0,1,2,0,0,14,10.824,0.296,13.3,10.13,1.72,0,0,0
S00030,2026-09-08 07:26:00,katjiuongua,Information Technology,NA,0,0,0,0,1,2,1,1,23,6.498,1.728,4.4,3.35,1.376,0,0,1
S00031,2026-09-13 17:50:00,kndjavera,Compliance,NA,0,0,1,0,1,5,3,1,17,3.96,0.57,2.88,8.38,1.111,0,0,0
S00032,2026-09-07 00:07:00,katjiuongua,Information Technology,NA,0,0,0,0,1,3,1,0,13,30.283,1.649,13.15,31.92,0.151,0,0,0
S00033,2026-09-10 11:30:00,mbandeka,Legal,NA,0,0,2,1,1,3,0,0,7,4.173,0.568,8.38,5.22,0.228,0,0,1
S00034,2026-09-07 08:22:00,ntinda,Marketing,NA,1,0,1,1,1,4,1,1,18,23.122,0.0,5.98,14.24,2.174,0,0,1
S00035,2026-09-12 02:25:00,nghifindaka,Information Technology,NA,0,0,0,0,1,1,0,0,9,14.108,1.473,25.7,8.31,0.51,0,0,0
S00036,2026-09-09 00:58:00,hamukwaya,Treasury,BW,0,0,1,0,1,4,0,0,16,4.093,0.0,18.62,17.63,1.129,0,0,0
S00037,2026-09-11 14:20:00,mhaingura,Customer Service,NA,1,0,2,1,1,2,0,0,8,3.812,0.0,10.4,19.88,2.372,0,0,1
S00038,2026-09-14 00:24:00,tshivute,Finance,NA,0,1,1,0,1,3,1,0,20,3.011,0.0,35.65,1.65,2.483,0,0,1
S00039,2026-09-12 08:21:00,pnakale,Human Resources,ZA,0,0,3,2,1,4,1,0,16,3.478,3.607,14.03,13.78,3.167,0,0,1
S00040,2026-09-12 15:11:00,jkavari,Finance,NA,0,0,0,0,1,4,0,0,13,6.956,0.584,11.9,4.91,4.715,0,0,0
S00041,2026-09-08 09:35:00,tkamati,Customer Service,NA,0,0,0,1,1,1,0,1,16,5.438,1.241,18.27,26.17,1.573,0,0,0
S00042,2026-09-07 21:57:00,tkamati,Customer Service,NA,0,0,0,0,1,2,0,0,10,12.971,0.152,6.03,56.71,2.172,0,0,0
S00043,2026-09-11 16:09:00,tkamati,Customer Service,NA,1,0,0,0,1,1,0,1,9,31.831,0.071,9.43,6.68,0.664,0,0,0
S00044,2026-09-08 06:19:00,nduminga,Customer Service,ZA,0,1,3,1,1,8,2,1,18,8.227,0.906,10.55,7.91,2.026,0,0,1
S00045,2026-09-08 23:02:00,haufiku,Information Technology,NA,0,0,0,0,1,4,0,0,15,11.819,2.183,8.41,3.46,0.201,0,0,0
S00046,2026-09-12 01:44:00,haufiku,Information Technology,NA,0,0,0,0,0,1,0,0,8,14.883,0.0,7.32,16.54,1.453,0,0,0
S00047,2026-09-11 17:58:00,ntinda,Marketing,NA,0,0,1,1,1,3,0,0,6,3.741,0.0,14.55,7.19,0.954,0,0,0
S00048,2026-09-11 13:55:00,nghifindaka,Information Technology,NA,0,0,0,0,1,2,1,0,15,13.003,0.167,6.26,10.78,0.552,0,0,0
S00049,2026-09-12 15:15:00,tshivute,Finance,NA,0,0,0,0,1,3,1,0,9,11.188,0.0,25.36,15.95,4.025,0,0,0
S00050,2026-09-07 07:23:00,ndjaba,Customer Service,NA,0,0,0,0,1,2,0,0,14,1.529,0.3,4.45,11.84,2.676,0,0,0
S00051,2026-09-08 18:41:00,tjirera,Internal Audit,NA,0,0,1,0,1,3,0,0,15,15.856,0.166,12.06,24.41,1.523,0,0,0
S00052,2026-09-13 16:55:00,mukwambi,Human Resources,NA,0,0,0,0,1,8,2,0,16,43.324,0.0,8.59,16.95,3.68,0,0,0
S00053,2026-09-13 17:17:00,tjirera,Internal Audit,NA,0,0,1,0,1,4,1,0,16,4.26,0.0,15.36,3.59,0.424,0,0,0
S00054,2026-09-11 17:41:00,nghifindaka,Information Technology,NA,0,0,1,0,1,5,2,1,20,72.319,1.52,25.59,2.75,2.902,0,0,0
S00055,2026-09-08 15:35:00,katjiuongua,Information Technology,NA,0,0,2,0,1,5,1,0,20,18.172,0.666,20.38,2.31,1.199,0,0,0
S00056,2026-09-09 13:44:00,nduminga,Customer Service,NA,1,0,0,0,1,2,0,0,6,3.506,2.143,21.87,6.15,0.755,0,0,0
S00057,2026-09-13 22:34:00,tshivute,Finance,NA,0,0,1,0,1,5,0,0,14,1.467,0.209,11.48,16.81,1.642,0,0,0
S00058,2026-09-13 10:45:00,ntinda,Marketing,NA,0,0,0,0,0,1,0,0,13,21.096,0.677,0.84,10.61,0.757,0,0,0
S00059,2026-09-14 01:55:00,tjirera,Internal Audit,NA,0,0,1,1,1,3,1,0,17,6.597,0.0,8.27,28.31,3.169,0,0,0
S00060,2026-09-11 01:45:00,katjiuongua,Information Technology,ZA,0,0,1,1,1,3,0,0,12,6.014,0.037,44.93,17.59,1.532,0,0,0
S00061,2026-09-09 21:50:00,shilongo,Loans,NA,0,0,0,0,1,3,0,0,11,4.801,0.185,21.5,9.19,2.571,0,0,0
S00062,2026-09-12 00:19:00,amupanda,Compliance,NA,0,0,1,0,1,1,0,2,12,6.574,0.39,10.34,4.28,0.374,0,0,0
S00063,2026-09-08 09:25:00,shapaka,Executive,NA,0,0,0,0,1,2,1,0,17,5.382,0.0,32.81,6.02,1.356,0,1,0
S00064,2026-09-09 11:26:00,murorua,Risk,NA,0,1,1,1,1,2,0,0,15,4.079,3.753,29.61,15.53,0.325,0,0,0
S00065,2026-09-09 01:52:00,shilongo,Loans,NA,0,0,0,0,1,4,0,0,6,22.923,0.0,14.28,25.28,0.044,0,0,0
S00066,2026-09-08 22:11:00,murorua,Risk,NA,0,0,0,0,0,2,0,0,10,9.036,0.0,18.66,3.96,4.08,0,0,0
S00067,2026-09-12 02:23:00,amupanda,Compliance,NA,0,0,2,0,1,7,1,0,15,3.716,0.476,11.54,10.0,0.443,0,0,0
S00068,2026-09-08 12:04:00,hamukwaya,Treasury,NA,0,0,0,0,1,4,0,0,7,4.723,0.145,6.73,9.44,2.064,0,0,0
S00069,2026-09-08 06:57:00,amupanda,Compliance,NA,0,0,0,0,1,2,0,0,12,14.339,1.355,14.28,21.68,0.87,0,0,0
S00070,2026-09-08 10:15:00,pnakale,Human Resources,NA,0,0,1,0,1,4,0,0,8,1.994,3.056,8.19,14.28,2.89,0,0,0
S00071,2026-09-11 09:56:00,mbandeka,Legal,NA,0,0,3,0,1,2,0,0,10,16.034,0.0,4.84,10.59,1.272,0,0,0
S00072,2026-09-11 23:05:00,sankwasa,Procurement,NA,0,0,0,0,1,6,0,0,7,11.138,0.071,17.9,1.94,0.346,0,0,0
S00073,2026-09-13 07:25:00,nnakale,Customer Service,NA,0,1,0,0,1,1,0,0,7,7.311,2.117,5.53,1.74,0.656,0,0,0
S00074,2026-09-10 04:40:00,ndjaba,Customer Service,NA,0,0,1,0,1,4,1,0,15,4.062,0.333,5.08,3.53,0.923,0,0,1
S00075,2026-09-10 10:07:00,shilongo,Loans,NA,0,0,0,0,1,3,0,0,19,4.923,3.491,8.52,11.35,1.487,0,0,0
S00076,2026-09-14 00:47:00,nghifindaka,Information Technology,ZA,0,0,2,0,1,5,1,0,20,1.866,0.0,27.82,9.66,0.347,0,0,0
S00077,2026-09-12 17:21:00,kndjavera,Compliance,NA,0,0,0,0,1,3,1,1,20,2.416,0.0,48.63,12.91,0.245,0,0,0
S00078,2026-09-07 12:34:00,nghifindaka,Information Technology,NA,0,0,0,0,1,5,2,2,17,13.777,2.249,6.2,13.19,0.604,0,0,0
S00079,2026-09-12 14:45:00,mbandeka,Legal,NA,0,1,0,0,1,4,1,0,25,19.043,0.721,31.71,3.67,0.375,0,1,1
S00080,2026-09-13 06:09:00,mbandeka,Legal,NA,1,0,0,0,1,4,0,1,12,6.277,0.0,21.13,12.32,0.304,0,0,0
S00081,2026-09-10 22:24:00,katjiuongua,Information Technology,NA,0,0,1,0,1,2,1,0,10,8.11,0.889,30.69,26.35,4.827,0,0,1
S00082,2026-09-08 10:37:00,nduminga,Customer Service,NA,0,0,0,0,1,3,0,0,6,3.234,0.0,31.98,1.81,0.46,0,0,0
S00083,2026-09-07 16:21:00,shilongo,Loans,NA,0,0,0,0,1,5,0,0,15,6.265,1.637,12.55,7.67,2.453,0,0,0
S00084,2026-09-11 07:48:00,nduminga,Customer Service,NA,0,0,1,0,1,8,0,0,14,4.353,0.206,42.89,24.91,4.224,0,0,1
S00085,2026-09-12 03:09:00,jkavari,Finance,NA,0,1,1,2,1,2,0,0,13,7.099,0.717,11.71,3.06,0.337,0,0,0
S00086,2026-09-09 19:51:00,mukwambi,Human Resources,NA,0,0,0,0,1,3,0,0,14,6.338,0.0,38.96,41.82,1.635,0,0,0
S00087,2026-09-12 14:42:00,haufiku,Information Technology,NA,0,0,1,0,1,1,0,0,13,2.675,0.0,18.31,20.62,1.345,0,0,0
S00088,2026-09-08 08:57:00,ntinda,Marketing,NA,0,0,0,1,1,2,0,0,14,3.442,0.0,17.99,25.8,0.856,0,0,0
S00089,2026-09-09 11:53:00,katjiuongua,Information Technology,NA,0,0,0,0,1,4,0,0,11,1.973,1.205,41.94,12.6,1.2,0,0,0
S00090,2026-09-11 18:23:00,pnakale,Human Resources,NA,0,0,0,0,1,5,0,0,13,17.174,2.628,15.8,17.19,1.782,0,0,0
S00091,2026-09-10 21:44:00,nduminga,Customer Service,NA,0,0,0,0,1,5,1,0,13,30.867,0.768,13.71,19.13,4.385,0,0,0
S00092,2026-09-08 19:06:00,katjiuongua,Information Technology,NA,0,1,0,0,1,2,0,0,14,96.471,0.0,2.21,11.68,1.286,0,0,0
S00093,2026-09-07 19:05:00,mbandeka,Legal,NA,0,0,0,0,1,4,0,1,15,6.958,0.107,1.78,11.48,3.029,0,0,0
S00094,2026-09-08 05:38:00,nambala,Loans,ZA,0,1,2,0,1,1,0,0,9,11.746,1.534,20.78,17.86,2.63,0,0,1
S00095,2026-09-10 11:55:00,shilongo,Loans,NA,0,0,0,0,1,3,0,1,10,7.816,0.844,10.37,10.22,0.261,0,0,0
S00096,2026-09-10 16:01:00,shilongo,Loans,NA,0,0,2,0,1,3,0,0,9,34.535,0.798,19.65,21.91,1.855,0,0,0
S00097,2026-09-12 03:38:00,tkamati,Customer Service,NA,0,0,1,0,1,3,0,0,13,14.622,0.0,37.58,6.85,2.896,0,0,1
S00098,2026-09-14 02:41:00,nambala,Loans,NA,0,0,1,0,1,3,0,0,12,9.049,1.457,23.64,10.72,2.599,0,0,1
S00099,2026-09-13 20:08:00,pnakale,Human Resources,NA,0,1,1,0,1,3,0,1,9,8.323,0.0,6.01,23.37,0.256,0,0,0
S00100,2026-09-07 19:23:00,ntinda,Marketing,NA,0,0,0,0,0,3,0,0,12,2.035,0.0,14.21,10.4,0.271,0,0,0
S00101,2026-09-09 02:02:00,tkamati,Customer Service,ZA,0,0,0,0,1,3,0,0,10,7.199,0.634,31.44,12.39,2.668,0,0,0
S00102,2026-09-13 21:46:00,nduminga,Customer Service,NA,0,0,0,0,1,1,0,0,13,8.95,6.989,10.39,11.16,1.273,0,0,0
S00103,2026-09-11 10:42:00,ntinda,Marketing,NA,0,0,0,0,1,1,0,0,14,17.911,3.097,19.59,19.1,3.876,0,0,0
S00104,2026-09-08 21:13:00,shilongo,Loans,NA,0,0,0,0,0,5,1,0,10,1.337,2.061,24.88,15.96,1.021,0,0,0
S00105,2026-09-13 20:53:00,jkavari,Finance,NA,0,0,0,1,1,3,1,0,23,2.476,3.261,37.8,12.48,0.227,0,0,0
S00106,2026-09-09 16:27:00,amupanda,Compliance,NA,0,0,0,0,1,1,0,0,17,36.308,0.0,22.29,7.31,1.101,0,0,0
S00107,2026-09-09 22:35:00,jkavari,Finance,NA,0,0,0,0,1,2,0,0,10,3.158,3.503,3.06,11.92,3.536,0,0,0
S00108,2026-09-11 20:59:00,hamukwaya,Treasury,NA,0,0,0,0,1,2,0,0,14,4.841,1.647,24.84,30.77,2.104,0,0,0
S00109,2026-09-10 23:16:00,mhaingura,Customer Service,NA,0,0,0,0,1,3,1,0,16,5.941,0.889,10.48,12.04,1.501,0,0,0
S00110,2026-09-11 06:46:00,shilongo,Loans,NA,0,0,0,0,1,5,0,1,17,5.332,0.606,15.38,28.25,7.202,0,0,1
S00111,2026-09-12 08:35:00,amupanda,Compliance,NA,0,0,0,1,1,3,0,0,11,14.983,0.854,42.1,13.94,0.454,0,0,0
S00112,2026-09-11 07:28:00,shapaka,Executive,NA,0,0,1,0,1,3,0,0,15,13.369,0.0,11.47,9.22,2.61,0,0,0
S00113,2026-09-07 09:05:00,mukwambi,Human Resources,NA,0,0,1,1,1,10,1,0,20,7.783,0.0,7.27,9.67,0.884,0,0,0
S00114,2026-09-11 21:41:00,sihuhua,Customer Service,NA,0,0,0,0,1,3,0,0,12,8.586,0.0,8.65,11.69,1.924,0,0,0
S00115,2026-09-09 11:12:00,nduminga,Customer Service,NA,0,0,1,1,1,3,1,0,13,19.115,1.117,0.97,26.69,1.009,0,0,0
S00116,2026-09-12 03:26:00,sankwasa,Procurement,NA,0,0,1,0,1,3,0,1,11,13.985,0.0,32.84,8.55,0.548,0,0,0
S00117,2026-09-09 14:47:00,amupanda,Compliance,NA,0,0,1,0,1,8,1,0,17,2.874,0.179,11.5,11.21,1.75,0,0,0
S00118,2026-09-11 21:09:00,mbandeka,Legal,NA,0,1,1,0,1,3,1,0,17,26.719,0.0,14.6,8.08,0.849,0,0,0
S00119,2026-09-07 15:59:00,mukwambi,Human Resources,ZA,1,0,3,1,1,2,0,0,10,2.972,0.282,2.14,29.44,0.987,0,0,1
S00120,2026-09-07 05:45:00,nghifindaka,Information Technology,NA,0,0,0,2,1,1,0,0,11,3.736,0.299,4.04,7.73,1.428,0,0,0
S00121,2026-09-10 18:06:00,mhaingura,Customer Service,NA,0,0,2,0,1,4,0,0,16,2.509,0.315,1.5,20.69,2.048,0,0,0
S00122,2026-09-11 04:20:00,sankwasa,Procurement,NA,0,0,1,3,0,6,0,0,6,6.222,0.0,22.32,5.64,1.727,0,0,0
S00123,2026-09-12 07:34:00,tkamati,Customer Service,NA,0,0,0,0,1,5,1,1,13,34.879,2.119,17.65,37.05,7.162,0,0,1
S00124,2026-09-07 17:04:00,murorua,Risk,NA,0,0,0,0,1,3,0,0,13,1.933,0.71,7.51,8.14,1.049,0,0,0
S00125,2026-09-13 09:02:00,haufiku,Information Technology,NA,1,0,0,0,1,3,1,0,15,8.528,1.79,2.74,6.84,3.005,0,0,0
S00126,2026-09-08 01:55:00,ndjaba,Customer Service,NA,0,1,0,0,1,2,0,0,17,3.456,0.419,18.08,2.68,1.138,0,0,0
S00127,2026-09-08 08:57:00,amupanda,Compliance,NA,0,0,1,0,1,3,0,1,8,18.589,0.023,6.2,16.39,0.664,0,0,0
S00128,2026-09-12 20:23:00,mbandeka,Legal,NA,0,1,1,0,1,4,0,0,12,1.41,0.0,19.53,2.26,1.533,0,0,0
S00129,2026-09-09 11:04:00,sankwasa,Procurement,NA,0,0,0,0,1,1,0,0,14,22.762,0.613,15.15,6.98,0.774,0,0,0
S00130,2026-09-11 21:40:00,hamukwaya,Treasury,NA,0,0,1,0,1,3,0,0,11,2.38,3.401,5.42,5.75,2.185,0,0,0
S00131,2026-09-10 22:08:00,shilongo,Loans,NA,0,1,0,0,1,4,0,0,14,9.675,1.497,8.87,35.45,1.159,0,0,0
S00132,2026-09-07 18:09:00,mukwambi,Human Resources,NA,0,0,1,0,1,4,1,0,22,1.585,0.0,2.03,23.4,0.686,0,0,0
S00133,2026-09-08 06:16:00,mukwambi,Human Resources,NA,0,1,1,0,1,5,0,0,8,3.901,0.904,20.83,1.23,2.047,0,0,0
S00134,2026-09-13 16:04:00,mhaingura,Customer Service,NA,0,0,0,0,0,2,0,0,18,3.751,0.089,1.47,8.18,0.755,0,0,0
S00135,2026-09-13 08:10:00,ntinda,Marketing,NA,0,0,1,2,1,5,1,1,9,7.976,0.07,10.37,15.53,0.928,0,1,1
S00136,2026-09-11 13:38:00,nambala,Loans,NA,0,0,1,0,1,3,1,0,10,8.718,0.0,5.21,9.58,1.857,0,0,0
S00137,2026-09-12 14:47:00,haufiku,Information Technology,NA,0,0,1,0,0,6,0,0,16,8.048,2.335,20.91,13.37,4.71,0,0,0
S00138,2026-09-08 15:13:00,shilongo,Loans,NA,0,0,0,0,1,5,0,0,11,9.168,0.039,6.57,4.09,1.808,0,0,0
S00139,2026-09-10 22:22:00,sihuhua,Customer Service,NA,0,1,0,0,1,1,0,0,13,16.354,2.179,20.61,19.06,2.082,0,0,0
S00140,2026-09-08 08:26:00,ntinda,Marketing,NA,0,0,0,0,0,4,0,0,17,10.613,0.0,18.64,9.59,2.51,0,0,0
S00141,2026-09-07 11:34:00,ndjaba,Customer Service,ZA,0,1,3,0,1,2,1,0,19,16.769,1.539,3.7,24.48,4.004,0,0,1
S00142,2026-09-09 03:09:00,murorua,Risk,NA,0,0,0,0,1,4,0,0,11,13.477,0.232,14.58,7.24,1.708,0,0,0
S00143,2026-09-09 16:56:00,ndjaba,Customer Service,NA,0,0,0,0,1,3,0,0,11,19.194,5.856,28.48,12.11,1.305,0,0,0
S00144,2026-09-13 05:38:00,tjirera,Internal Audit,NA,0,0,0,0,1,1,1,0,18,10.046,0.866,10.07,17.86,1.02,0,0,0
S00145,2026-09-11 01:32:00,jkavari,Finance,NA,0,0,0,0,1,3,0,0,16,15.697,0.0,30.55,19.55,1.302,0,0,0
S00146,2026-09-09 18:25:00,sihuhua,Customer Service,NA,0,0,0,0,1,5,0,0,8,2.719,0.0,22.81,8.42,1.155,0,0,0
S00147,2026-09-11 13:48:00,shapaka,Executive,NA,0,0,0,0,1,5,0,0,12,16.983,0.118,47.18,22.98,1.097,0,0,0
S00148,2026-09-07 20:29:00,tshivute,Finance,NA,0,0,0,0,1,3,0,1,9,24.151,1.615,19.2,22.29,0.869,0,0,0
S00149,2026-09-09 12:39:00,nghifindaka,Information Technology,NA,0,0,0,0,1,6,2,0,12,5.678,0.153,11.43,54.01,1.175,0,0,0
S00150,2026-09-13 20:01:00,pnakale,Human Resources,BW,0,0,3,0,1,7,0,1,8,7.726,3.15,21.99,17.02,1.537,0,0,0
S00151,2026-09-09 02:41:00,pnakale,Human Resources,ZA,0,0,2,0,1,3,0,0,11,18.371,0.0,9.97,15.26,0.349,0,0,0
S00152,2026-09-08 16:18:00,mbandeka,Legal,NA,0,0,0,0,1,5,0,0,5,1.713,1.997,21.11,35.53,1.228,0,0,0
S00153,2026-09-08 03:35:00,shilongo,Loans,NA,0,0,2,0,1,1,0,0,10,7.125,0.0,28.81,4.15,0.433,0,0,1
S00154,2026-09-12 12:41:00,kndjavera,Compliance,NA,0,0,0,0,1,5,1,0,9,11.396,0.599,30.49,7.97,4.713,0,0,0
S00155,2026-09-10 07:40:00,mhaingura,Customer Service,NA,0,0,0,1,1,2,2,1,15,30.052,0.362,34.13,5.2,1.833,0,0,0
S00156,2026-09-07 18:58:00,tkamati,Customer Service,NA,0,0,0,1,1,1,0,0,6,15.937,0.522,7.73,26.97,2.475,0,0,0
S00157,2026-09-07 21:32:00,shilongo,Loans,NA,0,0,0,0,1,2,0,0,15,4.948,0.783,8.83,17.95,0.343,0,0,0
S00158,2026-09-09 05:31:00,tjirera,Internal Audit,NA,0,0,0,0,1,4,1,0,8,13.748,0.0,18.48,16.01,1.729,0,0,0
S00159,2026-09-13 12:41:00,jkavari,Finance,BW,1,0,0,0,1,8,1,0,11,9.578,0.0,13.63,25.44,6.503,0,0,1
S00160,2026-09-12 18:56:00,shilongo,Loans,NA,0,0,0,1,1,3,1,0,15,9.563,7.43,15.43,24.01,3.658,0,1,1
S00161,2026-09-09 22:00:00,pnakale,Human Resources,ZA,0,0,1,0,0,2,0,0,14,12.734,0.0,29.1,19.95,1.203,0,0,0
S00162,2026-09-07 12:37:00,tshivute,Finance,NA,0,0,0,1,1,8,0,1,13,3.84,0.0,9.17,15.96,0.92,0,0,0
S00163,2026-09-10 16:30:00,jkavari,Finance,NA,0,0,0,0,1,4,0,0,14,36.357,0.0,34.35,6.72,1.21,0,0,0
S00164,2026-09-10 17:42:00,nambala,Loans,NA,0,1,0,0,1,5,2,2,25,14.17,0.0,12.22,3.23,1.509,0,0,0
S00165,2026-09-07 13:25:00,nduminga,Customer Service,NA,0,0,0,1,1,5,0,0,12,7.807,0.584,45.5,13.39,0.512,0,0,0
S00166,2026-09-12 12:14:00,tjirera,Internal Audit,NA,0,0,0,0,1,3,0,0,8,16.107,0.798,5.52,6.72,2.554,0,0,0
S00167,2026-09-08 07:46:00,tjirera,Internal Audit,NA,0,0,0,0,1,2,0,0,12,2.193,2.861,2.58,13.24,1.571,0,0,0
S00168,2026-09-08 02:01:00,pnakale,Human Resources,NA,0,0,1,1,1,2,0,0,12,5.253,0.63,25.01,10.72,1.225,0,0,0
S00169,2026-09-12 18:21:00,haufiku,Information Technology,NA,0,0,0,0,1,3,1,0,14,13.478,0.0,21.87,5.92,1.526,0,0,0
S00170,2026-09-07 18:01:00,tkamati,Customer Service,ZA,0,0,1,0,1,1,0,0,15,17.634,0.0,18.53,0.47,0.281,0,0,0
S00171,2026-09-13 17:19:00,murorua,Risk,NA,0,0,0,0,0,4,0,0,14,22.593,0.0,4.4,7.7,1.105,0,0,0
S00172,2026-09-13 15:59:00,tshivute,Finance,ZA,0,0,1,0,1,2,0,0,15,4.799,0.0,1.24,4.08,1.287,0,0,0
S00173,2026-09-08 09:14:00,amupanda,Compliance,NA,0,0,2,0,1,4,3,0,21,14.478,1.543,34.68,18.64,0.569,0,0,0
S00174,2026-09-07 04:54:00,nghifindaka,Information Technology,NA,0,0,2,0,1,3,2,0,22,7.691,0.27,11.5,24.05,1.942,0,0,0
S00175,2026-09-09 01:32:00,mukwambi,Human Resources,NA,0,0,0,0,1,3,0,0,10,31.7,3.643,21.31,4.71,1.34,0,0,0
S00176,2026-09-13 07:16:00,shapaka,Executive,NA,0,0,0,0,1,7,0,0,11,24.225,3.118,28.34,3.66,0.828,0,0,0
S00177,2026-09-10 12:41:00,tshivute,Finance,NA,0,0,0,0,1,5,1,0,12,5.753,0.0,13.89,16.6,0.614,0,0,0
S00178,2026-09-10 14:47:00,shilongo,Loans,ZA,0,0,2,1,1,4,0,0,15,26.415,1.124,17.35,9.67,0.814,0,0,0
S00179,2026-09-08 19:06:00,mukwambi,Human Resources,NA,0,0,0,0,1,5,1,0,15,4.05,0.0,9.65,15.74,1.676,0,0,0
S00180,2026-09-14 00:16:00,sihuhua,Customer Service,NA,0,0,0,0,1,2,0,2,11,2.583,0.0,23.8,14.56,1.787,0,0,0
S00181,2026-09-08 18:32:00,amupanda,Compliance,ZA,1,0,0,0,1,2,0,0,12,1.815,1.868,1.76,3.62,2.966,0,0,1
S00182,2026-09-13 15:28:00,ntinda,Marketing,NA,0,0,2,0,1,3,0,0,9,4.106,0.521,1.05,13.56,0.61,0,0,0
S00183,2026-09-07 12:36:00,tjirera,Internal Audit,NA,0,0,1,1,1,5,0,0,12,22.506,0.422,9.04,2.67,1.687,0,0,0
S00184,2026-09-09 09:58:00,kndjavera,Compliance,ZA,1,0,2,0,1,3,2,0,22,17.985,2.378,35.95,44.24,0.288,0,0,1
S00185,2026-09-13 06:28:00,murorua,Risk,NA,0,0,0,0,1,3,0,0,20,6.414,0.262,4.37,3.41,0.849,0,0,1
S00186,2026-09-12 02:07:00,kndjavera,Compliance,NA,0,0,0,0,1,4,1,0,15,11.918,5.076,22.67,10.03,2.798,0,0,0
S00187,2026-09-14 06:20:00,nambala,Loans,NA,0,0,0,0,1,2,0,0,14,13.612,0.345,16.0,19.77,1.25,0,0,0
S00188,2026-09-09 11:44:00,jkavari,Finance,NA,0,0,1,0,1,4,0,0,7,5.584,0.757,11.95,1.9,3.083,0,0,1
S00189,2026-09-12 00:20:00,nambala,Loans,NA,0,0,0,0,0,8,0,0,11,2.004,0.0,24.16,4.13,1.066,0,0,0
S00190,2026-09-10 10:21:00,murorua,Risk,NA,0,0,1,2,1,7,1,2,16,9.741,0.928,14.89,9.52,1.648,0,1,1
S00191,2026-09-08 10:19:00,sihuhua,Customer Service,NA,0,0,1,0,1,4,0,0,8,15.067,0.0,10.63,5.9,1.034,0,0,0
S00192,2026-09-10 22:46:00,kndjavera,Compliance,BW,0,0,1,1,1,5,0,0,16,3.205,0.0,11.32,11.65,4.168,0,0,0
S00193,2026-09-07 08:31:00,katjiuongua,Information Technology,NA,0,0,2,0,1,4,1,0,15,8.63,0.0,8.15,23.72,2.655,0,0,0
S00194,2026-09-12 13:05:00,sihuhua,Customer Service,NA,0,0,0,0,1,2,0,1,12,13.188,0.498,29.65,9.87,1.555,0,0,0
S00195,2026-09-12 20:27:00,amupanda,Compliance,NA,0,0,0,0,1,4,1,0,19,11.774,1.519,7.02,17.68,0.714,0,0,0
S00196,2026-09-12 19:14:00,mbandeka,Legal,NA,0,0,0,0,1,5,0,0,9,7.758,0.512,8.71,2.75,1.687,0,0,0
S00197,2026-09-07 01:47:00,nambala,Loans,NA,0,0,0,0,1,3,0,0,6,27.818,0.198,9.29,15.69,1.726,0,0,0
S00198,2026-09-09 11:30:00,ntinda,Marketing,NA,0,0,0,0,1,5,1,1,23,9.363,1.614,14.5,5.45,0.206,0,0,0
S00199,2026-09-13 14:15:00,katjiuongua,Information Technology,NA,0,1,0,0,1,2,0,0,13,10.47,1.846,12.46,30.42,0.753,0,0,0
S00200,2026-09-08 14:50:00,mbandeka,Legal,NA,0,0,0,0,0,4,3,2,13,32.442,0.0,14.0,14.55,2.238,0,1,1
S00201,2026-09-09 19:21:00,amupanda,Compliance,NA,0,0,0,0,1,1,0,0,14,2.914,0.0,15.8,6.85,1.56,0,0,0
S00202,2026-09-10 13:07:00,shapaka,Executive,NA,0,0,0,0,0,3,0,0,14,6.07,0.0,33.67,4.1,0.943,0,0,0
S00203,2026-09-12 19:09:00,kndjavera,Compliance,NA,0,0,1,0,1,1,1,0,12,2.095,0.0,31.08,28.06,1.951,0,0,0
S00204,2026-09-10 04:56:00,nambala,Loans,NA,0,0,1,0,1,1,0,0,14,17.906,0.0,7.72,25.51,5.418,0,0,1
S00205,2026-09-07 02:39:00,nambala,Loans,NA,0,0,0,0,1,1,0,0,15,4.98,0.55,12.33,27.54,1.043,0,0,1
S00206,2026-09-08 03:55:00,tjirera,Internal Audit,NA,0,0,1,1,1,3,0,0,7,5.447,0.421,1.96,30.83,0.987,0,0,0
S00207,2026-09-09 18:00:00,mbandeka,Legal,NA,0,0,0,0,1,2,0,0,12,1.255,1.486,17.26,10.73,2.671,0,0,0
S00208,2026-09-07 11:52:00,mukwambi,Human Resources,NA,0,0,0,1,1,6,0,1,9,3.396,0.033,15.98,29.88,2.033,0,0,0
S00209,2026-09-07 18:27:00,shapaka,Executive,NA,0,0,0,0,1,1,0,0,12,5.567,0.0,32.15,4.86,0.443,0,0,0
S00210,2026-09-10 04:46:00,hamukwaya,Treasury,NA,0,0,0,0,1,2,0,0,11,19.381,1.707,24.28,3.28,1.092,0,0,0
S00211,2026-09-10 17:28:00,haufiku,Information Technology,NA,0,0,0,0,1,2,0,0,11,3.125,0.0,22.89,8.46,0.622,0,0,0
S00212,2026-09-08 06:23:00,ntinda,Marketing,NA,1,0,0,0,0,3,0,1,11,5.055,0.0,6.18,19.36,0.588,0,0,1
S00213,2026-09-08 23:03:00,sankwasa,Procurement,NA,0,0,0,0,1,3,2,0,11,3.226,0.0,9.81,5.66,1.108,0,0,0
S00214,2026-09-12 20:45:00,ntinda,Marketing,NA,0,0,3,1,1,5,2,0,19,28.595,0.0,12.54,4.69,0.82,0,1,1
S00215,2026-09-09 16:44:00,ndjaba,Customer Service,NA,0,0,1,1,1,1,0,0,20,1.993,0.041,24.99,18.25,4.677,0,0,1
S00216,2026-09-10 03:20:00,kndjavera,Compliance,NA,0,0,0,0,0,5,2,1,21,72.859,0.0,36.92,6.3,1.968,0,0,0
S00217,2026-09-08 05:28:00,murorua,Risk,NA,0,1,0,0,1,2,0,0,12,10.383,0.015,3.42,4.82,0.539,0,0,0
S00218,2026-09-10 18:48:00,haufiku,Information Technology,NA,0,0,1,1,1,3,0,0,13,7.867,0.5,23.25,3.16,2.08,0,0,0
S00219,2026-09-13 20:03:00,murorua,Risk,NA,0,0,1,0,1,5,1,1,17,3.847,0.584,24.46,15.37,4.324,0,0,1
S00220,2026-09-10 23:34:00,mbandeka,Legal,NA,0,0,1,0,1,2,0,0,10,6.09,0.393,16.27,6.64,3.829,0,0,0
S00221,2026-09-07 04:52:00,hamukwaya,Treasury,NA,0,0,1,1,1,2,0,0,10,8.553,0.0,4.95,13.67,1.382,0,0,0
S00222,2026-09-07 09:03:00,jkavari,Finance,NA,0,0,0,0,1,6,1,0,12,1.34,0.856,6.13,22.09,2.041,0,0,0
S00223,2026-09-13 21:58:00,hamukwaya,Treasury,ZA,0,0,0,0,1,3,0,0,6,10.626,0.849,6.85,1.24,0.122,0,0,0
S00224,2026-09-08 03:06:00,murorua,Risk,BW,0,0,2,1,1,5,1,0,16,16.891,1.631,18.24,5.87,1.961,0,0,0
S00225,2026-09-09 08:20:00,nduminga,Customer Service,NA,0,0,1,1,1,1,0,0,7,1.27,3.249,5.2,15.96,1.285,0,0,0
S00226,2026-09-13 03:38:00,shapaka,Executive,NA,0,0,0,0,1,2,0,0,11,5.532,0.0,12.91,38.12,0.27,0,0,0
S00227,2026-09-08 00:10:00,pnakale,Human Resources,NA,0,0,0,1,1,4,0,0,18,9.18,0.0,19.05,8.54,2.406,0,0,0
S00228,2026-09-09 17:17:00,tjirera,Internal Audit,NA,0,0,0,0,1,2,0,0,14,14.414,0.492,7.43,26.49,1.565,0,0,0
S00229,2026-09-10 23:43:00,sihuhua,Customer Service,NA,0,0,0,0,1,1,0,0,10,1.86,1.216,2.94,2.81,2.555,0,0,0
S00230,2026-09-10 07:38:00,sihuhua,Customer Service,NA,0,0,0,0,1,11,2,0,19,12.286,0.0,34.15,6.62,0.782,0,0,0
S00231,2026-09-10 07:59:00,tshivute,Finance,NA,0,0,1,0,1,1,0,0,11,16.237,0.684,10.9,12.01,0.454,0,0,0
S00232,2026-09-07 11:58:00,tshivute,Finance,NA,0,0,0,0,1,1,0,0,15,13.918,0.0,2.03,1.26,0.56,0,0,0
S00233,2026-09-10 01:49:00,amupanda,Compliance,NA,0,0,1,0,1,2,0,0,18,7.714,0.617,32.05,35.03,0.838,0,0,0
S00234,2026-09-08 09:01:00,nghifindaka,Information Technology,NA,0,0,1,0,1,4,2,1,8,10.085,0.0,37.18,37.66,1.85,0,0,1
S00235,2026-09-07 14:46:00,hamukwaya,Treasury,NA,0,0,0,0,1,4,0,0,11,2.404,0.143,0.7,16.39,1.393,0,0,0
S00236,2026-09-07 11:02:00,nduminga,Customer Service,NA,0,0,1,0,1,4,2,2,15,16.569,0.913,10.79,1.76,0.354,0,1,0
S00237,2026-09-14 01:14:00,amupanda,Compliance,NA,0,0,0,0,1,1,0,0,8,1.481,0.0,7.83,19.37,1.993,0,0,0
S00238,2026-09-09 13:51:00,mbandeka,Legal,NA,0,0,1,1,1,2,0,0,18,1.894,0.0,11.98,10.39,0.52,0,0,0
S00239,2026-09-08 09:05:00,nnakale,Customer Service,ZA,0,0,3,2,1,5,1,0,24,17.755,2.088,7.63,12.04,0.844,0,1,1
S00240,2026-09-07 08:06:00,tkamati,Customer Service,NA,0,0,1,1,1,2,1,2,11,12.984,0.0,51.79,4.62,2.157,0,1,1
S00241,2026-09-10 10:12:00,murorua,Risk,NA,0,0,0,0,1,5,0,0,19,20.209,0.0,30.09,35.03,3.233,0,0,0
S00242,2026-09-07 09:17:00,mhaingura,Customer Service,NA,0,0,1,1,1,2,0,0,18,9.947,4.542,6.67,5.74,3.079,0,0,0
S00243,2026-09-11 19:18:00,kndjavera,Compliance,NA,0,0,1,0,1,5,1,0,27,66.853,0.0,22.94,2.02,3.599,0,0,0
S00244,2026-09-11 07:18:00,katjiuongua,Information Technology,NA,0,0,0,0,1,4,1,0,13,2.116,0.255,28.6,14.39,2.861,0,0,0
S00245,2026-09-09 13:10:00,shapaka,Executive,NA,0,0,1,0,1,4,0,0,17,10.133,3.015,33.6,39.49,0.735,0,0,0
S00246,2026-09-12 19:47:00,tjirera,Internal Audit,NA,0,1,1,2,1,3,1,2,15,3.029,0.0,12.85,1.52,3.815,0,0,1
S00247,2026-09-12 22:11:00,katjiuongua,Information Technology,NA,0,0,1,1,1,6,1,1,18,12.437,0.0,19.98,36.67,3.404,0,0,1
S00248,2026-09-12 04:21:00,nambala,Loans,NA,0,1,0,0,1,3,1,0,16,5.567,0.508,11.2,5.93,2.301,0,0,0
S00249,2026-09-12 21:16:00,katjiuongua,Information Technology,NA,0,0,1,0,1,2,1,0,15,9.683,0.0,6.19,8.86,2.553,0,0,0
S00250,2026-09-07 21:00:00,katjiuongua,Information Technology,ZA,0,0,3,1,1,4,0,0,13,5.156,1.533,21.28,46.65,2.868,0,0,1
S00251,2026-09-13 03:50:00,haufiku,Information Technology,NA,0,0,0,0,1,1,0,0,9,4.968,1.361,33.56,16.98,1.747,0,0,0
S00252,2026-09-11 18:56:00,sihuhua,Customer Service,NA,0,0,0,0,1,2,0,0,11,6.086,0.0,51.39,16.45,5.731,0,0,1
S00253,2026-09-10 04:25:00,shapaka,Executive,NA,0,0,0,0,1,1,0,0,11,3.154,0.0,7.8,17.88,0.95,0,0,0
S00254,2026-09-08 07:11:00,jkavari,Finance,NA,0,0,0,1,1,7,2,0,16,16.906,0.0,7.37,3.71,0.336,0,0,0
S00255,2026-09-12 11:56:00,amupanda,Compliance,NA,0,0,0,1,1,1,0,0,17,19.375,0.0,3.85,3.08,5.174,0,0,0
S00256,2026-09-13 23:12:00,murorua,Risk,NA,0,0,1,1,1,2,0,0,12,4.653,0.0,5.03,11.05,3.053,0,0,0
S00257,2026-09-07 19:09:00,nduminga,Customer Service,NA,0,0,0,0,1,1,0,1,17,1.143,0.194,8.74,2.64,1.331,0,0,0
S00258,2026-09-10 11:18:00,ntinda,Marketing,NA,0,0,0,0,1,1,0,0,12,3.677,0.167,5.01,22.84,1.491,0,0,0
S00259,2026-09-11 11:14:00,tshivute,Finance,NA,0,0,0,0,1,2,1,0,17,10.905,2.487,24.45,7.18,2.28,0,0,0
S00260,2026-09-10 11:28:00,sankwasa,Procurement,NA,0,0,1,0,1,3,0,0,9,8.508,0.531,32.93,26.91,1.009,0,0,0
S00261,2026-09-08 07:29:00,haufiku,Information Technology,NA,0,0,0,0,1,5,2,0,23,19.328,0.0,1.51,10.27,2.903,0,0,0
S00262,2026-09-13 06:18:00,nghifindaka,Information Technology,NA,0,0,0,0,1,1,0,0,11,6.012,0.0,10.39,21.75,1.988,0,0,0
S00263,2026-09-07 21:38:00,nduminga,Customer Service,NA,0,0,0,0,0,3,0,0,14,7.798,0.0,9.13,2.75,0.679,0,0,0
S00264,2026-09-12 14:36:00,murorua,Risk,NA,0,0,1,0,0,4,0,0,7,89.512,0.0,16.76,17.51,2.586,0,0,0
S00265,2026-09-10 16:14:00,shilongo,Loans,NA,0,1,1,0,1,2,0,1,12,16.163,0.0,28.75,19.7,0.469,0,0,0
S00266,2026-09-07 09:27:00,mukwambi,Human Resources,NA,0,0,0,1,1,2,0,0,11,6.339,1.366,37.48,4.47,1.372,0,0,0
S00267,2026-09-12 22:41:00,ntinda,Marketing,NA,0,1,1,0,1,5,0,0,11,7.422,0.063,9.67,14.36,0.437,0,0,1
S00268,2026-09-09 03:21:00,mhaingura,Customer Service,NA,0,0,0,1,0,1,0,0,14,8.768,0.42,15.41,11.6,0.148,0,0,0
S00269,2026-09-14 03:08:00,mbandeka,Legal,BW,1,0,1,0,1,2,0,0,15,15.042,0.657,20.28,4.6,1.067,0,0,0
S00270,2026-09-11 08:35:00,kndjavera,Compliance,NA,0,0,0,0,1,2,0,0,12,9.52,1.298,8.06,11.05,2.125,0,0,0
S00271,2026-09-13 13:02:00,jkavari,Finance,NA,0,0,0,0,1,1,0,0,10,1.787,1.221,18.08,14.57,2.546,0,0,0
S00272,2026-09-10 23:35:00,tjirera,Internal Audit,NA,0,1,0,0,1,2,1,0,19,22.769,5.33,21.41,15.35,0.547,0,0,0
S00273,2026-09-12 17:52:00,tkamati,Customer Service,NA,0,0,2,0,1,5,0,0,13,24.186,0.19,27.65,8.61,1.901,0,0,0
S00274,2026-09-13 21:39:00,jkavari,Finance,NA,0,0,1,1,1,3,0,1,12,3.417,0.104,3.63,24.8,0.665,0,0,0
S00275,2026-09-12 02:54:00,pnakale,Human Resources,NA,0,0,0,0,1,5,0,0,13,29.253,2.641,18.97,2.61,1.9,0,0,0
S00276,2026-09-10 19:06:00,amupanda,Compliance,NA,0,0,0,0,1,4,1,0,17,4.565,0.0,4.62,10.06,4.297,0,0,0
S00277,2026-09-13 08:01:00,sihuhua,Customer Service,NA,0,0,0,0,1,3,1,0,9,18.463,2.072,12.02,8.8,2.316,0,0,0
S00278,2026-09-07 07:26:00,haufiku,Information Technology,NA,0,0,0,0,0,3,1,0,19,3.727,0.0,15.47,6.11,2.148,0,0,0
S00279,2026-09-07 16:15:00,shapaka,Executive,NA,0,0,1,1,1,3,0,0,10,30.821,0.586,42.68,43.34,2.295,0,0,1
S00280,2026-09-11 14:28:00,sankwasa,Procurement,NA,0,0,0,0,1,3,0,0,21,7.986,1.957,7.38,18.18,2.214,0,0,0
S00281,2026-09-09 23:22:00,ndjaba,Customer Service,NA,0,0,0,0,1,4,0,1,13,21.71,0.538,9.24,28.38,0.075,0,0,0
S00282,2026-09-09 00:01:00,tkamati,Customer Service,NA,0,0,0,0,1,3,0,0,9,28.044,0.428,4.04,23.68,0.583,0,0,0
S00283,2026-09-07 15:35:00,hamukwaya,Treasury,NA,0,0,1,1,1,2,0,0,6,2.641,0.0,35.93,15.24,4.39,0,0,1
S00284,2026-09-09 10:36:00,tjirera,Internal Audit,NA,0,0,0,0,1,3,1,0,17,31.105,2.448,24.88,1.75,0.292,0,0,0
S00285,2026-09-13 01:14:00,nnakale,Customer Service,NA,0,0,0,1,1,3,0,0,7,5.98,0.107,11.08,19.76,5.046,0,0,0
S00286,2026-09-08 16:29:00,kndjavera,Compliance,NA,0,0,0,0,1,4,1,0,11,7.113,1.025,26.37,5.86,1.045,0,0,0
S00287,2026-09-11 20:34:00,jkavari,Finance,NA,0,0,0,0,1,5,0,0,8,13.536,4.027,22.78,2.74,0.76,0,0,0
S00288,2026-09-09 22:33:00,sihuhua,Customer Service,NA,1,0,1,0,1,4,0,0,14,2.141,0.0,17.03,8.08,3.33,0,0,1
S00289,2026-09-07 01:28:00,haufiku,Information Technology,ZA,1,0,3,0,1,5,1,1,19,6.974,0.0,1.42,9.88,1.521,0,0,0
S00290,2026-09-10 10:14:00,hamukwaya,Treasury,NA,1,0,0,0,1,4,0,0,13,7.241,0.547,3.34,8.63,0.696,0,0,0
S00291,2026-09-08 16:38:00,kndjavera,Compliance,NA,0,0,2,1,1,4,0,0,12,4.309,0.893,19.35,1.51,1.555,0,0,0
S00292,2026-09-13 04:54:00,mbandeka,Legal,NA,0,1,0,0,1,3,0,0,11,4.256,1.069,20.74,15.51,2.833,0,0,0
S00293,2026-09-08 02:01:00,hamukwaya,Treasury,NA,0,0,0,0,1,6,1,0,19,4.784,0.0,2.83,12.88,1.074,0,1,0
S00294,2026-09-12 20:43:00,mbandeka,Legal,ZA,0,0,1,0,1,5,1,1,14,22.17,0.0,28.15,19.49,2.024,0,1,1
S00295,2026-09-13 08:20:00,shilongo,Loans,NA,0,0,1,0,1,3,0,1,9,5.339,0.0,30.89,30.84,4.318,0,0,1
S00296,2026-09-09 13:08:00,mukwambi,Human Resources,NA,0,0,0,0,1,5,0,0,11,9.182,0.0,33.06,20.68,1.834,0,0,0
S00297,2026-09-13 21:21:00,ntinda,Marketing,NA,0,0,0,0,1,2,0,0,10,5.279,0.496,20.53,48.34,0.286,0,0,0
S00298,2026-09-09 06:17:00,mukwambi,Human Resources,NA,0,0,1,2,1,3,0,0,12,6.163,3.027,13.91,16.84,1.869,0,0,0
S00299,2026-09-14 05:59:00,jkavari,Finance,NA,0,0,2,1,1,4,0,1,7,6.221,0.658,36.65,36.52,0.7,0,0,0
S00300,2026-09-11 20:52:00,tjirera,Internal Audit,NA,0,0,1,0,0,3,1,0,13,1.652,0.285,25.45,30.31,4.217,0,0,1
S00301,2026-09-09 01:53:00,jkavari,Finance,ZA,0,1,0,0,1,1,0,0,13,1.869,0.0,18.96,19.03,0.225,0,0,0
S00302,2026-09-07 22:56:00,shilongo,Loans,NA,0,0,1,0,0,4,0,0,15,3.345,0.0,12.18,15.25,0.613,0,0,0
S00303,2026-09-13 00:09:00,kndjavera,Compliance,NA,0,0,2,0,1,6,0,0,13,14.85,0.0,10.16,12.23,3.148,0,0,0
S00304,2026-09-10 09:46:00,tjirera,Internal Audit,NA,0,0,0,0,1,3,1,0,16,6.973,0.0,15.31,43.18,2.662,0,0,0
S00305,2026-09-12 17:02:00,nnakale,Customer Service,NA,0,0,1,1,1,4,0,0,12,5.374,0.0,14.77,8.78,0.656,0,0,0
S00306,2026-09-08 00:17:00,mbandeka,Legal,NA,0,0,0,1,0,1,0,0,16,1.74,0.646,17.8,9.25,1.012,0,0,0
S00307,2026-09-13 23:02:00,tkamati,Customer Service,NA,0,0,1,0,1,5,0,0,10,2.51,0.564,9.82,14.52,0.697,0,0,0
S00308,2026-09-07 12:59:00,haufiku,Information Technology,NA,0,0,0,0,1,4,3,2,26,17.518,1.111,29.48,3.56,1.503,0,0,0
S00309,2026-09-08 16:13:00,mukwambi,Human Resources,NA,0,0,0,0,1,4,0,0,13,28.102,1.121,18.83,20.57,1.645,0,0,0
S00310,2026-09-09 20:43:00,sankwasa,Procurement,NA,0,0,0,0,1,6,0,0,10,10.231,1.452,11.6,15.27,0.124,0,0,0
S00311,2026-09-09 20:04:00,shilongo,Loans,NA,0,1,0,0,1,2,0,0,19,3.982,1.593,15.01,15.25,2.892,0,0,0
S00312,2026-09-08 00:50:00,mhaingura,Customer Service,NA,0,0,2,0,1,2,0,0,11,20.182,0.0,4.61,6.03,0.388,0,0,0
S00313,2026-09-11 10:00:00,kndjavera,Compliance,NA,0,0,0,0,1,3,0,1,14,15.198,0.268,12.99,7.18,2.997,0,0,0
S00314,2026-09-08 09:36:00,nnakale,Customer Service,NA,0,0,1,0,1,5,0,0,13,1.335,0.25,4.65,5.19,2.381,0,0,0
S00315,2026-09-07 08:09:00,haufiku,Information Technology,NA,0,0,0,0,1,8,2,0,17,61.469,0.0,3.39,6.57,2.252,0,0,0
S00316,2026-09-08 11:18:00,mhaingura,Customer Service,NA,0,0,0,0,0,3,0,0,14,8.335,0.0,28.72,8.67,1.079,0,0,0
S00317,2026-09-09 19:04:00,shapaka,Executive,NA,0,0,0,0,1,4,0,0,8,3.142,0.006,24.02,11.94,0.675,0,0,0
S00318,2026-09-08 09:22:00,nghifindaka,Information Technology,NA,0,0,0,1,1,4,0,1,6,26.633,0.728,6.16,27.67,1.093,0,0,0
S00319,2026-09-13 07:13:00,tjirera,Internal Audit,NA,0,0,0,0,1,4,0,0,14,5.103,0.539,8.01,9.45,0.883,0,0,1
S00320,2026-09-11 08:10:00,jkavari,Finance,NA,0,0,0,0,1,2,0,0,19,2.099,0.322,33.28,10.37,1.459,0,0,0
S00321,2026-09-07 03:36:00,nambala,Loans,ZA,1,0,0,0,1,2,0,1,12,8.72,0.0,22.87,15.41,2.74,0,0,1
S00322,2026-09-11 14:32:00,nnakale,Customer Service,NA,0,0,0,0,1,7,0,0,15,2.519,1.164,11.16,25.26,1.156,0,0,0
S00323,2026-09-09 23:30:00,mbandeka,Legal,NA,0,1,0,1,1,2,0,0,10,4.639,0.0,26.49,1.96,2.932,0,0,1
S00324,2026-09-07 21:47:00,tjirera,Internal Audit,NA,0,0,2,0,0,3,1,0,13,13.753,1.22,1.4,7.52,1.219,0,0,0
S00325,2026-09-13 11:18:00,katjiuongua,Information Technology,NA,0,0,0,0,0,3,1,1,21,16.738,0.0,16.12,2.74,3.555,0,0,0
S00326,2026-09-12 01:16:00,nnakale,Customer Service,ZA,0,0,3,0,1,5,0,0,5,35.672,0.0,29.64,34.66,0.897,0,0,0
S00327,2026-09-08 22:53:00,hamukwaya,Treasury,NA,0,0,2,3,1,5,0,0,11,2.989,4.618,6.61,27.73,3.206,0,0,1
S00328,2026-09-13 05:42:00,nghifindaka,Information Technology,ZA,0,0,1,1,1,1,0,0,15,6.217,0.835,5.17,2.2,1.807,0,0,0
S00329,2026-09-08 21:59:00,hamukwaya,Treasury,NA,0,0,0,0,1,7,1,0,15,7.11,1.652,9.86,6.83,0.906,0,1,0
S00330,2026-09-13 18:49:00,mhaingura,Customer Service,NA,0,0,2,1,1,1,1,0,17,56.902,0.507,53.42,19.77,2.461,0,0,1
S00331,2026-09-08 19:19:00,nghifindaka,Information Technology,NA,0,0,0,0,1,5,1,0,15,10.359,3.889,11.52,14.69,3.133,0,0,0
S00332,2026-09-09 00:47:00,murorua,Risk,NA,0,0,0,0,1,3,1,1,17,6.625,0.821,19.84,7.37,5.36,0,1,1
S00333,2026-09-08 06:38:00,ndjaba,Customer Service,NA,0,0,0,0,1,1,0,1,10,5.704,0.789,10.81,35.18,1.313,0,0,0
S00334,2026-09-09 03:54:00,ndjaba,Customer Service,NA,0,0,0,0,1,6,0,1,8,8.49,2.315,11.03,3.78,0.066,0,0,0
S00335,2026-09-09 04:15:00,mukwambi,Human Resources,NA,0,0,1,0,1,2,1,1,11,78.243,0.46,1.34,14.38,1.406,0,0,0
S00336,2026-09-12 19:46:00,mbandeka,Legal,NA,0,1,1,1,1,1,0,0,15,12.958,0.703,33.51,11.49,2.116,0,0,1
S00337,2026-09-11 20:14:00,tjirera,Internal Audit,NA,0,0,1,0,1,3,0,0,9,13.133,2.085,33.11,19.89,1.464,0,0,0
S00338,2026-09-14 04:52:00,sankwasa,Procurement,NA,0,0,0,0,1,4,0,0,9,7.748,0.385,6.89,1.8,0.248,0,0,0
S00339,2026-09-09 09:17:00,ntinda,Marketing,NA,0,0,0,0,1,2,1,0,15,17.168,0.0,46.44,5.22,0.36,0,0,0
S00340,2026-09-12 17:11:00,katjiuongua,Information Technology,NA,0,0,0,0,1,4,1,0,17,11.272,0.0,6.3,28.21,0.192,0,0,0
S00341,2026-09-07 18:47:00,ntinda,Marketing,NA,0,0,0,0,1,6,0,0,19,6.069,0.644,34.88,11.57,0.354,0,0,1
S00342,2026-09-13 13:38:00,haufiku,Information Technology,NA,0,0,0,1,1,2,0,0,7,4.108,0.0,10.36,14.19,0.995,0,0,0
S00343,2026-09-07 04:46:00,tkamati,Customer Service,ZA,0,0,2,2,1,2,1,0,12,11.087,1.278,5.7,3.36,0.221,1,0,0
S00344,2026-09-09 05:28:00,haufiku,Information Technology,NA,0,0,0,0,1,1,1,0,19,6.494,0.0,9.22,12.99,1.79,0,0,0
S00345,2026-09-13 20:55:00,tjirera,Internal Audit,NA,0,1,0,0,1,5,0,0,16,10.133,0.0,43.34,17.43,0.31,0,0,0
S00346,2026-09-08 12:44:00,jkavari,Finance,NA,0,0,1,1,1,2,0,0,13,13.035,3.108,16.49,17.05,0.249,0,0,0
S00347,2026-09-12 20:19:00,mbandeka,Legal,NA,1,0,0,0,0,3,0,0,17,12.843,0.605,19.93,2.44,1.212,0,0,0
S00348,2026-09-10 14:00:00,mukwambi,Human Resources,NA,0,1,0,0,1,1,0,0,9,4.351,1.535,2.09,4.44,2.653,0,0,0
S00349,2026-09-13 09:16:00,kndjavera,Compliance,NA,0,0,1,0,1,2,0,0,17,4.393,0.0,39.99,10.21,0.953,0,0,0
S00350,2026-09-09 09:54:00,shapaka,Executive,NA,0,1,1,1,1,3,0,0,15,12.198,5.939,19.33,11.58,4.057,0,0,1
S00351,2026-09-13 01:32:00,mhaingura,Customer Service,NA,0,0,1,0,1,5,2,1,19,41.01,1.432,28.82,3.83,3.804,0,0,1
S00352,2026-09-12 19:45:00,tkamati,Customer Service,NA,0,1,1,0,1,6,0,0,7,6.306,1.552,1.65,8.91,1.063,0,0,0
S00353,2026-09-12 05:46:00,hamukwaya,Treasury,NA,0,0,0,0,1,4,0,0,10,18.124,0.0,38.99,2.67,2.236,0,0,0
S00354,2026-09-08 07:26:00,shilongo,Loans,NA,0,0,0,0,1,3,0,0,12,7.481,0.079,15.39,8.59,0.025,0,0,0
S00355,2026-09-07 17:15:00,nghifindaka,Information Technology,NA,0,0,0,0,1,1,0,0,14,2.418,0.23,11.88,16.0,0.006,0,0,1
S00356,2026-09-07 12:37:00,mhaingura,Customer Service,NA,0,0,0,0,1,3,0,0,9,9.439,2.123,20.71,27.11,0.28,0,0,0
S00357,2026-09-09 23:08:00,tshivute,Finance,BW,0,0,2,0,1,4,0,1,14,5.253,0.0,13.69,15.85,3.31,0,0,0
S00358,2026-09-09 20:28:00,pnakale,Human Resources,ZA,0,1,0,0,1,5,0,0,10,27.247,1.98,10.66,17.03,0.397,0,0,0
S00359,2026-09-13 17:02:00,ndjaba,Customer Service,NA,0,0,1,0,1,5,0,0,13,2.315,0.0,2.32,8.41,2.269,0,0,0
S00360,2026-09-07 15:26:00,pnakale,Human Resources,NA,0,0,0,0,1,1,0,0,17,2.86,0.0,31.42,6.55,1.194,0,0,0
S00361,2026-09-11 14:40:00,shapaka,Executive,ZA,0,0,0,0,1,4,1,0,15,11.808,0.295,14.13,43.92,2.777,0,0,0
S00362,2026-09-11 22:44:00,kndjavera,Compliance,NA,0,0,2,0,0,2,1,0,12,4.228,0.575,13.36,2.03,0.085,0,0,0
S00363,2026-09-13 11:08:00,katjiuongua,Information Technology,NA,0,0,0,0,1,2,0,1,4,5.515,1.037,29.6,2.63,0.827,0,0,0
S00364,2026-09-10 08:03:00,jkavari,Finance,NA,0,0,0,0,1,6,0,0,10,13.406,0.954,25.78,14.23,0.152,0,0,0
S00365,2026-09-12 22:05:00,sankwasa,Procurement,NA,0,0,0,0,1,1,0,0,14,27.983,0.071,4.57,4.55,4.421,0,0,0
S00366,2026-09-13 11:56:00,ndjaba,Customer Service,NA,0,0,0,1,1,1,0,1,10,4.187,1.874,7.86,3.2,6.007,0,0,1
S00367,2026-09-09 00:06:00,kndjavera,Compliance,NA,0,0,1,0,1,2,1,0,11,16.833,0.326,37.98,3.08,1.7,0,0,0
S00368,2026-09-10 05:04:00,nambala,Loans,NA,0,0,0,1,1,5,0,0,9,9.538,1.028,1.95,26.42,3.052,0,0,0
S00369,2026-09-13 01:56:00,kndjavera,Compliance,NA,0,0,0,0,1,2,0,0,11,7.151,1.305,30.49,5.94,2.333,0,0,0
S00370,2026-09-10 21:55:00,shapaka,Executive,NA,0,0,1,1,1,6,1,0,16,21.101,0.658,49.69,22.66,2.019,0,0,1
S00371,2026-09-08 20:16:00,mbandeka,Legal,NA,0,0,2,1,1,3,0,0,11,23.015,0.0,5.37,14.98,2.524,0,0,0
S00372,2026-09-13 09:26:00,mbandeka,Legal,NA,0,0,0,1,1,1,0,0,16,7.798,2.578,25.0,1.31,0.064,0,0,0
S00373,2026-09-12 18:45:00,mhaingura,Customer Service,NA,0,0,0,0,1,1,0,0,12,17.747,0.0,31.56,18.6,0.902,0,0,0
S00374,2026-09-09 22:25:00,mukwambi,Human Resources,NA,0,1,0,0,1,2,0,0,15,4.058,0.0,13.72,27.18,1.246,0,0,0
S00375,2026-09-07 09:58:00,katjiuongua,Information Technology,NA,0,0,1,0,0,9,1,0,22,17.742,0.409,7.95,2.71,0.892,0,0,0
S00376,2026-09-13 07:00:00,sankwasa,Procurement,NA,0,0,0,0,1,5,0,0,12,3.026,0.37,43.52,8.97,1.789,0,0,0
S00377,2026-09-11 09:55:00,sihuhua,Customer Service,NA,0,0,0,1,1,1,0,0,6,17.117,0.62,50.32,10.08,1.737,0,0,0
S00378,2026-09-09 14:03:00,tjirera,Internal Audit,NA,0,1,2,0,1,6,3,0,18,88.31,2.741,47.77,9.73,3.188,0,0,1
S00379,2026-09-10 13:50:00,tkamati,Customer Service,NA,0,0,0,0,1,5,0,0,9,2.151,2.612,10.14,24.55,0.898,0,0,1
S00380,2026-09-12 17:27:00,murorua,Risk,NA,0,0,0,0,1,4,1,0,19,16.682,1.383,37.52,10.79,0.612,0,0,0
S00381,2026-09-09 04:46:00,shilongo,Loans,NA,0,0,1,0,1,7,0,0,5,43.638,0.596,52.68,4.4,0.341,0,0,0
S00382,2026-09-07 18:28:00,amupanda,Compliance,NA,0,0,0,0,1,4,1,0,8,5.317,0.102,37.92,29.01,0.868,0,0,0
S00383,2026-09-12 12:53:00,nambala,Loans,NA,0,0,0,0,1,4,0,0,12,14.578,0.125,25.03,7.55,1.792,0,0,1
S00384,2026-09-09 02:25:00,ntinda,Marketing,NA,0,1,3,0,1,4,0,0,13,5.72,3.027,8.03,11.58,0.286,0,0,0
S00385,2026-09-08 19:30:00,sankwasa,Procurement,NA,0,1,1,0,1,2,0,0,11,7.678,0.0,26.77,6.94,3.789,0,0,1
S00386,2026-09-09 04:12:00,haufiku,Information Technology,NA,0,0,2,2,1,2,0,0,13,9.166,0.402,3.24,19.64,0.292,0,0,0
S00387,2026-09-11 18:35:00,sihuhua,Customer Service,NA,0,0,0,0,1,2,0,0,15,3.304,9.729,3.85,15.14,0.732,0,0,0
S00388,2026-09-10 02:06:00,murorua,Risk,NA,0,0,0,0,1,6,1,0,14,8.128,0.0,15.41,13.23,1.107,0,0,0
S00389,2026-09-10 23:46:00,nnakale,Customer Service,NA,0,0,0,0,1,6,0,0,12,3.367,0.0,3.55,11.93,1.809,0,0,0
S00390,2026-09-12 23:30:00,tjirera,Internal Audit,NA,0,0,1,0,1,3,1,0,13,3.622,0.773,45.84,1.42,4.277,0,0,1
S00391,2026-09-10 02:24:00,sihuhua,Customer Service,NA,0,0,1,1,1,1,0,0,11,7.239,3.908,23.44,6.42,0.753,0,0,0
S00392,2026-09-12 08:17:00,mukwambi,Human Resources,NA,0,0,0,0,1,3,0,0,8,13.802,2.526,33.28,29.53,3.151,0,0,0
S00393,2026-09-10 00:56:00,sihuhua,Customer Service,NA,0,0,1,1,1,4,1,0,5,22.525,0.0,22.13,9.68,6.325,0,0,1
S00394,2026-09-12 21:21:00,mhaingura,Customer Service,NA,0,0,0,0,1,2,0,0,9,1.802,1.73,8.45,30.51,1.296,0,0,0
S00395,2026-09-12 20:28:00,hamukwaya,Treasury,NA,0,0,1,0,1,3,0,0,8,9.87,2.621,19.1,24.56,0.092,0,0,0
S00396,2026-09-10 09:51:00,ntinda,Marketing,NA,0,0,1,2,1,6,0,0,11,5.632,0.062,9.01,22.27,0.213,0,0,0
S00397,2026-09-07 09:05:00,tshivute,Finance,NA,0,0,1,1,1,6,0,0,10,1.454,2.061,43.13,15.28,0.918,0,0,0
S00398,2026-09-09 12:31:00,kndjavera,Compliance,NA,0,0,1,0,1,1,1,0,14,26.102,1.573,25.19,33.82,4.106,0,0,1
S00399,2026-09-07 20:58:00,mbandeka,Legal,NA,0,0,0,0,1,1,0,1,18,29.755,0.403,16.68,5.84,1.921,0,0,0
S00400,2026-09-13 19:40:00,sihuhua,Customer Service,NA,0,1,0,0,1,1,0,0,15,12.973,0.432,3.81,12.94,0.213,0,0,0
S00401,2026-09-13 04:26:00,ndjaba,Customer Service,NA,0,1,1,0,1,5,0,0,11,4.21,2.531,16.41,7.33,1.424,0,0,0
S00402,2026-09-13 06:59:00,tshivute,Finance,BW,0,1,0,0,1,3,0,0,13,2.044,0.0,34.58,27.0,3.222,0,0,1
S00403,2026-09-08 17:53:00,mhaingura,Customer Service,NA,0,0,0,0,1,2,0,0,15,7.32,1.617,18.65,7.46,0.84,0,0,0
S00404,2026-09-14 02:44:00,ndjaba,Customer Service,NA,0,0,0,0,1,1,0,0,9,10.026,1.881,20.96,11.44,0.37,0,0,0
S00405,2026-09-08 10:07:00,shilongo,Loans,NA,0,0,0,0,1,1,0,0,16,8.674,1.592,9.6,12.53,1.041,0,0,0
S00406,2026-09-10 00:27:00,sihuhua,Customer Service,NA,0,0,1,1,1,2,0,0,17,13.336,0.0,19.71,2.9,2.414,0,0,0
S00407,2026-09-08 18:45:00,nnakale,Customer Service,NA,0,0,0,0,1,3,0,0,9,5.9,0.0,2.25,13.9,0.806,0,0,0
S00408,2026-09-11 12:29:00,nnakale,Customer Service,NA,0,0,0,1,0,2,0,0,16,39.272,0.0,21.34,3.4,3.329,0,0,0
S00409,2026-09-13 15:57:00,nnakale,Customer Service,NA,0,0,2,3,1,2,0,0,17,5.893,0.146,11.54,7.15,1.636,0,0,0
S00410,2026-09-11 03:13:00,shapaka,Executive,NA,0,0,0,0,1,7,0,0,11,10.96,0.638,3.42,6.44,1.065,0,0,0
S00411,2026-09-12 11:34:00,shilongo,Loans,NA,0,0,0,0,1,2,1,0,9,5.904,1.209,8.3,14.73,0.589,0,0,0
S00412,2026-09-14 05:04:00,kndjavera,Compliance,NA,0,0,3,2,1,2,0,0,12,31.401,3.232,24.37,5.37,2.688,0,0,1
S00413,2026-09-12 05:55:00,murorua,Risk,NA,0,0,0,0,1,2,0,0,8,8.687,5.108,5.81,4.88,2.066,0,0,0
S00414,2026-09-09 07:47:00,nambala,Loans,NA,0,0,1,0,1,2,0,0,13,6.881,0.72,52.61,25.21,0.235,0,0,0
S00415,2026-09-08 13:42:00,tkamati,Customer Service,NA,0,0,0,0,1,11,1,1,15,15.904,0.607,17.24,7.04,0.365,0,0,0
S00416,2026-09-07 18:00:00,ndjaba,Customer Service,NA,0,0,2,0,1,3,0,0,15,3.208,0.13,47.47,25.17,2.265,0,0,0
S00417,2026-09-11 13:43:00,sihuhua,Customer Service,NA,0,0,0,0,1,3,0,0,18,8.778,0.908,7.8,4.18,0.549,0,0,0
S00418,2026-09-09 16:06:00,mbandeka,Legal,NA,0,0,0,0,1,4,0,0,8,16.813,0.0,10.3,19.1,0.462,0,0,0
S00419,2026-09-10 20:34:00,nghifindaka,Information Technology,ZA,0,0,1,0,1,4,0,0,12,9.177,0.577,27.55,4.78,2.763,0,0,0
S00420,2026-09-07 09:47:00,nduminga,Customer Service,NA,0,0,2,1,1,1,0,0,12,6.714,2.987,6.16,6.97,2.396,0,0,0
S00421,2026-09-08 14:34:00,nnakale,Customer Service,NA,0,0,1,0,1,6,0,0,13,8.35,2.761,11.28,7.46,4.089,0,0,0
S00422,2026-09-08 11:12:00,sihuhua,Customer Service,NA,0,0,0,0,1,2,0,0,11,3.907,0.589,15.96,3.23,0.846,0,0,0
S00423,2026-09-08 21:46:00,sankwasa,Procurement,BW,0,0,1,0,1,3,0,0,11,12.457,1.456,1.85,33.79,0.401,0,0,0
S00424,2026-09-09 05:50:00,nduminga,Customer Service,NA,0,0,0,0,1,2,1,0,10,5.351,0.0,10.54,7.1,3.475,0,0,0
S00425,2026-09-10 17:23:00,pnakale,Human Resources,NA,0,1,0,0,1,2,0,0,10,7.143,0.0,23.05,4.01,0.984,0,0,1
S00426,2026-09-10 20:59:00,mbandeka,Legal,NA,0,0,1,0,1,5,0,0,18,2.454,0.653,32.44,34.34,1.541,0,0,0
S00427,2026-09-14 00:54:00,shapaka,Executive,NA,0,0,0,0,1,5,0,0,10,2.182,2.332,2.49,15.78,0.7,0,0,0
S00428,2026-09-07 17:38:00,hamukwaya,Treasury,NA,0,0,0,1,1,2,0,0,9,35.156,0.254,28.43,16.56,0.201,0,0,0
S00429,2026-09-10 20:04:00,tkamati,Customer Service,NA,0,0,2,0,1,4,0,0,11,7.158,0.0,12.68,21.37,1.841,0,0,0
S00430,2026-09-07 10:15:00,murorua,Risk,NA,0,0,0,0,1,4,0,2,11,5.792,3.921,16.08,48.68,1.263,0,0,0
S00431,2026-09-10 08:19:00,shapaka,Executive,NA,0,0,0,1,0,2,0,0,10,8.187,0.621,27.56,11.06,4.457,0,0,0
S00432,2026-09-11 06:04:00,shilongo,Loans,NA,0,0,1,0,1,5,0,0,10,12.26,0.0,14.3,18.99,1.115,0,0,0
S00433,2026-09-08 00:31:00,nghifindaka,Information Technology,NA,0,1,0,0,1,1,0,0,12,3.121,0.47,7.73,12.86,0.093,0,0,0
S00434,2026-09-09 04:45:00,hamukwaya,Treasury,NA,0,0,0,0,1,3,0,0,10,10.013,1.232,12.23,6.39,3.954,0,0,0
S00435,2026-09-13 06:27:00,shapaka,Executive,NA,0,0,0,0,1,5,1,2,17,7.94,1.936,2.73,6.77,1.131,0,0,0
S00436,2026-09-11 20:14:00,ntinda,Marketing,NA,0,0,0,0,1,3,0,0,19,14.606,0.512,14.65,8.06,1.789,0,0,0
S00437,2026-09-08 10:43:00,nnakale,Customer Service,NA,0,1,1,0,1,3,0,0,16,5.043,3.464,34.66,7.1,0.576,0,0,0
S00438,2026-09-10 23:50:00,ndjaba,Customer Service,NA,0,0,0,0,1,7,0,0,16,2.124,0.619,18.95,10.86,1.5,0,0,0
S00439,2026-09-10 00:54:00,tjirera,Internal Audit,NA,0,1,1,0,1,2,1,0,19,15.406,0.832,7.08,12.93,0.929,0,0,0
S00440,2026-09-11 20:19:00,shilongo,Loans,NA,0,0,0,1,1,1,1,0,18,8.809,0.0,42.61,8.21,0.499,0,0,0
S00441,2026-09-09 02:47:00,sihuhua,Customer Service,NA,0,0,0,0,1,5,1,0,12,18.315,0.693,21.09,4.46,2.254,0,1,0
S00442,2026-09-09 11:24:00,hamukwaya,Treasury,NA,0,0,0,0,1,1,0,0,15,4.732,0.393,15.93,5.6,4.587,0,0,0
S00443,2026-09-11 15:06:00,shapaka,Executive,NA,0,0,0,0,1,5,0,0,14,3.544,0.976,29.63,28.01,0.938,0,0,0
S00444,2026-09-07 04:54:00,nghifindaka,Information Technology,NA,0,0,0,0,1,1,0,0,9,7.705,0.042,18.73,3.99,0.777,0,0,0
S00445,2026-09-10 19:15:00,tjirera,Internal Audit,NA,0,0,0,0,1,3,0,0,8,4.366,0.537,6.6,5.88,2.53,0,0,0
S00446,2026-09-13 13:51:00,pnakale,Human Resources,NA,0,0,0,0,1,5,0,0,10,27.258,2.331,5.56,5.31,0.884,0,0,0
S00447,2026-09-13 02:10:00,sankwasa,Procurement,NA,0,0,0,0,1,1,0,0,10,3.999,0.0,28.27,24.78,1.02,0,0,0
S00448,2026-09-07 21:27:00,nghifindaka,Information Technology,NA,0,0,0,0,1,3,0,0,20,3.031,0.0,30.34,28.46,1.009,0,0,0
S00449,2026-09-12 04:15:00,jkavari,Finance,NA,0,1,0,0,1,2,0,0,14,9.623,0.0,32.47,4.16,1.233,0,0,0
S00450,2026-09-10 18:56:00,kndjavera,Compliance,NA,0,0,1,1,1,4,0,1,16,9.962,0.0,11.03,39.52,1.253,0,0,1
S00451,2026-09-13 22:32:00,pnakale,Human Resources,NA,0,0,0,0,1,5,0,0,27,1.927,0.0,13.38,12.72,2.22,0,0,0
S00452,2026-09-08 03:38:00,pnakale,Human Resources,NA,0,0,3,1,1,2,0,0,11,7.318,1.616,22.21,10.45,0.402,0,0,0
S00453,2026-09-10 19:20:00,shilongo,Loans,NA,0,0,0,0,1,1,0,0,13,0.543,0.0,20.5,22.27,0.973,0,0,0
S00454,2026-09-13 08:11:00,haufiku,Information Technology,NA,0,0,0,0,1,4,1,1,14,5.671,0.222,44.92,14.09,0.358,0,0,0
S00455,2026-09-12 22:48:00,tjirera,Internal Audit,NA,0,0,3,0,1,1,0,0,11,19.414,0.31,37.31,17.08,0.826,0,0,0
S00456,2026-09-07 17:38:00,hamukwaya,Treasury,NA,0,0,0,0,1,1,0,0,13,8.215,0.0,11.23,16.03,0.26,0,0,0
S00457,2026-09-11 20:02:00,tkamati,Customer Service,NA,0,0,1,0,1,4,0,0,11,2.195,0.619,2.05,2.18,2.442,0,0,0
S00458,2026-09-09 14:01:00,nambala,Loans,NA,0,0,1,0,1,1,0,0,10,8.854,0.0,9.6,7.92,3.182,0,0,0
S00459,2026-09-10 04:59:00,hamukwaya,Treasury,NA,0,0,0,0,1,3,2,0,21,16.709,0.0,7.56,6.68,1.711,0,0,0
S00460,2026-09-08 19:18:00,nghifindaka,Information Technology,ZA,1,0,0,0,1,2,0,0,15,24.843,0.0,44.84,13.19,1.078,0,0,0
S00461,2026-09-13 20:07:00,amupanda,Compliance,NA,0,0,0,0,1,3,0,0,10,2.241,3.905,2.92,10.43,1.292,0,0,0
S00462,2026-09-08 11:39:00,mukwambi,Human Resources,NA,0,0,0,0,1,2,2,0,17,26.809,3.288,16.88,30.77,4.89,0,0,1
S00463,2026-09-08 06:44:00,hamukwaya,Treasury,NA,0,0,0,1,1,8,1,0,25,2.604,4.717,22.15,4.12,1.479,0,0,0
S00464,2026-09-08 11:53:00,haufiku,Information Technology,NA,0,0,2,0,0,6,1,0,18,4.073,0.0,7.86,18.58,0.876,0,0,0
S00465,2026-09-09 17:35:00,nambala,Loans,NA,0,0,0,0,1,5,0,0,9,7.267,5.889,9.78,18.66,0.607,0,0,0
S00466,2026-09-13 21:13:00,tshivute,Finance,NA,0,0,0,0,1,2,0,0,11,24.833,0.0,38.17,5.17,1.581,0,0,0
S00467,2026-09-10 21:38:00,ntinda,Marketing,NA,0,0,1,0,1,1,0,0,6,6.133,0.0,13.87,4.67,2.548,0,0,0
S00468,2026-09-08 21:59:00,sihuhua,Customer Service,NA,0,0,0,1,1,1,0,0,15,7.548,0.44,19.02,7.57,0.147,0,0,0
S00469,2026-09-12 23:42:00,ntinda,Marketing,NA,0,0,0,0,0,5,0,0,22,11.945,0.816,9.5,16.63,3.14,0,0,0
S00470,2026-09-08 21:15:00,nnakale,Customer Service,NA,0,0,0,0,1,2,0,0,9,3.844,0.637,21.89,10.83,4.221,0,0,0
S00471,2026-09-13 15:04:00,sankwasa,Procurement,NA,0,0,1,0,1,2,0,0,11,3.24,0.0,1.77,0.27,0.692,0,0,0
S00472,2026-09-11 08:33:00,murorua,Risk,NA,0,0,0,1,0,2,0,0,15,7.877,0.714,47.18,8.89,0.92,0,0,0
S00473,2026-09-10 13:16:00,hamukwaya,Treasury,NA,0,0,1,2,1,8,0,0,8,10.713,0.0,4.44,0.24,1.977,0,0,0
S00474,2026-09-11 14:58:00,shilongo,Loans,NA,0,0,1,0,0,2,0,0,12,5.293,0.0,16.12,10.03,2.658,0,0,0
S00475,2026-09-07 11:52:00,tjirera,Internal Audit,NA,0,0,0,1,1,1,0,0,15,12.906,6.108,3.17,5.37,1.344,0,0,0
S00476,2026-09-13 17:40:00,pnakale,Human Resources,NA,0,0,1,0,1,2,0,0,10,9.106,0.105,27.02,2.16,3.32,0,0,0
S00477,2026-09-13 15:16:00,nambala,Loans,NA,0,0,1,0,1,3,0,0,11,5.702,1.303,11.68,11.81,0.894,0,0,0
S00478,2026-09-10 13:47:00,sankwasa,Procurement,NA,0,0,0,0,1,5,1,0,15,4.882,1.466,21.67,3.48,6.035,0,1,1
S00479,2026-09-08 23:41:00,tkamati,Customer Service,NA,0,0,0,0,1,1,0,0,11,10.106,2.41,4.65,8.55,4.557,0,0,0
S00480,2026-09-09 22:35:00,sankwasa,Procurement,NA,0,0,1,1,1,7,1,0,16,6.611,1.957,10.37,16.06,2.364,0,1,1
S00481,2026-09-10 17:37:00,tshivute,Finance,NA,0,0,1,0,1,4,2,0,15,8.199,0.869,18.3,30.29,1.847,0,0,0
S00482,2026-09-12 16:19:00,ndjaba,Customer Service,NA,0,0,0,0,1,1,0,0,7,9.701,0.912,16.76,5.95,3.448,0,0,0
S00483,2026-09-11 06:50:00,nnakale,Customer Service,NA,0,0,1,2,1,2,0,0,14,11.958,0.027,18.23,43.28,0.186,0,0,0
S00484,2026-09-10 09:40:00,tshivute,Finance,NA,0,0,0,0,1,3,0,1,14,29.143,6.503,5.48,16.37,2.223,0,0,0
S00485,2026-09-10 06:14:00,amupanda,Compliance,NA,0,0,0,0,1,4,2,2,13,17.72,0.248,26.44,7.83,2.899,0,0,0
S00486,2026-09-14 02:05:00,shilongo,Loans,NA,0,1,0,0,1,5,0,0,9,4.638,0.126,17.57,20.42,2.015,0,0,0
S00487,2026-09-08 04:00:00,nduminga,Customer Service,NA,0,1,1,1,1,3,0,0,10,8.306,2.067,30.5,17.73,1.106,0,0,0
S00488,2026-09-13 17:02:00,tjirera,Internal Audit,NA,1,0,0,0,1,5,1,1,13,7.931,0.0,17.89,33.72,4.275,0,0,1
S00489,2026-09-10 16:45:00,nambala,Loans,NA,0,1,1,0,1,6,1,0,14,16.757,0.0,24.68,11.01,0.291,0,0,0
S00490,2026-09-09 15:00:00,ntinda,Marketing,NA,1,0,0,0,1,2,0,0,12,8.387,0.0,16.86,11.07,0.741,0,0,0
S00491,2026-09-11 19:26:00,nambala,Loans,NA,0,0,0,0,1,3,1,0,16,49.645,0.0,29.69,4.7,0.436,0,0,0
S00492,2026-09-12 09:30:00,katjiuongua,Information Technology,NA,0,1,1,0,1,6,3,1,19,12.237,1.508,1.11,12.99,1.488,0,0,1
S00493,2026-09-10 18:02:00,nghifindaka,Information Technology,NA,0,0,0,0,1,3,1,0,21,31.462,1.004,4.33,33.78,2.3,0,0,0
S00494,2026-09-09 06:00:00,pnakale,Human Resources,ZA,0,0,1,1,1,3,0,0,5,24.253,1.583,19.03,18.1,2.549,0,0,0
S00495,2026-09-08 03:19:00,tjirera,Internal Audit,NA,0,0,1,1,1,4,1,0,9,6.416,0.745,12.07,13.15,1.487,0,0,0
S00496,2026-09-11 09:50:00,kndjavera,Compliance,NA,0,0,0,0,1,1,1,0,12,7.692,0.104,1.27,12.87,2.018,0,0,0
S00497,2026-09-09 10:19:00,nghifindaka,Information Technology,NA,0,0,0,0,1,1,0,0,12,82.837,1.794,6.55,16.92,1.076,0,0,0
S00498,2026-09-08 15:38:00,nambala,Loans,NA,0,0,1,0,1,4,1,0,19,4.33,0.943,37.9,32.74,0.478,0,0,0
S00499,2026-09-08 01:00:00,mbandeka,Legal,BW,1,0,2,1,1,3,0,0,15,36.818,16.686,10.34,25.85,1.882,0,0,1
S00500,2026-09-09 13:11:00,jkavari,Finance,NA,0,0,0,0,0,2,0,0,9,5.486,2.022,19.99,22.75,3.272,0,0,0
S00501,2026-09-10 15:48:00,shilongo,Loans,NA,0,0,0,0,1,4,1,1,28,25.387,0.748,13.06,7.37,0.506,0,1,0
S00502,2026-09-09 07:04:00,pnakale,Human Resources,NA,0,0,1,0,1,2,0,0,3,8.07,0.742,7.13,16.48,1.386,0,0,0
S00503,2026-09-09 22:25:00,nnakale,Customer Service,NA,0,1,0,0,1,5,0,0,14,7.642,0.53,14.15,15.13,3.794,0,0,1
S00504,2026-09-07 09:26:00,tshivute,Finance,NA,0,0,1,0,1,2,0,0,15,5.252,1.124,14.35,33.62,4.753,0,0,0
S00505,2026-09-08 19:53:00,pnakale,Human Resources,NA,0,0,1,0,1,4,0,0,15,4.146,0.234,5.99,48.12,1.448,0,0,0
S00506,2026-09-08 12:26:00,nambala,Loans,ZA,0,0,3,0,1,5,0,0,14,5.262,1.502,11.33,3.85,1.29,0,0,0
S00507,2026-09-12 08:29:00,nghifindaka,Information Technology,NA,0,0,0,0,1,5,1,0,16,20.76,0.0,12.31,3.91,2.548,0,0,0
S00508,2026-09-11 05:32:00,jkavari,Finance,NA,0,0,0,0,1,3,0,0,11,10.454,2.087,35.06,22.94,1.77,0,0,0
S00509,2026-09-09 19:12:00,jkavari,Finance,NA,0,0,1,0,1,4,0,0,11,2.12,2.881,16.98,8.04,0.903,0,0,0
S00510,2026-09-11 21:05:00,nnakale,Customer Service,NA,0,1,1,2,1,6,0,0,15,4.127,2.045,9.97,10.32,5.185,0,0,1
S00511,2026-09-13 19:19:00,tjirera,Internal Audit,NA,0,0,1,1,1,2,2,0,13,6.294,1.093,30.68,1.77,2.98,0,0,1
S00512,2026-09-10 03:08:00,nduminga,Customer Service,ZA,0,0,1,1,1,1,0,0,12,6.13,0.431,12.52,10.13,1.918,0,0,0
S00513,2026-09-09 00:39:00,shilongo,Loans,NA,0,0,0,0,1,2,0,0,8,7.691,0.767,17.12,24.06,2.563,0,0,0
S00514,2026-09-14 06:20:00,mhaingura,Customer Service,NA,0,0,0,0,1,4,0,0,13,22.955,1.786,31.17,42.74,2.687,0,0,0
S00515,2026-09-11 01:55:00,murorua,Risk,NA,0,1,0,0,1,4,0,0,6,2.262,0.0,22.77,0.37,2.856,0,0,0
S00516,2026-09-14 01:39:00,tjirera,Internal Audit,NA,0,1,0,2,0,1,0,0,9,5.386,0.0,34.77,14.85,1.225,0,0,1
S00517,2026-09-11 17:18:00,jkavari,Finance,NA,0,0,0,0,1,4,0,0,12,3.755,0.827,22.16,15.74,1.056,0,0,0
S00518,2026-09-09 21:25:00,hamukwaya,Treasury,NA,0,0,0,0,1,3,1,0,16,12.007,0.592,35.13,2.51,1.195,0,0,0
S00519,2026-09-12 16:57:00,shilongo,Loans,NA,0,0,0,0,1,2,0,0,7,3.03,2.669,10.57,5.26,0.521,0,0,0
S00520,2026-09-13 12:20:00,shapaka,Executive,NA,0,0,1,0,1,1,0,0,7,7.068,0.0,15.32,8.81,4.623,0,0,0
S00521,2026-09-09 03:48:00,murorua,Risk,NA,0,0,0,0,1,4,1,2,12,14.701,0.365,22.0,16.49,0.47,0,0,0
S00522,2026-09-12 02:32:00,pnakale,Human Resources,NA,0,0,0,0,1,3,0,0,9,8.313,0.0,5.38,11.2,0.832,0,0,0
S00523,2026-09-10 11:54:00,mhaingura,Customer Service,NA,0,1,1,0,1,5,0,0,16,3.626,0.0,10.13,9.25,0.974,0,0,0
S00524,2026-09-13 06:20:00,murorua,Risk,NA,0,0,0,0,1,9,0,0,11,4.961,0.0,24.81,22.18,0.278,0,0,0
S00525,2026-09-10 21:42:00,mbandeka,Legal,NA,0,1,0,0,1,4,0,0,17,7.746,0.215,3.45,3.26,1.203,0,0,0
S00526,2026-09-12 00:57:00,murorua,Risk,NA,0,1,0,0,1,1,0,0,12,3.691,0.0,2.67,12.39,2.088,0,0,1
S00527,2026-09-12 21:32:00,shilongo,Loans,ZA,0,0,0,0,1,1,0,1,7,3.254,0.327,49.31,13.36,0.9,0,0,0
S00528,2026-09-08 20:25:00,tkamati,Customer Service,NA,0,0,1,0,0,9,0,0,15,10.559,1.349,7.47,21.64,2.07,0,0,0
S00529,2026-09-09 13:58:00,tjirera,Internal Audit,NA,0,0,0,0,1,4,0,0,12,22.513,0.0,36.13,29.85,3.37,0,0,0
S00530,2026-09-10 02:46:00,kndjavera,Compliance,NA,0,0,1,1,1,1,0,0,12,10.951,0.066,10.75,6.6,0.615,0,0,0
S00531,2026-09-10 14:23:00,shilongo,Loans,NA,0,0,0,0,1,7,2,1,12,8.762,0.0,10.64,6.58,2.428,0,0,0
S00532,2026-09-08 18:00:00,tjirera,Internal Audit,NA,0,0,1,1,1,1,1,0,20,17.437,1.936,33.27,6.65,2.813,0,0,0
S00533,2026-09-07 21:57:00,shilongo,Loans,NA,0,0,1,1,1,4,0,0,12,3.924,0.302,4.54,8.34,0.923,0,0,0
S00534,2026-09-10 07:42:00,mhaingura,Customer Service,NA,0,0,0,0,1,2,0,0,10,2.983,0.33,27.1,17.52,5.041,0,0,0
S00535,2026-09-07 14:32:00,murorua,Risk,NA,0,0,0,0,0,1,0,0,8,11.799,0.0,22.78,7.15,0.539,0,0,0
S00536,2026-09-14 02:41:00,nnakale,Customer Service,NA,0,0,1,0,1,4,0,0,10,5.292,1.074,13.23,10.06,1.35,0,0,0
S00537,2026-09-12 05:07:00,haufiku,Information Technology,NA,0,0,0,0,1,3,0,0,13,20.913,4.531,2.96,5.62,1.101,0,0,0
S00538,2026-09-12 13:46:00,pnakale,Human Resources,NA,0,0,0,0,1,1,1,0,15,14.18,1.161,14.31,29.11,4.504,0,0,0
S00539,2026-09-12 15:02:00,tshivute,Finance,NA,0,0,2,1,1,6,1,0,10,12.51,0.118,16.0,21.91,0.366,0,0,0
S00540,2026-09-11 03:12:00,tshivute,Finance,NA,0,0,1,0,1,2,1,0,10,13.654,0.0,11.46,3.31,0.098,0,0,0
S00541,2026-09-11 01:37:00,nghifindaka,Information Technology,NA,1,0,0,0,1,2,0,0,13,8.473,0.711,3.52,3.95,0.009,0,0,0
S00542,2026-09-07 03:19:00,mukwambi,Human Resources,NA,0,0,1,0,1,3,0,0,10,100.451,0.0,6.59,18.33,1.107,0,0,0
S00543,2026-09-08 21:26:00,murorua,Risk,NA,0,0,1,0,1,4,0,0,19,5.182,0.227,7.4,22.94,1.973,0,0,0
S00544,2026-09-10 00:11:00,shapaka,Executive,NA,0,0,0,0,1,5,0,0,12,7.452,1.091,20.7,0.73,2.48,0,0,0
S00545,2026-09-07 23:26:00,nghifindaka,Information Technology,ZA,0,0,2,0,1,2,0,1,14,5.66,0.892,15.95,10.02,0.134,0,0,0
S00546,2026-09-13 19:29:00,nghifindaka,Information Technology,NA,0,1,0,0,1,1,0,0,9,5.921,0.0,14.39,11.69,0.587,0,0,0
S00547,2026-09-07 17:24:00,tkamati,Customer Service,NA,0,0,0,0,1,1,1,0,18,4.18,0.845,13.29,5.69,2.283,0,0,0
S00548,2026-09-09 21:58:00,katjiuongua,Information Technology,NA,0,1,0,0,0,1,1,0,7,19.316,0.0,14.0,9.43,1.232,0,0,0
S00549,2026-09-11 06:06:00,amupanda,Compliance,ZA,0,0,3,0,1,2,1,1,15,3.885,0.0,8.35,49.09,0.377,0,0,0
S00550,2026-09-10 14:12:00,murorua,Risk,NA,0,0,0,0,1,2,0,1,11,1.071,0.764,22.51,7.88,0.497,0,0,0
S00551,2026-09-10 12:56:00,sankwasa,Procurement,NA,0,0,0,0,0,4,0,0,11,9.679,0.461,13.88,33.51,2.52,0,0,0
S00552,2026-09-13 23:55:00,hamukwaya,Treasury,ZA,1,1,1,0,1,5,0,0,15,4.411,0.0,9.54,9.82,0.859,0,0,1
S00553,2026-09-10 17:22:00,mukwambi,Human Resources,NA,0,0,2,0,1,3,0,0,11,17.959,0.316,19.7,11.91,2.225,0,0,0
S00554,2026-09-12 19:03:00,nduminga,Customer Service,NA,0,1,0,0,1,6,0,0,9,3.799,0.335,16.33,2.36,1.272,0,0,0
S00555,2026-09-12 11:19:00,nduminga,Customer Service,NA,0,0,0,0,1,2,0,0,18,4.559,0.861,9.18,10.46,0.253,0,0,0
S00556,2026-09-10 11:42:00,pnakale,Human Resources,ZA,0,0,0,0,1,3,0,0,10,15.671,0.0,19.53,0.6,1.555,0,0,0
S00557,2026-09-11 11:33:00,mhaingura,Customer Service,NA,0,1,1,0,1,10,1,0,18,30.263,0.563,15.44,11.69,0.198,0,0,0
S00558,2026-09-13 14:04:00,shilongo,Loans,NA,0,0,0,0,1,1,0,0,9,6.852,2.74,4.79,3.46,1.759,0,0,0
S00559,2026-09-09 12:40:00,ndjaba,Customer Service,NA,0,0,1,0,1,3,1,1,18,14.424,2.501,3.56,27.31,0.863,0,0,0
S00560,2026-09-09 14:38:00,nnakale,Customer Service,NA,0,0,0,0,1,1,0,0,10,15.573,0.706,13.01,8.57,1.106,0,0,0
S00561,2026-09-09 07:36:00,shilongo,Loans,NA,0,0,0,0,1,3,0,0,15,11.55,0.0,17.01,36.82,1.408,0,0,0
S00562,2026-09-14 01:53:00,haufiku,Information Technology,NA,0,0,2,0,1,2,0,0,7,11.879,0.16,9.31,8.76,7.273,0,0,1
S00563,2026-09-12 08:31:00,tkamati,Customer Service,BW,0,0,2,1,1,2,0,0,11,5.266,0.367,5.4,7.47,3.484,0,0,0
S00564,2026-09-11 12:20:00,sihuhua,Customer Service,NA,0,0,0,0,1,1,0,0,3,20.368,5.581,15.5,5.98,0.667,0,0,0
S00565,2026-09-14 02:24:00,mhaingura,Customer Service,NA,0,0,1,0,1,8,0,0,9,4.03,1.031,31.07,3.8,5.598,0,0,1
S00566,2026-09-11 21:19:00,sankwasa,Procurement,NA,0,0,0,0,1,2,0,0,5,0.965,0.0,32.36,7.12,0.033,0,0,0
S00567,2026-09-08 11:36:00,katjiuongua,Information Technology,NA,0,1,1,0,1,5,2,1,28,5.759,0.0,6.96,9.75,3.015,0,0,1
S00568,2026-09-09 11:18:00,sihuhua,Customer Service,NA,0,0,1,2,1,4,0,0,12,2.201,5.761,5.73,2.84,0.832,0,0,0
S00569,2026-09-09 21:34:00,nduminga,Customer Service,NA,0,0,1,0,0,3,0,0,12,4.628,0.0,30.29,4.09,1.637,0,0,0
S00570,2026-09-11 03:20:00,nambala,Loans,NA,0,0,2,1,1,4,0,0,13,1.695,1.626,7.23,15.86,1.426,0,0,0
S00571,2026-09-13 10:31:00,shapaka,Executive,NA,0,0,0,0,1,4,1,0,12,10.444,4.941,21.71,31.76,1.284,0,0,0
S00572,2026-09-08 02:37:00,shapaka,Executive,NA,0,0,0,0,1,3,0,0,13,4.576,0.046,16.28,7.59,3.67,0,0,0
S00573,2026-09-13 00:00:00,nnakale,Customer Service,NA,0,0,0,0,1,2,0,0,17,102.967,0.238,2.9,26.77,0.43,0,0,0
S00574,2026-09-09 16:25:00,mhaingura,Customer Service,NA,1,0,0,0,1,4,0,0,17,6.93,0.132,9.84,26.53,2.631,0,0,0
S00575,2026-09-10 14:19:00,pnakale,Human Resources,ZA,0,0,0,0,1,1,0,0,11,7.431,2.853,50.65,3.76,2.013,0,0,0
S00576,2026-09-11 12:55:00,jkavari,Finance,NA,0,0,1,0,1,4,0,0,6,18.175,5.885,25.33,23.08,0.922,0,0,0
S00577,2026-09-14 05:27:00,mukwambi,Human Resources,NA,0,0,0,1,0,1,1,1,14,4.421,12.417,15.05,14.86,1.862,0,0,0
S00578,2026-09-13 09:26:00,nduminga,Customer Service,NA,0,0,0,0,1,2,0,0,8,3.115,0.0,17.99,11.25,1.674,0,0,0
S00579,2026-09-12 18:57:00,nduminga,Customer Service,BW,1,0,1,1,1,4,0,0,14,5.842,0.0,54.71,3.65,0.976,0,0,1
S00580,2026-09-10 04:42:00,shapaka,Executive,NA,0,0,0,2,1,6,1,0,18,12.209,0.997,9.3,2.24,0.692,0,0,0
S00581,2026-09-13 17:49:00,nghifindaka,Information Technology,NA,1,0,0,0,1,4,1,0,9,38.561,1.974,20.91,21.16,0.831,0,0,0
S00582,2026-09-11 13:46:00,tjirera,Internal Audit,NA,0,0,0,0,0,4,1,0,18,8.604,0.356,2.83,0.8,0.383,0,0,0
S00583,2026-09-10 00:27:00,pnakale,Human Resources,NA,0,1,0,0,1,1,0,0,13,7.957,0.704,28.72,3.3,1.383,0,0,0
S00584,2026-09-12 00:36:00,tshivute,Finance,NA,0,0,0,0,1,5,0,0,10,1.84,1.716,9.51,5.11,0.628,0,0,0
S00585,2026-09-13 10:33:00,shilongo,Loans,NA,0,0,1,0,1,5,0,0,17,6.447,1.64,9.62,5.01,0.542,0,0,0
S00586,2026-09-07 22:05:00,jkavari,Finance,NA,1,0,0,0,1,2,0,0,5,40.835,0.397,2.36,50.32,0.323,0,0,0
S00587,2026-09-07 12:19:00,mhaingura,Customer Service,NA,0,0,0,0,1,1,0,0,11,6.784,0.0,6.05,5.43,0.882,0,0,0
S00588,2026-09-11 10:36:00,ntinda,Marketing,NA,0,0,0,0,1,2,0,0,7,1.434,1.194,21.62,8.53,0.091,0,0,0
S00589,2026-09-12 22:29:00,hamukwaya,Treasury,NA,0,0,0,1,1,4,1,0,15,1.595,1.022,4.7,3.63,1.498,0,1,0
S00590,2026-09-08 02:33:00,mukwambi,Human Resources,ZA,0,0,4,0,1,5,0,0,13,8.775,0.0,11.45,40.4,1.476,0,0,0
S00591,2026-09-08 01:26:00,hamukwaya,Treasury,NA,0,0,2,0,1,3,0,1,12,3.429,1.702,8.22,7.12,2.422,0,0,0
S00592,2026-09-14 00:24:00,sihuhua,Customer Service,NA,0,0,0,1,0,2,0,0,13,15.468,0.0,2.97,19.76,1.969,0,0,0
S00593,2026-09-09 14:02:00,ndjaba,Customer Service,NA,0,0,1,0,1,2,1,0,15,9.525,2.147,17.47,30.32,4.196,0,0,1
S00594,2026-09-12 13:27:00,nambala,Loans,NA,0,0,0,0,1,2,0,0,8,1.671,1.673,21.18,11.38,2.652,0,0,0
S00595,2026-09-10 23:59:00,sankwasa,Procurement,NA,0,0,0,1,1,1,0,0,12,4.059,0.0,13.17,13.29,4.188,0,0,0
S00596,2026-09-08 17:48:00,nambala,Loans,NA,0,0,0,0,1,3,0,0,11,27.12,0.0,14.04,23.61,3.796,0,0,0
S00597,2026-09-09 12:44:00,tkamati,Customer Service,NA,0,0,0,0,1,4,0,0,10,12.355,0.016,19.12,5.76,0.811,0,0,0
S00598,2026-09-11 18:29:00,tkamati,Customer Service,NA,1,0,1,0,1,5,1,1,15,32.828,0.125,55.4,8.9,0.199,0,1,1
S00599,2026-09-07 17:11:00,tkamati,Customer Service,ZA,1,0,1,1,1,3,0,0,14,7.071,1.858,5.07,28.43,1.865,0,0,0
S00600,2026-09-13 08:11:00,katjiuongua,Information Technology,NA,0,0,1,0,1,2,0,0,8,3.862,0.025,13.81,5.42,0.05,0,0,0
S00601,2026-09-11 11:21:00,mukwambi,Human Resources,BW,1,0,1,0,1,5,0,0,11,1.884,0.0,26.55,14.55,0.601,0,0,0
S00602,2026-09-10 22:41:00,mbandeka,Legal,NA,0,0,0,0,1,5,0,0,10,7.653,0.0,10.18,7.44,10.0,0,0,1
S00603,2026-09-08 08:44:00,tshivute,Finance,NA,0,0,1,0,1,6,0,0,11,3.79,0.638,14.19,5.65,0.923,0,0,0
S00604,2026-09-07 01:12:00,hamukwaya,Treasury,NA,0,0,0,0,0,4,1,2,13,4.742,0.0,29.53,10.92,2.928,0,1,1
S00605,2026-09-11 01:42:00,shapaka,Executive,NA,0,0,1,0,1,1,0,0,17,5.465,0.102,31.79,15.35,2.156,0,0,0
S00606,2026-09-11 21:28:00,nambala,Loans,NA,0,1,0,0,0,7,0,0,16,8.876,0.599,35.77,7.98,1.019,0,0,0
S00607,2026-09-09 03:13:00,tshivute,Finance,NA,0,0,1,0,1,3,0,0,8,7.848,0.0,7.11,11.34,1.496,0,0,0
S00608,2026-09-11 18:32:00,nghifindaka,Information Technology,ZA,0,0,0,0,1,3,1,0,16,29.857,0.0,25.79,7.07,2.544,0,0,0
S00609,2026-09-10 11:21:00,jkavari,Finance,NA,0,0,0,0,1,3,0,0,16,4.17,0.791,9.98,19.18,1.852,0,0,0
S00610,2026-09-08 22:09:00,mhaingura,Customer Service,NA,0,0,0,0,1,4,1,0,8,19.052,0.0,6.08,12.47,1.821,0,1,0
S00611,2026-09-10 17:12:00,mbandeka,Legal,NA,0,0,0,0,1,1,0,0,16,5.194,1.584,7.13,44.38,0.512,0,0,0
S00612,2026-09-09 05:12:00,jkavari,Finance,NA,0,0,1,0,1,5,0,0,10,6.159,0.0,13.38,14.92,0.367,0,0,0
S00613,2026-09-07 19:03:00,shilongo,Loans,NA,0,0,0,0,1,4,1,0,19,5.328,0.0,18.39,14.52,3.664,0,1,1
S00614,2026-09-10 17:30:00,ntinda,Marketing,NA,0,0,0,0,1,3,0,0,9,42.324,0.099,9.04,28.47,1.847,0,0,0
S00615,2026-09-07 02:04:00,mukwambi,Human Resources,NA,0,0,2,0,1,5,0,0,13,5.181,0.209,15.68,11.66,0.94,0,0,0
S00616,2026-09-14 05:31:00,sihuhua,Customer Service,NA,0,0,3,0,1,1,0,0,12,7.482,0.054,31.69,12.06,1.075,0,0,0
S00617,2026-09-13 13:15:00,sankwasa,Procurement,NA,0,0,2,0,1,5,1,0,8,57.392,0.0,40.31,15.02,0.741,0,0,0
S00618,2026-09-13 13:50:00,shapaka,Executive,NA,0,1,1,0,0,2,0,0,18,8.271,0.0,33.38,4.04,1.786,0,0,1
S00619,2026-09-14 01:38:00,mbandeka,Legal,NA,1,0,1,0,1,3,0,0,6,5.005,0.196,11.25,9.67,0.905,0,0,0
S00620,2026-09-07 12:24:00,ndjaba,Customer Service,NA,0,0,0,0,1,2,0,0,12,9.176,1.058,10.3,23.47,2.439,0,0,0
S00621,2026-09-09 20:03:00,kndjavera,Compliance,NA,0,0,0,0,1,2,1,0,16,9.53,2.471,31.6,7.96,1.345,0,0,0
S00622,2026-09-10 04:55:00,shapaka,Executive,NA,0,0,0,0,0,3,0,0,16,8.839,0.143,15.9,6.24,0.316,0,0,0
S00623,2026-09-13 08:59:00,shapaka,Executive,NA,0,0,0,0,1,1,0,0,8,7.275,1.776,7.23,15.2,3.448,0,0,0
S00624,2026-09-08 19:28:00,jkavari,Finance,NA,0,0,0,0,1,3,0,0,7,10.94,0.0,16.96,13.93,0.851,0,0,0
S00625,2026-09-13 09:43:00,jkavari,Finance,NA,0,0,0,0,1,3,0,0,9,21.674,0.319,16.52,18.24,0.733,0,0,0
S00626,2026-09-08 02:52:00,sihuhua,Customer Service,NA,0,0,0,0,1,2,0,0,12,4.251,0.0,7.58,10.37,1.044,0,0,0
S00627,2026-09-12 06:36:00,sihuhua,Customer Service,ZA,0,0,1,1,1,1,0,0,12,6.651,3.722,10.8,4.66,1.011,1,0,0
S00628,2026-09-13 18:49:00,katjiuongua,Information Technology,NA,0,0,0,0,1,4,1,1,13,1.955,2.055,40.26,44.79,1.219,0,0,1
S00629,2026-09-09 12:05:00,amupanda,Compliance,NA,0,0,0,0,1,1,1,0,17,67.136,0.0,16.58,11.16,2.118,0,0,0
S00630,2026-09-09 17:27:00,tjirera,Internal Audit,NA,0,0,1,0,1,5,3,0,18,21.512,2.829,17.6,2.31,0.539,0,0,0
S00631,2026-09-08 08:25:00,mbandeka,Legal,NA,0,1,0,0,1,3,0,2,14,7.592,0.138,19.55,42.69,2.237,0,0,1
S00632,2026-09-09 20:20:00,tshivute,Finance,NA,0,0,1,0,1,3,0,0,16,2.445,0.0,12.29,10.39,1.617,0,0,0
S00633,2026-09-08 22:01:00,shilongo,Loans,NA,0,1,1,0,1,3,0,0,12,7.091,0.0,5.15,5.64,3.27,0,0,0
S00634,2026-09-08 08:53:00,mbandeka,Legal,NA,0,1,1,1,1,4,1,0,13,10.16,1.032,18.45,0.43,3.467,0,0,1
S00635,2026-09-11 10:31:00,sankwasa,Procurement,NA,0,0,1,0,1,4,0,0,9,15.002,0.0,50.87,9.67,1.484,0,0,0
S00636,2026-09-09 22:37:00,murorua,Risk,NA,0,1,1,1,1,4,0,0,13,64.126,0.081,30.38,16.74,2.066,0,0,1
S00637,2026-09-12 15:55:00,jkavari,Finance,NA,0,0,0,0,1,2,0,0,15,6.966,0.0,23.4,6.32,3.771,0,0,0
S00638,2026-09-13 20:48:00,sankwasa,Procurement,NA,0,0,1,2,1,1,0,1,13,6.752,0.705,31.08,62.23,2.514,0,0,1
S00639,2026-09-08 15:38:00,kndjavera,Compliance,NA,0,0,0,0,1,2,1,1,12,37.082,1.327,4.39,2.79,0.909,0,0,0
S00640,2026-09-08 06:13:00,hamukwaya,Treasury,NA,0,0,1,0,1,5,1,0,10,33.794,0.03,16.62,9.57,1.013,0,0,0
S00641,2026-09-07 04:17:00,jkavari,Finance,NA,0,0,0,0,1,4,1,0,10,41.332,0.34,2.87,12.6,2.476,0,0,0
S00642,2026-09-08 02:00:00,mukwambi,Human Resources,NA,0,0,1,0,1,2,0,0,16,18.645,0.461,6.6,21.72,0.464,0,0,0
S00643,2026-09-12 13:55:00,amupanda,Compliance,NA,0,0,0,0,1,1,0,0,20,76.952,0.583,28.51,5.98,2.173,0,0,0
S00644,2026-09-11 16:15:00,kndjavera,Compliance,NA,0,1,1,1,1,3,1,0,12,9.44,0.296,9.93,9.1,0.158,0,0,0
S00645,2026-09-08 01:58:00,nambala,Loans,NA,0,1,1,0,1,5,0,0,15,3.974,0.0,32.21,9.42,0.749,0,0,0
S00646,2026-09-10 00:21:00,tjirera,Internal Audit,NA,0,0,1,0,1,6,2,0,21,4.061,0.0,19.87,17.12,0.92,0,0,0
S00647,2026-09-13 19:46:00,mbandeka,Legal,NA,0,1,0,0,1,6,0,0,7,12.284,0.297,7.27,8.27,1.281,0,0,0
S00648,2026-09-13 10:06:00,mbandeka,Legal,ZA,0,1,1,0,1,5,0,1,10,5.37,0.0,11.03,27.06,3.716,0,0,1
S00649,2026-09-07 10:25:00,mhaingura,Customer Service,NA,0,0,1,2,1,4,0,0,12,2.75,0.0,1.66,12.83,0.198,0,0,0
S00650,2026-09-13 23:01:00,sihuhua,Customer Service,NA,0,1,0,0,1,1,0,0,11,9.4,0.0,6.69,16.49,0.767,0,0,0
S00651,2026-09-08 18:45:00,hamukwaya,Treasury,NA,0,0,1,0,1,1,0,0,15,10.27,0.0,14.1,4.78,1.696,0,0,0
S00652,2026-09-10 05:21:00,mhaingura,Customer Service,NA,0,0,1,0,1,5,0,0,8,9.623,0.0,9.31,30.07,0.9,0,0,0
S00653,2026-09-10 23:09:00,tjirera,Internal Audit,NA,0,0,0,0,1,4,2,0,20,27.161,0.0,19.79,20.69,8.257,0,0,1
S00654,2026-09-07 00:59:00,nghifindaka,Information Technology,NA,0,0,0,0,1,5,2,0,19,3.131,0.0,36.32,8.35,2.847,0,0,0
S00655,2026-09-13 19:24:00,tshivute,Finance,NA,0,0,0,1,1,4,0,0,5,35.098,0.0,15.46,60.1,2.642,0,0,0
S00656,2026-09-14 06:39:00,pnakale,Human Resources,NA,1,0,0,0,1,2,1,0,13,17.17,0.0,21.96,11.28,1.353,0,0,0
S00657,2026-09-08 05:30:00,nghifindaka,Information Technology,NA,0,0,2,0,1,4,2,0,24,15.978,0.0,3.17,28.25,1.189,0,0,0
S00658,2026-09-09 02:22:00,mukwambi,Human Resources,NA,0,0,0,0,1,4,0,0,15,10.092,0.0,11.16,2.08,1.195,0,0,0
S00659,2026-09-12 09:17:00,katjiuongua,Information Technology,NA,0,0,1,0,1,4,0,0,18,4.176,0.0,22.69,1.58,1.462,0,0,0
S00660,2026-09-07 13:50:00,nnakale,Customer Service,NA,0,0,1,0,1,3,0,0,12,4.978,0.0,19.68,9.31,2.621,0,0,0
S00661,2026-09-12 06:11:00,ndjaba,Customer Service,NA,0,0,0,0,1,9,0,0,11,10.586,0.596,42.44,9.84,3.03,0,0,0
S00662,2026-09-11 22:35:00,haufiku,Information Technology,NA,0,0,1,0,1,6,3,1,28,24.636,0.0,18.04,6.97,0.467,0,0,0
S00663,2026-09-07 09:18:00,kndjavera,Compliance,NA,0,0,0,0,1,2,1,0,14,11.213,0.0,33.41,30.88,1.072,0,0,0
S00664,2026-09-14 03:38:00,tkamati,Customer Service,NA,0,0,1,0,1,4,1,1,10,10.541,3.464,4.39,4.16,0.11,0,1,0
S00665,2026-09-10 16:21:00,kndjavera,Compliance,NA,0,1,0,0,1,5,3,1,21,19.329,0.263,15.66,15.46,0.399,0,0,0
S00666,2026-09-13 03:23:00,ndjaba,Customer Service,NA,0,0,0,0,1,4,0,0,10,5.355,0.0,7.78,27.65,1.198,0,0,0
S00667,2026-09-11 02:32:00,jkavari,Finance,NA,0,0,0,1,1,3,0,0,16,6.809,0.127,42.84,48.94,2.212,0,0,1
S00668,2026-09-07 00:11:00,nghifindaka,Information Technology,NA,0,1,0,0,0,2,1,3,17,11.151,0.457,26.03,26.96,2.971,0,0,1
S00669,2026-09-10 07:19:00,nnakale,Customer Service,NA,0,0,0,1,1,4,1,0,15,2.129,0.0,10.09,7.01,3.618,0,1,1
S00670,2026-09-09 17:54:00,nduminga,Customer Service,NA,0,0,0,0,1,1,0,1,11,3.659,1.57,15.1,11.22,0.467,0,0,0
S00671,2026-09-13 04:52:00,mukwambi,Human Resources,NA,0,0,0,0,1,3,0,0,16,12.761,0.62,30.43,23.64,3.078,0,0,0
S00672,2026-09-11 09:23:00,tjirera,Internal Audit,NA,1,0,1,0,1,4,2,0,15,12.109,0.649,3.0,7.24,2.97,0,0,1
S00673,2026-09-09 05:33:00,tjirera,Internal Audit,NA,0,0,2,1,1,2,0,0,13,0.642,0.0,3.59,34.51,0.66,0,0,0
S00674,2026-09-07 21:28:00,katjiuongua,Information Technology,NA,0,1,0,0,1,4,0,0,13,4.419,0.386,15.76,2.86,1.942,0,0,0
S00675,2026-09-09 02:36:00,sihuhua,Customer Service,BW,0,0,1,0,1,3,0,0,6,2.109,1.773,22.83,3.69,1.278,0,0,0
S00676,2026-09-12 09:02:00,pnakale,Human Resources,NA,0,0,1,1,1,3,0,0,13,2.193,0.938,14.28,2.96,0.575,0,0,0
S00677,2026-09-12 11:01:00,nduminga,Customer Service,NA,0,0,0,0,1,1,0,0,9,2.944,0.0,39.27,18.84,1.457,0,0,0
S00678,2026-09-13 16:23:00,nambala,Loans,NA,0,0,1,0,1,1,0,0,10,9.202,0.868,4.47,18.66,2.252,0,0,0
S00679,2026-09-11 07:14:00,nghifindaka,Information Technology,NA,0,0,1,1,1,7,2,0,24,13.952,0.044,22.26,2.27,1.124,0,0,0
S00680,2026-09-09 06:54:00,nghifindaka,Information Technology,BW,0,0,1,1,0,2,0,0,11,5.884,0.049,19.85,19.57,1.366,0,0,0
S00681,2026-09-12 11:46:00,ntinda,Marketing,NA,0,0,1,0,1,2,0,0,12,18.195,0.0,49.47,5.63,0.511,0,0,0
S00682,2026-09-09 05:36:00,mbandeka,Legal,NA,0,0,0,0,1,2,0,0,15,32.29,0.648,13.8,38.67,1.038,0,0,0
S00683,2026-09-08 03:12:00,nambala,Loans,ZA,0,0,1,0,0,3,0,0,9,2.938,0.305,13.8,13.0,2.16,0,0,1
S00684,2026-09-11 21:46:00,tshivute,Finance,NA,0,0,0,0,1,2,0,0,9,11.247,2.411,55.18,3.66,4.105,0,0,0
S00685,2026-09-09 15:39:00,shilongo,Loans,ZA,0,1,0,0,1,1,0,0,10,36.819,0.674,40.23,35.67,1.923,0,0,1
S00686,2026-09-13 14:41:00,katjiuongua,Information Technology,NA,0,1,0,0,1,2,1,1,10,10.839,0.0,45.84,6.13,1.795,0,0,1
S00687,2026-09-08 02:03:00,katjiuongua,Information Technology,NA,0,0,1,1,1,2,0,0,10,2.298,0.0,22.45,12.77,0.859,0,0,0
S00688,2026-09-07 12:20:00,pnakale,Human Resources,NA,0,0,1,1,1,1,0,1,4,4.523,0.0,9.6,8.7,1.303,0,0,0
S00689,2026-09-07 09:21:00,sankwasa,Procurement,NA,0,0,1,0,0,1,0,1,12,3.286,0.0,0.33,3.54,0.064,0,0,0
S00690,2026-09-07 16:46:00,murorua,Risk,NA,0,0,1,0,1,3,0,0,10,24.745,0.0,17.4,17.5,1.862,0,0,0
S00691,2026-09-12 03:40:00,amupanda,Compliance,NA,0,0,1,0,1,5,0,1,16,8.198,0.0,32.59,4.49,0.116,0,0,0
S00692,2026-09-11 02:35:00,sankwasa,Procurement,NA,0,1,0,0,1,5,0,0,14,6.94,0.144,31.54,19.5,0.913,0,0,0
S00693,2026-09-14 04:52:00,ndjaba,Customer Service,NA,0,0,0,1,0,2,0,1,9,13.243,2.095,6.02,19.67,1.865,0,0,0
S00694,2026-09-12 06:30:00,kndjavera,Compliance,ZA,0,0,2,1,1,3,0,0,10,3.739,1.203,35.3,13.6,1.519,0,0,0
S00695,2026-09-13 05:26:00,amupanda,Compliance,NA,0,0,0,0,1,7,2,0,15,8.352,2.521,26.21,0.67,2.3,0,0,0
S00696,2026-09-10 02:44:00,ntinda,Marketing,NA,0,0,0,0,0,2,0,0,17,5.971,0.0,5.51,13.46,1.655,0,0,0
S00697,2026-09-08 03:25:00,ntinda,Marketing,NA,0,0,0,0,1,3,0,0,6,5.484,0.694,20.89,17.83,1.551,0,0,0
S00698,2026-09-12 02:13:00,mukwambi,Human Resources,NA,0,0,1,0,1,1,0,0,13,6.366,2.196,20.46,2.53,6.536,0,0,1
S00699,2026-09-08 23:11:00,mbandeka,Legal,ZA,0,0,0,0,1,1,0,0,11,22.451,0.959,10.88,25.05,5.228,0,0,0
S00700,2026-09-13 06:01:00,hamukwaya,Treasury,NA,0,0,0,0,1,6,0,0,14,26.521,1.439,10.39,12.44,1.44,0,0,0
S00701,2026-09-13 17:39:00,shapaka,Executive,NA,0,0,0,0,1,4,0,0,15,8.583,1.114,7.85,19.34,1.415,0,0,0
S00702,2026-09-08 19:35:00,nduminga,Customer Service,NA,0,0,0,0,1,1,0,0,15,1.899,0.0,6.02,13.16,0.764,0,0,0
S00703,2026-09-09 08:44:00,tshivute,Finance,NA,0,0,1,0,1,1,0,0,18,6.703,0.884,7.08,12.21,2.968,0,0,0
S00704,2026-09-08 19:19:00,nghifindaka,Information Technology,NA,0,0,3,1,1,1,0,0,18,11.526,0.0,17.56,2.17,0.969,0,0,0
S00705,2026-09-13 06:42:00,ndjaba,Customer Service,NA,0,0,0,0,0,3,1,0,20,8.174,1.077,19.12,13.7,0.579,0,0,0
S00706,2026-09-14 00:06:00,hamukwaya,Treasury,NA,0,0,1,0,0,5,1,0,13,10.71,0.0,16.7,7.48,0.095,0,0,0
S00707,2026-09-13 14:21:00,ndjaba,Customer Service,NA,0,0,0,0,1,3,1,0,16,4.834,0.4,3.77,23.44,4.425,0,1,1
S00708,2026-09-12 12:50:00,hamukwaya,Treasury,NA,0,0,0,0,1,3,0,0,18,2.488,1.749,37.97,44.16,0.673,0,0,0
S00709,2026-09-12 12:49:00,jkavari,Finance,NA,0,0,0,0,1,2,0,0,13,28.02,0.003,5.97,0.69,1.995,0,0,0
S00710,2026-09-12 09:07:00,tshivute,Finance,NA,0,0,0,0,1,2,0,0,16,10.267,1.027,38.83,10.34,0.424,0,0,0
S00711,2026-09-12 16:59:00,tjirera,Internal Audit,NA,0,0,1,1,1,4,0,0,10,3.325,9.138,8.2,20.01,0.991,0,0,0
S00712,2026-09-07 23:23:00,amupanda,Compliance,NA,0,0,0,0,1,10,1,0,15,8.964,0.568,6.98,9.21,0.881,0,0,0
S00713,2026-09-09 12:36:00,kndjavera,Compliance,NA,0,0,0,0,1,5,1,0,17,6.011,0.331,12.79,6.18,0.278,0,0,0
S00714,2026-09-12 06:27:00,tjirera,Internal Audit,NA,0,1,0,1,1,4,1,1,12,12.723,1.926,18.98,1.69,0.414,0,0,0
S00715,2026-09-11 08:04:00,nambala,Loans,NA,0,0,1,1,1,4,1,0,18,3.927,0.528,2.72,34.95,1.43,0,0,0
S00716,2026-09-11 05:28:00,haufiku,Information Technology,NA,0,0,1,0,1,7,3,0,30,11.685,1.335,28.21,4.96,3.495,0,0,1
S00717,2026-09-07 18:41:00,mbandeka,Legal,NA,0,0,0,0,1,2,0,0,9,24.55,0.0,21.88,8.91,3.5,0,0,0
S00718,2026-09-07 21:29:00,jkavari,Finance,NA,0,0,0,0,1,1,0,0,11,13.095,0.0,12.12,12.3,0.441,0,0,0
S00719,2026-09-12 11:08:00,tjirera,Internal Audit,NA,0,0,0,1,1,3,1,0,15,12.312,0.409,36.56,28.02,1.536,0,0,0
S00720,2026-09-10 13:21:00,nnakale,Customer Service,NA,0,0,2,1,1,5,0,0,12,6.171,0.0,8.18,20.5,6.147,0,0,1
S00721,2026-09-07 21:56:00,mukwambi,Human Resources,NA,0,0,1,1,0,3,0,0,11,17.235,1.053,44.85,27.76,3.316,0,0,1
S00722,2026-09-12 19:51:00,pnakale,Human Resources,NA,0,0,2,0,1,4,2,0,15,10.754,0.0,35.26,12.04,1.705,0,0,0
S00723,2026-09-11 14:45:00,amupanda,Compliance,NA,0,0,1,0,0,8,3,0,23,13.129,2.221,11.1,8.44,1.122,0,0,0
S00724,2026-09-13 18:49:00,tshivute,Finance,NA,0,0,0,0,0,7,0,0,6,5.419,0.0,30.36,21.46,1.426,0,0,0
S00725,2026-09-09 16:53:00,nnakale,Customer Service,NA,0,0,2,2,1,6,0,0,16,9.607,1.823,10.6,39.52,0.609,0,0,0
S00726,2026-09-10 01:29:00,nambala,Loans,NA,0,1,0,1,1,4,0,0,10,21.495,0.983,44.85,19.98,1.091,0,0,1
S00727,2026-09-09 19:04:00,mhaingura,Customer Service,NA,0,0,0,0,1,3,1,0,7,11.108,0.008,4.73,16.99,3.547,0,0,0
S00728,2026-09-12 21:27:00,shilongo,Loans,NA,0,0,0,0,0,2,0,1,15,18.107,0.872,28.17,15.62,0.836,0,0,0
S00729,2026-09-11 14:37:00,ndjaba,Customer Service,ZA,0,0,3,0,1,1,0,0,19,25.692,0.0,3.44,18.41,1.024,0,0,0
S00730,2026-09-08 11:18:00,sankwasa,Procurement,NA,0,0,0,0,1,2,0,0,7,9.904,0.514,23.73,22.8,0.744,0,0,0
S00731,2026-09-07 15:50:00,haufiku,Information Technology,NA,0,0,0,0,1,4,2,0,16,18.385,0.0,9.53,8.72,0.835,0,0,0
S00732,2026-09-09 23:35:00,nduminga,Customer Service,NA,0,0,0,1,1,7,3,0,13,26.361,0.0,28.51,9.89,4.348,0,0,1
S00733,2026-09-08 17:18:00,nnakale,Customer Service,NA,0,0,0,1,1,2,0,0,17,21.481,0.866,17.94,20.94,1.288,0,0,1
S00734,2026-09-07 09:42:00,mhaingura,Customer Service,NA,0,0,0,1,1,3,0,0,7,2.284,5.65,38.89,24.33,0.903,0,0,0
S00735,2026-09-12 20:04:00,nduminga,Customer Service,NA,0,0,0,0,0,2,0,0,15,12.596,0.0,10.32,28.71,0.5,0,0,0
S00736,2026-09-09 05:42:00,jkavari,Finance,ZA,0,0,0,0,1,1,0,0,6,5.634,0.0,13.24,24.24,1.672,0,0,0
S00737,2026-09-12 04:03:00,nduminga,Customer Service,NA,0,0,0,0,1,2,1,0,17,20.935,0.0,17.41,6.58,1.855,0,1,0
S00738,2026-09-09 17:32:00,kndjavera,Compliance,ZA,0,0,5,2,1,1,0,0,11,16.378,0.0,21.03,19.82,2.034,0,0,1
S00739,2026-09-09 09:02:00,shilongo,Loans,NA,0,0,3,1,1,7,2,0,17,4.762,0.863,37.76,35.28,0.23,0,1,1
S00740,2026-09-08 22:36:00,murorua,Risk,NA,0,0,0,0,1,5,0,0,19,7.554,1.414,19.27,13.64,1.254,0,0,0
S00741,2026-09-09 16:27:00,nghifindaka,Information Technology,NA,0,0,1,2,1,5,1,0,14,4.151,0.205,50.39,29.0,4.009,0,0,1
S00742,2026-09-14 00:58:00,kndjavera,Compliance,NA,0,0,0,0,1,2,0,0,13,3.394,0.803,14.6,4.52,3.451,0,0,0
S00743,2026-09-14 04:15:00,sihuhua,Customer Service,NA,0,0,0,0,1,3,0,0,16,5.359,7.101,16.98,5.95,1.388,0,0,0
S00744,2026-09-08 23:41:00,sihuhua,Customer Service,NA,0,0,0,0,1,1,1,1,18,27.826,0.172,5.15,18.31,1.106,0,0,0
S00745,2026-09-10 20:58:00,nghifindaka,Information Technology,NA,0,0,1,0,1,4,2,0,21,15.524,0.0,16.02,20.79,0.36,0,0,0
S00746,2026-09-13 18:52:00,tshivute,Finance,NA,0,0,0,0,1,3,0,0,12,14.302,0.832,32.48,6.12,2.572,0,0,0
S00747,2026-09-11 17:50:00,tshivute,Finance,NA,0,0,0,0,1,4,1,0,22,5.692,1.562,10.31,0.56,3.671,0,0,0
S00748,2026-09-13 07:21:00,katjiuongua,Information Technology,NA,0,1,0,0,1,2,0,0,11,24.715,1.541,11.28,4.75,0.607,0,0,1
S00749,2026-09-07 19:37:00,nambala,Loans,NA,0,0,1,2,1,6,0,0,14,9.414,1.552,25.86,10.19,0.912,0,0,0
S00750,2026-09-13 08:33:00,ndjaba,Customer Service,NA,0,0,0,0,1,3,0,2,12,12.279,0.038,17.19,28.75,1.275,0,0,0
S00751,2026-09-11 16:55:00,mukwambi,Human Resources,ZA,1,0,1,0,1,1,0,0,7,6.086,0.132,5.66,4.57,0.601,0,0,0
S00752,2026-09-12 15:09:00,shilongo,Loans,NA,0,0,0,0,1,4,0,0,5,8.639,3.845,11.98,11.52,0.517,0,0,0
S00753,2026-09-09 10:23:00,sankwasa,Procurement,NA,0,0,0,2,1,2,0,1,10,3.145,0.249,8.82,38.84,4.651,0,0,1
S00754,2026-09-12 01:02:00,ntinda,Marketing,NA,0,0,0,0,1,2,0,0,13,9.931,0.19,11.74,14.19,3.591,0,0,0
S00755,2026-09-13 02:00:00,amupanda,Compliance,NA,0,0,1,0,0,3,1,0,19,1.981,0.753,19.87,30.85,1.891,0,0,0
S00756,2026-09-11 15:55:00,ntinda,Marketing,NA,0,0,1,0,1,4,0,0,16,13.728,1.235,12.93,36.83,2.457,0,0,0
S00757,2026-09-11 16:28:00,hamukwaya,Treasury,NA,0,0,0,0,1,1,0,0,12,3.126,0.031,11.54,8.59,0.085,0,0,0
S00758,2026-09-12 04:36:00,ndjaba,Customer Service,NA,0,0,0,1,1,3,1,0,16,4.856,0.0,12.91,18.56,0.956,0,0,0
S00759,2026-09-07 09:15:00,sihuhua,Customer Service,NA,0,0,0,0,0,1,0,0,14,4.805,10.315,17.64,3.32,0.556,0,0,0
S00760,2026-09-13 22:22:00,amupanda,Compliance,NA,0,0,0,1,1,6,1,1,21,5.709,0.934,22.02,12.84,1.102,0,0,0
S00761,2026-09-07 04:39:00,jkavari,Finance,NA,0,0,1,0,1,3,0,0,10,26.144,1.259,8.23,14.28,2.836,0,0,0
S00762,2026-09-10 18:01:00,ndjaba,Customer Service,ZA,0,0,2,0,1,8,0,1,10,1.966,4.384,19.52,19.72,0.622,0,0,0
S00763,2026-09-09 05:46:00,nduminga,Customer Service,NA,0,0,0,1,1,4,0,0,13,6.862,0.0,8.97,19.02,0.781,0,0,0
S00764,2026-09-13 05:35:00,sihuhua,Customer Service,NA,0,0,1,0,1,6,1,0,17,12.0,4.419,13.51,7.05,3.783,0,0,0
S00765,2026-09-13 19:56:00,mbandeka,Legal,NA,0,0,0,1,1,3,0,0,16,4.9,0.0,19.37,11.14,4.791,0,0,0
S00766,2026-09-10 04:53:00,sihuhua,Customer Service,NA,0,1,0,0,0,4,0,0,16,3.365,0.056,4.3,7.72,0.669,0,0,0
S00767,2026-09-13 06:53:00,tjirera,Internal Audit,NA,0,0,0,0,1,3,0,0,9,30.328,2.705,17.67,5.5,0.398,0,0,0
S00768,2026-09-13 11:54:00,pnakale,Human Resources,NA,0,0,2,0,1,3,0,0,10,2.844,0.0,24.67,21.92,0.673,0,0,0
S00769,2026-09-13 02:00:00,shapaka,Executive,ZA,0,1,0,0,1,4,0,0,11,13.386,0.0,20.99,5.34,3.884,0,0,0
S00770,2026-09-13 14:49:00,shapaka,Executive,NA,0,0,0,0,1,7,0,1,11,4.017,5.433,21.94,18.61,5.323,0,0,1
S00771,2026-09-08 00:31:00,ntinda,Marketing,NA,0,0,0,0,0,2,0,0,11,5.084,1.505,16.79,13.79,0.68,0,0,0
S00772,2026-09-13 13:49:00,shilongo,Loans,NA,0,0,0,0,1,3,0,0,17,2.996,0.0,20.37,15.7,2.084,0,0,0
S00773,2026-09-12 10:57:00,ndjaba,Customer Service,NA,0,0,1,1,1,3,1,0,20,25.786,3.821,18.83,32.8,1.329,0,1,1
S00774,2026-09-07 14:46:00,nduminga,Customer Service,NA,0,0,0,0,1,3,0,0,3,4.527,0.0,21.37,18.05,1.582,0,0,0
S00775,2026-09-08 13:47:00,pnakale,Human Resources,NA,0,0,0,0,1,6,0,0,8,8.486,0.0,19.58,2.97,0.444,0,0,0
S00776,2026-09-10 08:29:00,ndjaba,Customer Service,NA,0,0,1,0,1,5,0,0,14,18.059,0.58,0.61,13.05,1.885,0,0,0
S00777,2026-09-11 13:47:00,nghifindaka,Information Technology,NA,0,0,1,0,1,6,2,1,21,38.744,0.0,6.34,21.26,2.223,0,0,0
S00778,2026-09-13 14:55:00,ndjaba,Customer Service,NA,0,0,0,0,0,3,0,0,20,16.416,2.911,31.04,3.14,0.156,0,0,0
S00779,2026-09-07 00:06:00,haufiku,Information Technology,NA,1,0,1,0,1,2,0,0,8,10.91,0.0,5.53,15.78,0.953,0,0,0
S00780,2026-09-08 20:37:00,mhaingura,Customer Service,NA,0,0,0,1,1,4,1,0,16,2.378,0.0,8.13,10.37,3.177,0,0,0
S00781,2026-09-11 08:59:00,nnakale,Customer Service,NA,0,0,0,0,1,1,1,2,23,5.504,0.0,10.63,18.8,2.008,0,0,0
S00782,2026-09-12 07:11:00,katjiuongua,Information Technology,NA,0,0,0,0,1,1,0,0,17,5.428,0.375,7.44,15.0,1.591,0,0,0
S00783,2026-09-12 14:00:00,nduminga,Customer Service,ZA,1,0,1,1,1,4,0,0,13,49.651,0.0,15.95,5.72,4.819,1,0,1
S00784,2026-09-10 18:27:00,nambala,Loans,NA,0,0,1,0,0,2,0,0,8,3.161,0.0,10.07,28.51,0.343,0,0,1
S00785,2026-09-10 08:28:00,sihuhua,Customer Service,NA,0,0,0,0,0,3,0,0,9,8.892,0.0,51.18,6.39,0.171,0,0,0
S00786,2026-09-14 00:30:00,tjirera,Internal Audit,NA,0,0,0,0,1,1,0,0,11,6.237,5.396,22.54,20.59,1.584,0,0,0
S00787,2026-09-08 11:28:00,shapaka,Executive,NA,1,1,1,1,1,1,0,0,19,1.16,0.0,8.7,12.85,0.132,0,0,1
S00788,2026-09-12 15:19:00,haufiku,Information Technology,NA,0,0,1,0,1,1,0,1,10,3.841,0.0,14.94,9.83,0.798,0,0,0
S00789,2026-09-12 19:36:00,hamukwaya,Treasury,NA,0,0,0,0,1,11,1,0,12,28.254,3.238,8.99,45.36,1.111,0,0,0
S00790,2026-09-09 04:21:00,nambala,Loans,ZA,0,0,1,0,1,1,0,0,11,3.839,13.279,30.05,2.43,1.354,0,0,0
S00791,2026-09-08 21:10:00,kndjavera,Compliance,NA,0,0,0,0,1,2,1,0,17,5.444,0.0,26.68,23.96,1.466,0,0,0
S00792,2026-09-08 16:20:00,ntinda,Marketing,NA,0,0,0,0,1,2,0,1,14,10.306,0.0,4.76,1.14,1.808,0,0,0
S00793,2026-09-07 14:15:00,sankwasa,Procurement,ZA,0,0,2,0,1,1,0,1,14,15.645,0.0,9.97,5.56,1.411,0,0,0
S00794,2026-09-10 00:44:00,nambala,Loans,NA,0,0,1,0,1,2,1,0,15,23.76,1.018,29.96,11.13,0.342,0,0,0
S00795,2026-09-11 12:55:00,sihuhua,Customer Service,ZA,0,0,2,0,1,1,0,1,18,2.914,0.496,17.03,13.54,3.201,0,0,0
S00796,2026-09-12 06:40:00,tkamati,Customer Service,NA,0,0,2,0,1,4,0,0,7,12.326,0.642,2.26,10.63,1.188,0,0,0
S00797,2026-09-12 10:56:00,shapaka,Executive,NA,0,0,1,0,1,2,0,0,17,5.787,0.747,9.45,5.75,3.108,0,0,0
S00798,2026-09-08 14:22:00,shapaka,Executive,NA,0,0,0,1,0,1,0,0,10,16.833,0.079,36.14,24.1,1.474,0,0,0
S00799,2026-09-12 20:40:00,nambala,Loans,NA,0,0,2,0,1,3,0,0,13,21.909,1.731,5.41,4.14,0.746,0,0,0
S00800,2026-09-11 17:38:00,tshivute,Finance,NA,0,0,0,0,1,7,0,1,7,0.534,0.0,16.4,1.01,1.811,0,0,0
S00801,2026-09-07 03:50:00,nnakale,Customer Service,NA,0,0,1,0,1,3,0,1,12,3.663,0.012,9.82,8.27,4.813,0,0,0
S00802,2026-09-13 07:42:00,shapaka,Executive,NA,0,0,1,1,0,1,0,0,15,3.003,0.0,26.01,2.22,1.131,0,0,0
S00803,2026-09-12 00:20:00,nduminga,Customer Service,NA,0,0,1,0,1,2,0,1,11,3.598,0.0,10.84,15.86,0.292,0,0,0
S00804,2026-09-11 11:49:00,tjirera,Internal Audit,NA,0,0,0,2,1,2,0,0,9,6.581,1.642,8.32,9.9,4.012,0,0,0
S00805,2026-09-11 13:06:00,hamukwaya,Treasury,NA,0,0,1,0,1,2,0,0,18,6.266,0.938,2.18,2.28,2.993,0,0,0
S00806,2026-09-08 08:01:00,sihuhua,Customer Service,NA,0,0,0,0,1,2,0,0,10,19.68,0.0,3.3,28.51,1.677,0,0,0
S00807,2026-09-08 18:43:00,tshivute,Finance,NA,0,0,0,0,1,4,0,0,12,3.628,0.0,4.67,23.09,1.276,0,0,0
S00808,2026-09-12 17:35:00,tkamati,Customer Service,NA,0,0,1,0,0,4,0,0,19,3.036,3.577,28.05,7.58,0.458,0,0,0
S00809,2026-09-13 02:26:00,ntinda,Marketing,NA,0,0,0,0,1,1,0,0,13,1.629,1.551,28.63,16.59,1.315,0,0,0
S00810,2026-09-08 05:05:00,mukwambi,Human Resources,NA,0,0,1,0,1,3,0,0,12,4.807,0.0,11.73,6.22,1.646,0,0,0
S00811,2026-09-10 16:47:00,tkamati,Customer Service,NA,0,0,1,0,1,2,0,0,16,9.308,1.037,9.74,6.67,0.759,0,0,0
S00812,2026-09-10 09:55:00,sankwasa,Procurement,NA,0,0,0,0,1,7,1,0,12,24.826,1.6,14.76,11.15,0.636,0,0,0
S00813,2026-09-13 23:57:00,pnakale,Human Resources,NA,0,0,0,1,1,2,0,0,11,12.611,0.366,3.0,6.16,1.884,0,0,0
S00814,2026-09-12 22:06:00,jkavari,Finance,NA,0,0,0,0,1,4,0,0,7,2.95,0.0,34.91,17.81,0.443,0,0,0
S00815,2026-09-12 17:45:00,katjiuongua,Information Technology,NA,0,0,1,3,1,4,0,0,13,5.327,0.0,8.14,11.19,0.34,0,0,0
S00816,2026-09-09 22:30:00,jkavari,Finance,NA,0,0,2,1,1,3,0,0,12,28.981,3.116,8.07,19.24,3.461,0,0,0
S00817,2026-09-07 18:50:00,sihuhua,Customer Service,NA,1,0,0,0,1,2,0,0,11,2.08,0.0,12.42,30.63,3.529,0,0,0
S00818,2026-09-10 15:55:00,sankwasa,Procurement,NA,0,0,1,0,1,2,0,0,14,7.91,2.739,8.57,31.69,0.136,0,0,0
S00819,2026-09-11 22:42:00,hamukwaya,Treasury,BW,0,0,2,0,1,3,2,0,19,5.776,0.102,13.42,11.43,5.155,1,0,1
S00820,2026-09-10 18:03:00,nambala,Loans,NA,0,0,1,1,1,4,0,0,12,3.077,0.0,9.62,18.23,2.019,0,0,0
S00821,2026-09-12 09:31:00,mukwambi,Human Resources,NA,0,0,0,0,1,2,0,0,8,4.123,0.0,16.05,0.55,3.439,0,0,0
S00822,2026-09-07 01:23:00,ndjaba,Customer Service,NA,0,1,1,1,1,1,0,0,6,15.249,0.867,9.35,5.88,1.965,0,0,0
S00823,2026-09-11 10:56:00,mukwambi,Human Resources,NA,0,0,0,0,1,5,0,1,15,34.926,0.574,8.49,9.53,0.7,0,0,0
S00824,2026-09-09 18:48:00,jkavari,Finance,NA,0,1,1,0,1,5,0,0,9,3.417,0.099,5.63,7.29,1.088,0,0,0
S00825,2026-09-12 18:40:00,mhaingura,Customer Service,NA,0,0,0,0,1,3,0,0,14,8.241,0.0,37.44,25.27,4.171,0,0,0
S00826,2026-09-11 17:48:00,nnakale,Customer Service,NA,0,0,0,0,1,2,0,0,9,14.997,0.0,14.25,1.37,0.699,0,0,0
S00827,2026-09-13 20:40:00,ntinda,Marketing,NA,0,0,0,0,1,5,1,0,15,10.466,4.683,12.56,17.38,1.388,0,0,0
S00828,2026-09-08 04:16:00,sankwasa,Procurement,NA,0,0,1,1,1,5,1,2,18,7.727,4.361,8.19,22.32,1.403,0,1,1
S00829,2026-09-10 20:56:00,murorua,Risk,NA,0,0,1,2,1,1,0,0,15,7.519,0.753,15.96,5.59,0.89,0,0,0
S00830,2026-09-07 22:16:00,sihuhua,Customer Service,NA,0,0,0,0,1,3,0,0,18,4.398,0.245,2.7,3.19,0.568,0,0,0
S00831,2026-09-13 10:45:00,shilongo,Loans,NA,0,0,0,0,1,5,1,0,15,3.798,0.734,8.53,36.15,1.092,0,0,0
S00832,2026-09-08 17:42:00,shilongo,Loans,NA,0,0,1,1,1,4,0,0,10,41.652,0.442,24.03,34.16,0.44,0,0,0
S00833,2026-09-12 15:42:00,hamukwaya,Treasury,NA,0,1,0,0,1,3,0,0,14,14.968,0.0,13.27,3.17,2.68,0,0,0
S00834,2026-09-10 07:03:00,jkavari,Finance,NA,0,1,0,0,1,4,1,0,17,17.202,0.0,22.04,19.66,4.745,0,0,1
S00835,2026-09-09 11:47:00,mbandeka,Legal,NA,0,0,0,1,1,4,0,0,18,9.183,0.0,35.77,1.7,2.356,0,0,0
S00836,2026-09-11 08:02:00,pnakale,Human Resources,BW,0,0,1,0,1,1,1,0,19,67.864,0.0,24.07,11.31,1.78,0,0,0
S00837,2026-09-13 04:45:00,nghifindaka,Information Technology,NA,0,0,0,0,1,5,1,0,12,1.504,0.0,25.97,13.47,1.496,0,0,0
S00838,2026-09-13 06:35:00,tkamati,Customer Service,NA,0,1,0,0,1,3,0,0,8,12.15,1.683,17.24,30.48,2.614,0,0,1
S00839,2026-09-14 00:27:00,tkamati,Customer Service,NA,0,0,1,1,1,1,0,0,9,6.636,0.375,2.21,5.21,0.169,0,0,0
S00840,2026-09-13 17:10:00,shilongo,Loans,NA,0,1,0,0,1,5,0,0,13,72.393,2.451,2.17,40.08,0.435,0,0,0
S00841,2026-09-12 13:47:00,mbandeka,Legal,ZA,0,0,1,0,1,4,0,1,16,11.733,0.747,8.82,15.17,0.52,0,0,0
S00842,2026-09-07 08:05:00,jkavari,Finance,NA,0,1,0,0,1,4,0,0,13,12.673,3.419,8.58,7.51,3.014,0,0,0
S00843,2026-09-08 15:55:00,ntinda,Marketing,NA,0,0,0,0,1,3,0,0,7,1.274,0.829,58.41,19.29,0.657,0,0,0
S00844,2026-09-10 05:47:00,haufiku,Information Technology,BW,0,0,0,0,1,2,1,0,13,14.465,0.991,10.09,8.62,1.967,0,0,0
S00845,2026-09-07 17:22:00,shilongo,Loans,NA,0,0,0,0,1,1,0,0,11,19.577,0.0,19.79,51.59,1.916,0,0,0
S00846,2026-09-10 19:56:00,kndjavera,Compliance,NA,0,0,1,0,1,2,0,0,10,0.855,0.0,42.63,39.64,1.172,0,0,0
S00847,2026-09-13 11:01:00,pnakale,Human Resources,NA,0,0,0,0,1,3,0,1,11,4.419,0.268,3.56,24.61,1.486,0,0,0
S00848,2026-09-13 17:44:00,ntinda,Marketing,NA,0,1,0,0,1,4,0,0,10,2.478,1.509,9.85,7.23,2.244,0,0,0
S00849,2026-09-10 13:12:00,tshivute,Finance,NA,0,0,0,0,1,6,2,0,23,14.474,3.566,9.58,16.77,5.931,0,0,1
S00850,2026-09-07 18:36:00,sihuhua,Customer Service,NA,0,0,0,0,1,6,0,0,5,3.517,0.0,54.69,10.3,2.611,0,0,0
S00851,2026-09-11 17:05:00,mbandeka,Legal,NA,0,0,1,0,1,4,1,0,11,18.604,0.656,19.42,15.54,0.335,0,0,0
S00852,2026-09-10 20:12:00,kndjavera,Compliance,NA,0,0,0,0,1,4,0,0,19,29.204,0.544,46.94,10.37,1.214,0,0,0
S00853,2026-09-14 02:20:00,sankwasa,Procurement,ZA,0,1,0,0,1,2,1,0,13,4.63,0.0,3.0,2.27,3.008,0,1,1
S00854,2026-09-09 07:01:00,ntinda,Marketing,NA,0,0,0,1,1,4,0,0,19,6.406,0.294,16.35,12.27,1.761,0,0,0
S00855,2026-09-09 12:28:00,ndjaba,Customer Service,NA,0,0,0,0,1,2,0,1,13,3.934,0.0,6.07,22.74,0.483,0,0,0
S00856,2026-09-12 08:41:00,nghifindaka,Information Technology,NA,0,0,0,0,1,3,2,2,20,13.22,0.0,3.23,4.93,2.168,0,0,0
S00857,2026-09-07 03:10:00,katjiuongua,Information Technology,NA,0,0,0,0,1,4,1,1,12,4.325,5.739,44.03,7.3,0.55,0,0,0
S00858,2026-09-07 07:32:00,ntinda,Marketing,NA,0,0,0,0,1,6,2,1,12,11.432,0.0,1.07,3.3,0.11,0,1,0
S00859,2026-09-11 11:06:00,katjiuongua,Information Technology,NA,0,1,0,0,1,4,0,0,16,10.074,0.172,8.73,19.57,0.214,0,0,0
S00860,2026-09-09 18:16:00,nambala,Loans,NA,0,0,1,0,1,3,1,1,10,45.973,0.0,30.54,18.19,1.345,0,0,0
S00861,2026-09-07 01:45:00,sankwasa,Procurement,NA,0,0,0,0,1,2,0,0,13,28.379,0.152,2.19,14.72,2.071,0,0,1
S00862,2026-09-07 02:08:00,pnakale,Human Resources,NA,0,0,0,0,1,4,2,1,18,3.85,2.588,39.91,7.87,1.709,0,0,0
S00863,2026-09-07 16:18:00,murorua,Risk,ZA,1,0,4,0,1,7,0,0,9,8.311,0.131,18.9,10.14,0.219,0,0,0
S00864,2026-09-09 17:17:00,jkavari,Finance,NA,0,0,2,0,1,3,0,0,19,15.794,3.864,21.47,2.34,0.075,0,0,0
S00865,2026-09-09 17:07:00,shapaka,Executive,NA,0,0,0,1,1,3,0,0,8,2.532,0.711,11.75,2.03,3.024,0,0,0
S00866,2026-09-12 12:20:00,jkavari,Finance,NA,0,1,0,0,0,5,0,0,13,11.123,1.067,14.52,23.74,0.487,0,0,0
S00867,2026-09-07 11:33:00,mukwambi,Human Resources,NA,0,0,0,0,1,6,1,0,13,3.127,0.406,26.47,7.12,2.256,0,0,0
S00868,2026-09-12 05:01:00,tkamati,Customer Service,NA,0,0,2,0,1,2,0,0,15,2.421,0.03,21.23,7.04,0.261,0,0,0
S00869,2026-09-12 05:05:00,mhaingura,Customer Service,NA,0,0,0,0,1,4,0,1,15,20.308,1.269,18.72,12.98,0.223,0,0,0
S00870,2026-09-08 19:47:00,ntinda,Marketing,NA,0,1,1,0,1,8,1,0,9,2.545,1.04,4.83,13.73,3.826,0,1,1
S00871,2026-09-11 22:13:00,tjirera,Internal Audit,NA,0,0,0,0,1,2,1,1,15,4.121,0.557,4.12,1.23,3.654,0,0,0
S00872,2026-09-14 04:34:00,nnakale,Customer Service,NA,0,0,0,1,0,10,0,0,12,6.672,0.0,13.08,3.71,0.27,0,0,0
S00873,2026-09-11 12:14:00,tkamati,Customer Service,BW,1,1,3,0,1,3,0,0,5,5.882,0.0,14.68,16.75,4.369,0,0,1
S00874,2026-09-09 16:14:00,nambala,Loans,NA,0,0,0,0,1,3,0,0,11,9.808,0.0,26.82,16.14,1.678,0,0,0
S00875,2026-09-11 13:21:00,amupanda,Compliance,NA,0,0,0,0,1,1,0,0,14,7.443,0.427,26.26,6.92,3.695,0,0,0
S00876,2026-09-07 13:12:00,pnakale,Human Resources,NA,0,0,0,0,1,1,0,0,11,4.724,0.0,0.8,29.48,1.942,0,0,0
S00877,2026-09-07 20:34:00,mukwambi,Human Resources,NA,0,0,2,1,1,1,0,0,18,6.266,0.445,20.72,5.29,3.371,0,0,0
S00878,2026-09-07 06:20:00,ntinda,Marketing,NA,0,0,0,0,1,4,0,0,12,9.387,0.0,9.22,21.19,1.605,0,0,0
S00879,2026-09-10 17:51:00,ntinda,Marketing,NA,0,0,1,0,1,5,0,0,8,8.008,5.567,8.16,4.1,4.218,0,0,0
S00880,2026-09-12 18:08:00,jkavari,Finance,NA,0,0,2,1,1,6,1,1,14,8.84,0.357,20.13,12.97,2.575,0,0,0
S00881,2026-09-07 23:35:00,nambala,Loans,NA,0,0,0,0,1,3,0,0,10,3.677,0.045,32.29,13.89,3.248,0,0,0
S00882,2026-09-09 08:04:00,kndjavera,Compliance,NA,0,0,0,1,1,3,1,0,12,3.996,0.0,1.17,22.43,1.817,0,0,0
S00883,2026-09-12 18:56:00,kndjavera,Compliance,NA,0,0,1,0,1,5,1,0,13,2.582,0.293,28.36,16.66,1.203,0,0,1
S00884,2026-09-09 16:55:00,jkavari,Finance,NA,0,0,0,0,1,3,0,0,9,6.094,5.609,18.56,25.47,0.222,0,0,0
S00885,2026-09-07 01:52:00,haufiku,Information Technology,NA,0,0,0,0,1,6,1,0,10,4.098,0.39,28.82,5.46,1.644,0,0,0
S00886,2026-09-10 23:18:00,ndjaba,Customer Service,BW,0,1,0,0,1,2,0,0,16,7.899,4.05,30.03,20.01,0.57,0,0,0
S00887,2026-09-10 03:25:00,murorua,Risk,NA,0,0,0,0,1,2,0,0,10,4.995,0.0,29.62,20.43,3.836,0,0,1
S00888,2026-09-14 06:31:00,pnakale,Human Resources,NA,0,0,0,0,1,1,0,0,8,46.433,2.081,0.55,6.15,1.207,0,0,0
S00889,2026-09-11 18:20:00,ndjaba,Customer Service,NA,0,0,1,0,1,3,0,0,15,14.082,0.559,44.76,37.55,5.527,0,0,1
S00890,2026-09-13 16:01:00,nghifindaka,Information Technology,ZA,0,0,1,0,1,1,1,0,16,3.091,0.775,49.33,30.97,1.921,0,0,0
S00891,2026-09-09 13:52:00,tjirera,Internal Audit,NA,0,0,1,1,1,3,1,0,16,23.346,0.769,1.38,1.04,0.174,0,0,0
S00892,2026-09-07 05:49:00,jkavari,Finance,NA,0,0,2,1,1,3,1,0,20,8.988,0.0,13.72,25.18,0.643,0,0,0
S00893,2026-09-08 05:54:00,tjirera,Internal Audit,ZA,0,0,1,0,1,6,3,0,12,31.601,0.046,32.12,8.16,0.906,0,0,0
S00894,2026-09-12 00:30:00,mbandeka,Legal,NA,0,0,0,0,1,2,0,0,8,2.767,4.962,2.0,5.98,1.237,0,0,0
S00895,2026-09-13 23:00:00,amupanda,Compliance,NA,0,1,1,0,1,2,0,0,19,19.238,1.813,32.42,12.13,4.768,0,0,1
S00896,2026-09-07 16:15:00,tjirera,Internal Audit,NA,0,0,2,2,1,3,1,0,14,9.169,0.0,0.64,17.08,0.907,0,0,0
S00897,2026-09-13 17:13:00,shilongo,Loans,NA,0,0,0,0,1,3,0,0,21,13.596,0.0,6.9,6.85,2.578,0,0,0
S00898,2026-09-10 04:17:00,mbandeka,Legal,NA,0,0,1,1,0,3,0,0,14,24.372,0.0,49.44,29.5,0.897,0,0,0
S00899,2026-09-14 02:25:00,tkamati,Customer Service,NA,0,0,1,0,0,4,0,0,8,19.534,0.0,37.28,24.79,2.141,0,0,0
S00900,2026-09-10 01:41:00,sihuhua,Customer Service,NA,0,0,3,0,1,4,0,0,13,12.187,0.0,27.46,25.33,1.691,0,0,0
S00901,2026-09-10 22:23:00,tjirera,Internal Audit,ZA,0,0,1,0,1,4,1,1,12,11.596,0.0,36.1,11.14,0.254,0,0,0
S00902,2026-09-14 00:42:00,mhaingura,Customer Service,BW,0,0,1,0,1,4,1,0,18,27.286,1.03,2.84,2.66,1.226,0,0,0
S00903,2026-09-09 11:08:00,ntinda,Marketing,NA,0,0,0,0,1,5,0,0,11,14.576,0.0,1.03,26.49,1.198,0,0,0
S00904,2026-09-11 14:57:00,mhaingura,Customer Service,NA,0,0,0,0,1,4,1,0,10,3.804,3.536,39.99,11.72,0.602,0,0,0
S00905,2026-09-08 09:41:00,pnakale,Human Resources,NA,0,0,2,2,1,5,0,0,11,4.393,1.881,13.42,30.68,2.486,0,0,0
S00906,2026-09-08 23:20:00,katjiuongua,Information Technology,NA,0,1,1,0,1,3,1,4,15,5.616,0.734,3.5,8.66,3.42,0,0,1
S00907,2026-09-12 21:22:00,nambala,Loans,NA,0,0,0,1,1,2,0,0,15,4.278,1.012,6.79,26.2,4.633,0,0,0
S00908,2026-09-11 22:13:00,tkamati,Customer Service,NA,0,0,0,0,1,2,0,0,6,11.855,0.238,23.22,4.76,1.035,0,0,0
S00909,2026-09-09 02:45:00,shapaka,Executive,NA,0,1,1,0,1,2,1,0,10,25.343,0.0,5.86,17.58,2.845,0,0,1
S00910,2026-09-08 00:29:00,mhaingura,Customer Service,NA,0,0,2,0,1,3,0,0,13,17.738,0.0,30.81,2.38,2.598,0,0,0
S00911,2026-09-09 22:59:00,sihuhua,Customer Service,NA,0,0,0,0,1,3,0,0,14,3.547,0.0,1.57,14.79,0.221,0,0,0
S00912,2026-09-08 18:05:00,kndjavera,Compliance,NA,0,0,2,0,1,6,0,0,7,9.506,0.0,15.37,7.92,1.37,0,0,0
S00913,2026-09-09 13:23:00,hamukwaya,Treasury,NA,0,1,0,0,1,8,0,0,17,5.787,0.434,17.5,16.4,0.568,0,0,1
S00914,2026-09-08 16:03:00,shilongo,Loans,NA,0,0,0,0,0,3,0,0,11,2.117,0.0,11.67,2.62,3.007,0,0,0
S00915,2026-09-10 10:50:00,nghifindaka,Information Technology,NA,0,0,1,0,1,4,0,1,12,21.552,1.78,6.29,23.57,1.238,0,0,0
S00916,2026-09-07 08:47:00,mukwambi,Human Resources,NA,0,0,0,1,1,7,1,0,11,46.341,4.893,2.86,11.69,0.978,0,0,0
S00917,2026-09-10 22:25:00,tkamati,Customer Service,NA,0,0,0,0,1,4,0,0,11,6.577,0.0,11.41,10.41,0.607,0,0,0
S00918,2026-09-12 10:41:00,nambala,Loans,NA,0,1,0,0,1,1,0,0,15,4.886,0.448,20.19,16.64,1.7,0,0,0
S00919,2026-09-10 06:55:00,shapaka,Executive,NA,0,0,0,1,1,5,1,0,22,19.172,11.593,4.18,22.89,2.442,0,0,0
S00920,2026-09-13 22:34:00,nduminga,Customer Service,NA,0,0,2,1,1,2,1,0,11,9.442,0.0,7.77,26.92,0.836,0,0,0
S00921,2026-09-12 04:56:00,amupanda,Compliance,NA,0,1,2,0,1,5,0,0,14,6.664,1.716,4.49,12.2,2.037,0,0,0
S00922,2026-09-07 05:33:00,murorua,Risk,NA,0,0,1,1,1,1,1,1,20,10.695,0.04,3.06,2.64,3.744,0,1,1
S00923,2026-09-12 01:42:00,mukwambi,Human Resources,NA,0,0,0,0,1,2,0,0,9,7.273,0.0,0.18,6.34,3.836,0,0,0
S00924,2026-09-07 04:41:00,murorua,Risk,NA,0,0,0,0,1,6,0,0,17,8.093,4.036,35.61,16.01,0.255,0,0,0
S00925,2026-09-08 11:24:00,pnakale,Human Resources,NA,0,0,1,1,0,8,0,0,18,8.425,0.164,24.63,14.46,0.556,0,0,0
S00926,2026-09-10 04:10:00,sankwasa,Procurement,ZA,1,0,0,0,1,5,2,0,22,17.484,1.931,5.27,51.14,1.451,0,1,1
S00927,2026-09-14 02:14:00,sankwasa,Procurement,NA,0,0,0,0,1,3,0,0,17,13.077,1.452,15.08,19.1,1.622,0,0,0
S00928,2026-09-13 08:26:00,mbandeka,Legal,NA,0,0,1,2,1,5,0,0,11,5.106,0.195,30.83,21.44,1.208,0,0,0
S00929,2026-09-07 05:24:00,nghifindaka,Information Technology,NA,0,0,1,0,1,4,1,0,9,25.719,0.271,8.92,12.06,0.956,0,0,0
S00930,2026-09-11 07:42:00,tkamati,Customer Service,NA,0,0,0,1,1,5,1,0,17,15.766,0.0,25.44,7.12,1.709,0,0,0
S00931,2026-09-13 13:26:00,kndjavera,Compliance,NA,0,0,0,0,1,7,3,0,23,49.274,1.372,16.88,15.03,0.405,0,0,0
S00932,2026-09-13 11:22:00,ntinda,Marketing,NA,0,0,0,0,1,3,0,0,9,6.91,0.474,26.37,4.45,0.829,0,0,0
S00933,2026-09-12 19:26:00,mukwambi,Human Resources,ZA,0,1,1,2,1,1,0,0,12,16.339,0.368,17.4,4.96,3.161,0,0,1
S00934,2026-09-10 20:02:00,murorua,Risk,NA,0,0,2,0,1,6,0,0,11,2.91,0.125,9.1,1.19,2.485,0,0,0
S00935,2026-09-11 07:43:00,haufiku,Information Technology,NA,0,0,0,0,1,2,1,1,19,18.404,0.0,13.82,14.63,0.244,0,0,0
S00936,2026-09-13 18:07:00,mbandeka,Legal,NA,0,0,0,0,1,3,0,0,10,2.939,2.186,11.47,4.09,1.447,0,0,0
S00937,2026-09-09 08:22:00,mhaingura,Customer Service,NA,0,0,1,0,1,1,0,1,16,15.157,0.825,22.58,35.55,1.22,0,0,0
S00938,2026-09-07 22:31:00,haufiku,Information Technology,BW,1,0,0,0,1,3,0,0,9,6.325,0.504,30.68,9.78,2.725,0,0,0
S00939,2026-09-10 20:51:00,tkamati,Customer Service,NA,0,0,1,0,1,1,0,2,13,3.696,0.0,56.41,4.31,1.818,0,0,0
S00940,2026-09-08 18:57:00,murorua,Risk,NA,0,0,0,0,1,5,0,0,13,12.922,0.0,14.85,10.47,3.415,0,0,0
S00941,2026-09-12 15:41:00,amupanda,Compliance,NA,0,0,1,0,1,4,1,0,12,15.845,0.115,7.12,2.59,0.575,0,0,0
S00942,2026-09-09 02:10:00,nghifindaka,Information Technology,NA,0,0,2,1,1,2,1,0,10,29.374,1.025,14.97,31.29,0.603,0,0,0
S00943,2026-09-07 08:05:00,amupanda,Compliance,NA,0,0,2,0,1,3,0,0,11,11.573,0.0,13.15,28.37,0.698,0,0,0
S00944,2026-09-10 15:46:00,nnakale,Customer Service,NA,0,0,1,0,1,1,0,0,11,8.207,1.913,17.42,24.37,0.68,0,0,0
S00945,2026-09-09 10:23:00,ntinda,Marketing,NA,0,0,0,0,1,5,2,0,14,2.407,1.314,2.1,3.58,3.495,0,1,1
S00946,2026-09-07 08:47:00,mukwambi,Human Resources,NA,0,0,0,0,1,4,0,0,17,14.262,0.605,26.08,26.51,0.101,0,0,0
S00947,2026-09-09 09:34:00,nnakale,Customer Service,NA,0,0,0,0,1,5,1,1,9,3.203,1.735,23.13,23.64,1.012,0,0,0
S00948,2026-09-13 02:59:00,katjiuongua,Information Technology,NA,0,0,0,0,1,5,2,0,17,4.844,0.0,25.34,6.01,2.147,0,0,1
S00949,2026-09-08 20:09:00,katjiuongua,Information Technology,NA,0,0,1,0,1,2,0,1,10,3.939,1.023,14.04,35.75,0.538,0,0,0
S00950,2026-09-07 12:23:00,hamukwaya,Treasury,NA,1,1,0,0,0,7,2,0,18,4.261,0.0,2.67,13.42,2.756,0,0,1
S00951,2026-09-11 08:34:00,murorua,Risk,NA,0,0,0,0,1,4,1,1,9,3.09,0.0,10.64,5.29,2.251,0,0,0
S00952,2026-09-11 14:08:00,murorua,Risk,NA,0,0,0,0,1,5,0,1,9,13.322,1.361,27.31,18.38,1.039,0,0,0
S00953,2026-09-13 22:02:00,nambala,Loans,NA,0,0,0,1,1,1,0,0,14,11.316,2.283,10.97,7.67,0.538,0,0,0
S00954,2026-09-13 15:57:00,mukwambi,Human Resources,ZA,1,0,1,1,1,4,0,0,5,7.908,0.0,7.39,32.96,1.328,0,0,0
S00955,2026-09-08 06:03:00,pnakale,Human Resources,NA,0,0,0,0,1,4,2,0,12,11.915,0.0,6.26,0.73,0.72,0,0,0
S00956,2026-09-09 00:16:00,hamukwaya,Treasury,NA,0,0,2,2,1,3,1,0,15,4.2,0.145,15.06,0.79,1.809,0,0,0
S00957,2026-09-11 17:36:00,shapaka,Executive,NA,0,0,1,1,0,5,0,0,11,21.756,1.507,0.74,7.51,0.505,0,0,0
S00958,2026-09-07 18:55:00,katjiuongua,Information Technology,NA,0,0,0,0,1,5,1,0,16,5.612,0.0,10.53,6.42,1.036,0,0,0
S00959,2026-09-10 21:45:00,shapaka,Executive,NA,0,0,0,0,1,3,1,0,18,2.516,0.0,11.75,18.9,2.153,0,1,0
S00960,2026-09-10 03:29:00,mbandeka,Legal,NA,0,0,0,0,1,1,0,0,12,7.528,1.727,3.31,3.28,1.338,0,0,0
S00961,2026-09-12 12:38:00,tjirera,Internal Audit,NA,0,0,1,0,1,2,1,0,15,15.554,0.105,17.99,20.91,1.588,0,0,0
S00962,2026-09-07 10:36:00,mhaingura,Customer Service,BW,0,0,0,0,1,1,0,0,3,6.056,0.0,14.71,24.37,0.576,0,0,0
S00963,2026-09-10 13:54:00,amupanda,Compliance,NA,0,0,0,1,1,2,0,0,17,16.029,0.162,2.84,12.35,3.153,0,0,0
S00964,2026-09-07 00:57:00,hamukwaya,Treasury,NA,0,0,0,0,1,1,0,0,14,2.494,1.073,19.14,11.01,0.853,0,0,0
S00965,2026-09-13 16:26:00,katjiuongua,Information Technology,BW,1,0,1,0,1,2,1,0,14,8.418,1.827,7.76,6.57,0.378,0,0,0
S00966,2026-09-12 03:22:00,amupanda,Compliance,NA,0,0,0,0,1,3,0,0,8,4.813,0.4,33.02,7.07,0.625,0,0,0
S00967,2026-09-11 22:14:00,sihuhua,Customer Service,NA,1,0,0,0,1,6,1,0,11,8.069,1.154,9.58,8.79,1.574,0,0,0
S00968,2026-09-13 18:58:00,sihuhua,Customer Service,NA,1,0,0,0,1,2,0,1,20,12.958,0.477,28.23,15.01,5.808,0,0,1
S00969,2026-09-07 03:24:00,mbandeka,Legal,NA,0,0,0,1,1,3,0,0,11,2.979,0.0,12.99,9.87,0.797,0,0,0
S00970,2026-09-13 23:15:00,hamukwaya,Treasury,NA,0,0,0,0,1,2,0,1,10,3.765,9.313,13.87,20.96,0.615,0,0,0
S00971,2026-09-08 09:35:00,mukwambi,Human Resources,NA,0,0,0,0,1,5,1,0,11,2.997,1.216,39.18,24.16,0.44,0,0,0
S00972,2026-09-08 07:11:00,katjiuongua,Information Technology,ZA,0,0,0,0,1,6,0,0,11,16.287,0.0,15.43,12.88,1.97,0,0,0
S00973,2026-09-09 06:07:00,haufiku,Information Technology,NA,0,0,2,1,0,5,0,0,10,1.744,0.557,5.39,13.6,0.48,0,0,0
S00974,2026-09-13 22:00:00,tkamati,Customer Service,NA,0,0,0,0,1,4,1,0,24,16.084,0.0,13.25,9.2,1.511,0,1,0
S00975,2026-09-14 01:38:00,amupanda,Compliance,NA,0,0,0,0,1,1,1,1,14,5.75,1.34,3.63,17.9,2.007,0,0,0
S00976,2026-09-07 18:10:00,tjirera,Internal Audit,NA,0,0,0,0,0,4,1,0,12,5.161,0.0,4.41,21.26,2.676,0,0,0
S00977,2026-09-12 20:36:00,hamukwaya,Treasury,NA,0,0,0,0,1,7,0,0,8,32.81,0.0,32.68,14.5,2.948,0,0,0
S00978,2026-09-11 09:33:00,nduminga,Customer Service,NA,0,0,0,0,1,6,0,0,11,10.168,0.0,19.36,19.81,0.732,0,0,0
S00979,2026-09-12 09:40:00,mbandeka,Legal,NA,0,0,1,0,0,2,1,0,14,11.398,0.0,30.42,45.73,0.328,0,1,1
S00980,2026-09-13 16:56:00,jkavari,Finance,NA,0,0,1,0,1,2,0,0,11,4.453,0.0,15.06,28.77,0.434,0,0,0
S00981,2026-09-09 00:31:00,shapaka,Executive,NA,0,0,1,1,1,6,2,0,11,13.587,0.0,32.78,9.15,1.279,0,0,0
S00982,2026-09-07 13:24:00,amupanda,Compliance,NA,0,0,0,0,1,7,1,0,21,1.62,15.604,8.73,27.94,0.795,0,0,0
S00983,2026-09-07 10:21:00,mbandeka,Legal,NA,0,0,0,0,1,5,0,0,9,30.414,2.847,6.26,1.01,1.957,0,0,0
S00984,2026-09-07 20:57:00,mukwambi,Human Resources,NA,0,0,1,0,1,4,0,0,11,14.101,0.109,18.43,9.3,1.843,0,0,0
S00985,2026-09-13 22:37:00,shapaka,Executive,NA,0,0,0,0,1,3,0,0,11,1.955,2.701,13.14,11.78,9.717,0,0,1
S00986,2026-09-13 22:22:00,tjirera,Internal Audit,NA,0,0,1,0,1,4,2,0,21,4.893,3.335,8.6,39.45,2.271,0,0,0
S00987,2026-09-08 00:25:00,mukwambi,Human Resources,NA,0,0,1,0,1,4,0,1,13,3.93,0.0,4.55,2.7,2.284,0,0,0
S00988,2026-09-13 06:59:00,shapaka,Executive,NA,0,1,1,3,1,5,1,0,18,8.474,0.0,23.16,15.28,1.3,0,0,1
S00989,2026-09-08 18:36:00,haufiku,Information Technology,NA,0,0,1,0,1,3,0,0,10,15.428,0.0,13.48,12.46,0.479,0,0,0
S00990,2026-09-08 00:05:00,tjirera,Internal Audit,NA,0,0,0,0,1,4,0,1,9,2.4,0.0,24.47,11.13,2.104,0,0,0
S00991,2026-09-09 12:59:00,pnakale,Human Resources,NA,0,0,1,1,1,1,0,0,9,12.543,2.426,30.86,8.58,0.361,0,0,0
S00992,2026-09-09 10:05:00,mukwambi,Human Resources,NA,0,0,0,0,1,2,0,0,12,6.717,3.191,0.7,17.67,1.817,0,0,0
S00993,2026-09-12 04:16:00,shapaka,Executive,NA,0,0,1,1,1,6,1,0,26,17.901,0.505,40.05,11.28,0.293,0,1,0
S00994,2026-09-13 15:15:00,murorua,Risk,NA,0,0,0,0,1,6,1,1,20,1.018,0.505,9.92,20.09,0.823,0,0,0
S00995,2026-09-09 15:37:00,sihuhua,Customer Service,NA,0,0,1,1,1,3,0,0,14,24.24,0.867,1.06,25.93,2.965,0,0,0
S00996,2026-09-07 05:24:00,mbandeka,Legal,NA,0,0,0,0,0,5,1,1,14,11.704,0.264,6.35,24.03,0.854,0,0,0
S00997,2026-09-11 02:26:00,nghifindaka,Information Technology,NA,0,0,1,0,1,3,1,0,23,4.379,0.0,21.69,11.66,1.778,0,0,0
S00998,2026-09-11 07:12:00,nghifindaka,Information Technology,NA,0,0,0,0,0,4,0,0,4,14.743,1.025,12.67,18.85,2.984,0,0,0
S00999,2026-09-13 20:28:00,nduminga,Customer Service,NA,0,0,0,1,1,4,0,0,12,8.037,1.562,38.85,39.19,2.585,0,0,0
S01000,2026-09-10 00:13:00,sankwasa,Procurement,NA,0,0,0,0,1,8,1,0,25,11.769,2.428,14.27,12.71,1.396,0,0,0
S01001,2026-09-07 02:15:00,ntinda,Marketing,NA,0,0,0,1,1,2,0,0,7,15.632,0.0,38.42,1.51,3.395,0,0,0
S01002,2026-09-14 05:37:00,sihuhua,Customer Service,NA,0,0,1,0,1,3,0,0,10,5.716,0.0,10.13,6.61,2.024,0,0,0
S01003,2026-09-11 22:43:00,mukwambi,Human Resources,ZA,0,1,2,0,1,3,0,0,12,23.648,2.302,3.23,27.18,1.707,0,0,0
S01004,2026-09-09 16:07:00,sihuhua,Customer Service,ZA,0,0,1,1,1,4,2,0,15,3.798,1.955,21.21,7.8,0.942,0,0,0
S01005,2026-09-10 17:12:00,katjiuongua,Information Technology,NA,0,0,1,1,1,4,0,0,11,7.543,0.0,1.9,11.09,2.179,0,0,0
S01006,2026-09-13 15:02:00,mukwambi,Human Resources,NA,0,1,2,0,1,8,1,0,13,5.162,2.402,38.56,39.93,0.491,0,0,1
S01007,2026-09-12 02:26:00,sankwasa,Procurement,NA,0,0,0,0,1,2,0,0,11,6.114,0.0,8.72,7.21,0.706,0,0,0
S01008,2026-09-10 08:04:00,sihuhua,Customer Service,NA,0,1,0,0,1,6,2,0,24,11.129,0.0,39.55,22.32,0.846,0,0,1
S01009,2026-09-12 21:58:00,tshivute,Finance,NA,0,0,1,0,1,5,0,0,6,4.247,0.102,10.55,1.12,2.142,0,0,0
S01010,2026-09-10 02:31:00,nghifindaka,Information Technology,NA,0,0,0,0,1,3,1,0,19,13.789,0.0,8.56,6.42,1.411,0,0,0
S01011,2026-09-13 10:55:00,haufiku,Information Technology,NA,0,0,2,0,1,4,2,0,24,22.807,1.127,18.65,28.73,0.784,0,0,0
S01012,2026-09-07 19:15:00,mukwambi,Human Resources,NA,0,0,2,1,0,4,0,0,6,6.128,0.0,0.43,17.59,0.143,0,0,0
S01013,2026-09-10 12:58:00,ndjaba,Customer Service,NA,0,0,0,0,0,3,0,0,17,3.365,6.055,14.52,28.99,0.383,0,0,0
S01014,2026-09-08 21:17:00,kndjavera,Compliance,NA,0,0,1,0,1,3,1,0,14,14.108,6.016,17.52,16.58,2.662,0,0,0
S01015,2026-09-08 02:28:00,tshivute,Finance,NA,0,1,0,0,1,3,1,2,8,16.962,0.0,39.37,15.66,0.612,0,0,1
S01016,2026-09-13 03:22:00,amupanda,Compliance,NA,0,0,0,0,1,4,2,0,24,4.69,1.429,37.7,23.48,1.229,0,0,0
S01017,2026-09-13 14:14:00,murorua,Risk,NA,0,0,0,0,1,1,0,0,11,15.637,0.483,21.78,7.27,7.594,0,0,1
S01018,2026-09-13 22:48:00,sankwasa,Procurement,NA,0,1,0,0,1,4,0,0,10,12.988,0.0,20.52,12.71,4.727,0,0,1
S01019,2026-09-09 23:18:00,mhaingura,Customer Service,NA,0,0,0,0,1,2,0,0,15,2.439,0.0,47.18,24.07,1.928,0,0,0
S01020,2026-09-10 08:29:00,mbandeka,Legal,NA,0,0,1,0,1,5,1,0,14,21.851,0.342,31.71,42.57,0.298,0,1,1
S01021,2026-09-07 04:36:00,nambala,Loans,NA,0,0,0,0,1,4,0,0,15,1.455,1.083,4.39,10.25,1.122,0,0,0
S01022,2026-09-12 05:48:00,nghifindaka,Information Technology,ZA,0,0,0,0,1,5,1,0,15,2.619,0.0,10.8,5.85,0.669,0,0,0
S01023,2026-09-13 17:52:00,katjiuongua,Information Technology,NA,0,1,2,2,1,4,1,1,12,3.857,0.849,7.61,8.21,4.203,0,0,1
S01024,2026-09-07 08:17:00,mhaingura,Customer Service,NA,0,0,1,0,1,7,0,0,6,6.519,3.259,11.25,25.99,1.571,0,0,0
S01025,2026-09-09 15:54:00,nnakale,Customer Service,ZA,0,0,2,0,1,3,0,0,12,34.4,0.114,9.72,4.38,1.217,0,0,0
S01026,2026-09-10 14:57:00,sihuhua,Customer Service,NA,0,0,0,0,1,2,0,1,9,3.793,0.0,33.52,45.18,1.834,0,0,0
S01027,2026-09-12 05:15:00,tkamati,Customer Service,NA,0,0,0,0,1,4,0,0,15,10.64,1.253,25.05,25.62,1.512,0,0,0
S01028,2026-09-07 14:48:00,tkamati,Customer Service,NA,0,1,0,0,1,1,1,1,21,11.037,0.395,20.59,2.24,0.853,0,0,0
S01029,2026-09-13 10:48:00,hamukwaya,Treasury,NA,0,0,1,2,0,3,0,0,12,19.674,2.401,22.84,1.82,2.7,0,0,1
S01030,2026-09-11 05:23:00,tshivute,Finance,ZA,0,0,0,0,1,2,1,0,12,6.6,0.0,25.31,5.77,0.609,1,0,0
S01031,2026-09-10 15:00:00,kndjavera,Compliance,NA,0,0,1,1,1,4,1,1,13,3.101,4.498,18.66,25.49,5.748,0,0,1
S01032,2026-09-10 21:58:00,sihuhua,Customer Service,ZA,0,0,2,1,1,2,0,0,16,6.482,0.138,14.25,18.35,1.487,0,0,1
S01033,2026-09-09 04:44:00,nnakale,Customer Service,NA,0,1,0,0,1,3,0,0,11,18.094,0.528,17.03,10.35,1.031,0,0,0
S01034,2026-09-12 12:25:00,pnakale,Human Resources,NA,0,0,0,1,1,1,0,0,15,9.973,0.0,20.31,7.28,1.035,0,0,0
S01035,2026-09-12 15:18:00,ndjaba,Customer Service,NA,0,0,0,0,1,2,0,0,9,13.73,2.629,9.12,12.0,0.857,0,0,0
S01036,2026-09-09 11:32:00,shilongo,Loans,NA,0,0,1,1,1,3,0,0,10,17.212,0.006,30.93,16.92,10.0,0,0,1
S01037,2026-09-12 03:55:00,amupanda,Compliance,NA,0,0,1,0,0,2,1,0,15,12.562,0.0,11.31,0.15,1.142,0,0,0
S01038,2026-09-12 18:19:00,tjirera,Internal Audit,NA,0,1,0,0,1,4,1,0,8,18.493,0.0,35.75,9.51,1.221,0,0,0
S01039,2026-09-11 04:39:00,mbandeka,Legal,NA,0,0,1,0,1,4,1,0,15,6.539,3.655,39.2,34.12,1.576,0,0,0
S01040,2026-09-12 19:35:00,sihuhua,Customer Service,NA,0,0,0,0,1,3,0,0,4,4.246,0.0,11.34,14.11,2.693,0,0,0
S01041,2026-09-12 16:37:00,sankwasa,Procurement,NA,0,0,0,0,1,4,1,0,18,13.462,0.992,25.99,4.17,0.471,0,0,0
S01042,2026-09-12 18:04:00,mukwambi,Human Resources,NA,0,0,0,0,1,2,0,0,13,12.931,1.241,8.38,5.33,2.539,0,0,0
S01043,2026-09-08 00:21:00,tshivute,Finance,BW,1,0,6,1,1,2,0,1,13,5.016,0.0,12.25,40.73,1.36,0,0,1
S01044,2026-09-11 03:37:00,nghifindaka,Information Technology,ZA,0,0,1,1,1,4,0,0,11,0.949,0.629,13.18,13.19,0.709,0,0,0
S01045,2026-09-08 09:51:00,pnakale,Human Resources,NA,0,0,1,0,1,2,0,0,12,4.833,0.238,9.61,8.04,0.732,0,0,0
S01046,2026-09-11 00:47:00,kndjavera,Compliance,NA,0,0,1,0,1,1,0,0,11,11.216,1.948,13.5,8.1,1.232,0,0,0
S01047,2026-09-09 15:18:00,tjirera,Internal Audit,ZA,1,0,5,3,1,1,0,0,9,6.51,0.297,4.02,48.1,0.92,0,0,1
S01048,2026-09-11 11:41:00,tkamati,Customer Service,NA,0,0,0,0,1,5,0,0,11,11.709,0.042,10.29,18.03,1.574,0,0,0
S01049,2026-09-10 02:12:00,hamukwaya,Treasury,NA,0,0,1,1,1,4,0,0,14,10.081,0.523,9.24,17.13,1.487,0,0,1
S01050,2026-09-07 23:04:00,sankwasa,Procurement,NA,0,0,1,0,1,6,0,1,12,16.167,0.393,6.84,10.55,0.53,0,0,0
S01051,2026-09-11 02:20:00,tjirera,Internal Audit,ZA,0,0,1,2,1,2,0,0,10,4.041,1.556,26.92,3.59,1.989,0,0,0
S01052,2026-09-07 17:16:00,mhaingura,Customer Service,NA,0,0,1,0,1,3,0,0,10,16.607,1.006,7.52,7.89,1.735,0,0,0
S01053,2026-09-13 18:26:00,mbandeka,Legal,NA,0,0,0,1,1,4,0,0,18,7.579,2.622,9.12,6.5,1.312,0,0,0
S01054,2026-09-13 21:13:00,mbandeka,Legal,NA,0,0,0,0,1,1,0,0,13,6.88,0.0,26.04,27.7,0.937,0,0,0
S01055,2026-09-12 19:06:00,tkamati,Customer Service,NA,0,0,0,1,1,1,0,0,10,3.634,0.247,3.8,9.88,0.475,0,0,0
S01056,2026-09-11 09:53:00,katjiuongua,Information Technology,NA,0,0,0,0,1,4,0,0,11,3.155,1.161,11.06,0.92,0.703,0,0,0
S01057,2026-09-12 06:59:00,hamukwaya,Treasury,NA,0,1,0,0,0,5,0,0,15,17.604,1.476,6.4,35.55,1.621,0,0,0
S01058,2026-09-09 14:29:00,nambala,Loans,NA,0,0,3,1,1,3,1,1,18,11.968,0.0,8.69,14.48,0.795,0,0,0
S01059,2026-09-10 11:27:00,nambala,Loans,NA,0,0,0,0,1,2,0,0,12,10.695,0.933,10.92,11.46,3.255,0,0,0
S01060,2026-09-08 05:28:00,jkavari,Finance,ZA,1,0,3,0,1,3,1,0,15,9.662,0.366,11.05,6.18,1.402,0,0,0
S01061,2026-09-10 02:17:00,ndjaba,Customer Service,NA,0,1,0,0,1,5,0,0,18,23.126,2.113,8.39,14.14,2.309,0,0,0
S01062,2026-09-08 14:10:00,katjiuongua,Information Technology,NA,0,0,0,0,1,2,2,1,17,17.39,1.629,5.86,26.55,0.355,0,0,0
S01063,2026-09-12 16:52:00,sankwasa,Procurement,ZA,0,0,2,1,1,3,1,0,12,68.109,2.597,48.53,2.07,0.45,0,0,0
S01064,2026-09-12 07:11:00,sankwasa,Procurement,NA,0,0,0,0,1,5,0,0,15,5.011,0.0,16.5,16.02,0.962,0,0,0
S01065,2026-09-08 03:15:00,amupanda,Compliance,NA,0,0,0,0,0,2,0,0,9,10.224,2.965,2.38,18.74,1.645,0,0,0
S01066,2026-09-11 17:11:00,haufiku,Information Technology,NA,0,0,0,0,0,2,1,0,9,40.056,0.0,40.25,39.12,3.418,0,0,1
S01067,2026-09-10 01:25:00,nnakale,Customer Service,ZA,0,0,0,0,1,2,0,0,19,8.532,2.727,6.27,13.76,2.734,0,0,0
S01068,2026-09-10 00:42:00,amupanda,Compliance,NA,0,0,0,0,1,3,0,1,8,5.108,0.073,22.29,2.95,1.622,0,0,0
S01069,2026-09-12 17:25:00,nduminga,Customer Service,NA,0,0,1,0,1,4,1,1,14,10.337,2.39,8.64,6.19,2.422,0,0,0
S01070,2026-09-12 23:58:00,sihuhua,Customer Service,NA,0,0,0,0,1,6,0,0,17,9.198,0.0,28.96,53.94,0.81,0,0,0
S01071,2026-09-11 07:20:00,shapaka,Executive,NA,0,0,0,0,1,6,0,0,6,7.777,0.0,4.27,12.62,1.24,0,0,0
S01072,2026-09-10 05:16:00,tkamati,Customer Service,NA,0,0,0,0,1,5,0,0,11,16.923,0.0,14.73,15.23,1.742,0,0,0
S01073,2026-09-11 04:29:00,kndjavera,Compliance,NA,0,0,2,0,1,1,0,0,7,21.197,0.545,17.15,31.81,2.019,0,0,0
S01074,2026-09-09 00:23:00,mbandeka,Legal,NA,0,0,0,0,1,2,1,0,17,18.981,1.096,27.87,14.83,1.072,0,0,0
S01075,2026-09-08 14:40:00,amupanda,Compliance,NA,0,0,0,1,1,7,2,0,22,10.129,0.0,13.21,5.02,0.131,0,0,0
S01076,2026-09-11 13:42:00,ndjaba,Customer Service,NA,0,0,0,0,1,1,1,1,12,9.264,0.42,7.82,5.89,1.254,0,0,0
S01077,2026-09-07 05:22:00,nduminga,Customer Service,NA,0,0,0,0,1,2,1,0,12,27.026,0.301,6.37,27.39,3.049,0,0,0
S01078,2026-09-09 05:32:00,murorua,Risk,NA,0,0,0,0,1,3,0,0,4,6.663,3.475,19.3,5.87,1.836,0,0,0
S01079,2026-09-07 04:05:00,ntinda,Marketing,NA,0,0,0,0,1,1,0,0,14,11.202,0.802,21.77,15.78,0.661,0,0,0
S01080,2026-09-14 05:40:00,nghifindaka,Information Technology,NA,0,0,0,0,1,4,1,1,17,2.885,0.914,25.11,5.39,0.759,0,0,0
S01081,2026-09-13 13:15:00,nambala,Loans,NA,0,1,0,0,0,1,0,0,17,20.969,0.0,18.59,9.24,2.848,0,0,0
S01082,2026-09-08 01:36:00,pnakale,Human Resources,NA,0,0,0,0,1,2,0,0,16,10.817,0.0,30.32,2.18,0.426,0,0,0
S01083,2026-09-07 17:26:00,tjirera,Internal Audit,NA,0,0,1,1,1,2,0,0,18,2.281,0.0,32.41,1.07,1.033,0,0,0
S01084,2026-09-11 10:45:00,sankwasa,Procurement,NA,0,1,1,0,1,1,0,0,14,6.173,0.174,3.43,32.36,0.383,0,0,0
S01085,2026-09-10 21:24:00,shilongo,Loans,NA,0,0,0,0,1,3,0,0,11,13.344,2.038,18.48,9.05,0.903,0,0,0
S01086,2026-09-13 18:05:00,mbandeka,Legal,NA,0,1,1,0,1,3,0,0,15,17.192,0.581,10.75,3.07,2.638,0,0,0
S01087,2026-09-13 19:54:00,pnakale,Human Resources,NA,0,0,1,0,1,2,0,0,10,14.421,0.0,12.75,5.53,3.116,0,0,0
S01088,2026-09-07 01:53:00,ndjaba,Customer Service,NA,0,0,0,0,1,3,0,0,13,4.721,0.0,32.29,19.42,1.429,0,0,0
S01089,2026-09-07 13:47:00,tshivute,Finance,BW,1,0,0,0,1,1,0,0,13,4.531,0.0,7.0,18.97,2.15,0,0,0
S01090,2026-09-10 20:48:00,ndjaba,Customer Service,NA,0,0,1,0,1,8,0,1,11,10.655,0.0,29.42,35.63,1.681,0,0,0
S01091,2026-09-09 08:10:00,murorua,Risk,NA,0,0,0,0,1,5,0,0,9,6.686,0.128,10.11,7.76,6.9,0,0,1
S01092,2026-09-13 02:34:00,amupanda,Compliance,NA,0,0,0,0,0,4,0,0,10,7.924,0.823,47.08,3.97,3.187,0,0,0
S01093,2026-09-10 16:54:00,pnakale,Human Resources,NA,0,0,0,0,1,6,0,0,12,5.595,0.0,1.71,10.53,1.476,0,0,0
S01094,2026-09-10 12:49:00,nnakale,Customer Service,NA,0,0,0,0,1,1,0,0,9,13.398,0.0,27.08,22.6,1.844,0,0,0
S01095,2026-09-09 15:38:00,ntinda,Marketing,NA,0,0,0,0,1,3,0,0,13,4.875,0.103,2.35,16.51,3.299,0,0,0
S01096,2026-09-12 08:07:00,pnakale,Human Resources,NA,0,0,0,0,1,5,0,0,15,3.648,6.809,16.28,19.06,0.628,0,0,0
S01097,2026-09-13 09:03:00,mhaingura,Customer Service,NA,0,0,1,0,1,1,0,1,12,35.598,2.77,24.81,5.9,2.464,0,0,0
S01098,2026-09-07 09:42:00,nambala,Loans,NA,0,1,1,0,1,3,1,1,21,12.875,1.423,10.52,8.17,2.477,0,0,1
S01099,2026-09-12 06:10:00,nduminga,Customer Service,NA,0,0,1,0,1,5,0,0,15,10.37,11.997,21.63,1.32,2.951,0,0,0
S01100,2026-09-12 02:39:00,nambala,Loans,NA,0,0,0,0,0,2,1,0,10,4.155,0.0,27.11,30.29,1.308,0,1,0
S01101,2026-09-13 04:56:00,nduminga,Customer Service,NA,0,1,0,0,1,4,1,0,13,26.265,2.057,52.36,1.91,1.659,0,1,1
S01102,2026-09-10 18:49:00,ndjaba,Customer Service,NA,0,0,0,0,1,7,0,0,10,3.962,0.0,24.68,17.9,2.233,0,0,0
S01103,2026-09-13 03:52:00,sankwasa,Procurement,NA,0,0,0,0,0,2,0,0,15,15.755,0.0,17.91,19.57,0.185,0,0,0
S01104,2026-09-09 03:37:00,mbandeka,Legal,NA,0,0,0,0,1,2,0,0,12,63.602,0.0,15.15,20.06,1.872,0,0,0
S01105,2026-09-07 18:12:00,haufiku,Information Technology,NA,0,0,1,0,1,2,0,1,12,3.759,0.0,16.91,15.79,2.837,0,0,0
S01106,2026-09-12 06:24:00,amupanda,Compliance,NA,0,0,0,0,1,10,3,1,21,18.878,0.0,11.44,9.25,1.638,0,0,0
S01107,2026-09-08 12:47:00,ntinda,Marketing,ZA,1,0,0,0,1,4,0,0,11,29.329,0.0,6.92,31.34,1.433,0,0,0
S01108,2026-09-08 09:10:00,pnakale,Human Resources,NA,0,0,0,0,1,2,0,0,5,19.73,0.385,41.49,3.79,1.032,0,0,0
S01109,2026-09-10 01:43:00,ntinda,Marketing,NA,0,0,0,0,1,1,0,0,15,3.077,0.0,28.71,12.89,3.569,0,0,0
S01110,2026-09-11 00:03:00,nnakale,Customer Service,NA,0,0,0,0,1,4,0,0,9,19.674,0.331,29.26,15.39,1.281,0,0,1
S01111,2026-09-12 10:06:00,jkavari,Finance,NA,0,0,0,0,1,3,1,0,13,2.245,0.614,17.79,29.83,1.576,0,0,0
S01112,2026-09-08 16:20:00,tshivute,Finance,NA,0,1,0,0,1,2,1,0,11,34.032,0.0,8.7,11.08,2.594,0,0,0
S01113,2026-09-13 11:37:00,haufiku,Information Technology,NA,0,0,1,1,1,3,1,0,15,17.182,0.065,8.06,31.82,0.576,0,0,0
S01114,2026-09-13 21:23:00,sihuhua,Customer Service,NA,0,0,0,0,1,4,0,0,9,6.168,0.0,37.12,11.54,1.404,0,0,0
S01115,2026-09-13 02:52:00,murorua,Risk,NA,0,0,0,0,1,4,0,0,15,3.026,0.0,24.38,1.11,0.612,0,0,0
S01116,2026-09-10 22:39:00,shapaka,Executive,NA,0,0,0,0,0,2,0,0,15,21.523,0.0,23.78,22.93,0.439,0,0,0
S01117,2026-09-07 03:10:00,tjirera,Internal Audit,NA,0,0,1,0,1,7,0,0,9,12.666,0.28,10.79,9.13,1.414,0,0,0
S01118,2026-09-14 05:24:00,nduminga,Customer Service,NA,0,0,0,0,1,2,0,0,16,24.119,0.213,4.26,38.85,2.426,0,0,0
S01119,2026-09-09 06:58:00,hamukwaya,Treasury,NA,0,0,1,2,1,3,0,0,7,19.168,1.655,27.54,24.17,1.337,0,0,0
S01120,2026-09-07 00:21:00,kndjavera,Compliance,NA,0,0,0,0,1,2,1,0,17,13.754,0.177,8.01,15.01,0.761,0,0,0
S01121,2026-09-10 21:04:00,nduminga,Customer Service,NA,0,0,0,0,1,2,0,0,15,16.391,0.0,39.31,25.94,0.352,0,0,0
S01122,2026-09-09 22:17:00,tshivute,Finance,NA,0,0,0,1,1,3,0,0,10,2.2,0.942,5.79,13.05,0.595,0,0,0
S01123,2026-09-11 07:08:00,kndjavera,Compliance,NA,0,0,0,0,1,3,0,0,14,6.516,0.323,25.43,9.01,1.71,0,0,0
S01124,2026-09-12 21:30:00,nduminga,Customer Service,NA,0,0,0,1,1,6,0,0,7,8.666,7.4,24.21,7.51,2.225,0,0,0
S01125,2026-09-08 03:16:00,kndjavera,Compliance,NA,0,1,0,1,1,6,4,0,27,9.614,4.339,0.48,17.36,2.374,0,0,1
S01126,2026-09-08 11:35:00,amupanda,Compliance,NA,0,1,1,0,1,3,1,0,10,7.539,0.078,21.03,8.15,1.147,0,0,0
S01127,2026-09-13 10:38:00,shilongo,Loans,NA,0,0,0,0,1,2,1,0,23,9.195,3.713,2.77,11.05,0.878,0,1,0
S01128,2026-09-12 07:15:00,tjirera,Internal Audit,BW,0,0,0,0,1,4,1,0,12,8.072,0.657,14.82,6.73,1.003,0,0,0
S01129,2026-09-11 09:27:00,shilongo,Loans,NA,0,0,0,0,1,3,2,1,24,14.837,0.0,11.63,17.46,1.505,0,0,0
S01130,2026-09-11 23:27:00,ntinda,Marketing,NA,0,1,1,0,1,1,0,0,10,1.749,0.0,21.77,12.2,2.146,0,0,0
S01131,2026-09-12 04:11:00,tjirera,Internal Audit,ZA,0,0,2,2,1,1,0,0,12,11.269,0.0,52.01,9.05,1.392,0,0,0
S01132,2026-09-11 14:30:00,jkavari,Finance,NA,0,0,0,0,0,4,0,1,13,20.811,0.619,31.73,21.61,0.932,0,0,0
S01133,2026-09-09 10:24:00,ndjaba,Customer Service,NA,1,0,0,0,1,2,0,0,12,27.442,0.0,13.49,11.39,2.578,0,0,0
S01134,2026-09-13 12:44:00,shapaka,Executive,NA,0,0,1,0,1,6,0,0,21,4.035,0.744,28.74,24.84,1.779,0,0,0
S01135,2026-09-13 02:01:00,ndjaba,Customer Service,ZA,0,0,0,0,1,1,0,0,11,5.619,0.757,37.88,9.74,0.904,0,0,0
S01136,2026-09-11 07:31:00,ntinda,Marketing,NA,0,0,1,0,1,5,0,0,11,26.709,0.0,5.62,14.68,1.974,0,0,0
S01137,2026-09-10 13:41:00,sihuhua,Customer Service,NA,0,1,0,0,1,5,1,3,21,4.549,0.0,16.96,29.37,1.04,0,0,1
S01138,2026-09-09 16:10:00,shilongo,Loans,NA,0,0,0,0,1,6,1,0,13,14.568,0.0,19.16,15.55,0.851,0,0,0
S01139,2026-09-11 09:09:00,tkamati,Customer Service,NA,0,0,1,1,1,1,0,0,8,1.293,0.0,2.87,20.84,2.474,0,0,0
S01140,2026-09-10 04:32:00,shilongo,Loans,NA,0,0,0,0,1,1,0,0,16,5.598,0.0,26.72,55.68,0.538,0,0,0
S01141,2026-09-07 15:05:00,amupanda,Compliance,ZA,0,0,1,1,1,1,1,0,13,9.557,0.084,39.47,3.59,0.337,0,0,0
S01142,2026-09-14 00:12:00,hamukwaya,Treasury,BW,0,0,1,0,1,6,0,0,11,3.697,8.799,49.22,11.11,1.379,0,0,0
S01143,2026-09-09 15:56:00,nduminga,Customer Service,NA,0,0,0,1,1,1,0,0,13,15.675,0.0,32.55,12.58,2.859,0,0,0
S01144,2026-09-08 08:31:00,tjirera,Internal Audit,NA,0,0,1,0,1,1,0,0,9,17.738,0.923,53.63,16.27,0.458,0,0,0
S01145,2026-09-13 20:38:00,nnakale,Customer Service,NA,0,0,2,0,1,1,0,0,12,18.014,0.0,14.39,11.96,0.688,0,0,0
S01146,2026-09-07 10:45:00,hamukwaya,Treasury,NA,0,0,2,1,1,1,0,0,12,7.379,0.261,8.69,7.07,0.615,0,0,0
S01147,2026-09-12 11:10:00,mukwambi,Human Resources,NA,0,0,0,0,1,3,0,0,14,1.28,0.0,11.34,11.49,1.974,0,0,0
S01148,2026-09-13 10:05:00,shapaka,Executive,NA,0,0,0,0,1,3,0,0,10,6.824,1.328,9.96,2.27,1.299,0,0,0
S01149,2026-09-07 09:14:00,pnakale,Human Resources,NA,0,0,1,0,1,1,0,0,16,8.007,1.014,1.72,5.39,2.228,0,0,0
S01150,2026-09-07 09:44:00,nnakale,Customer Service,NA,0,0,0,1,1,3,0,0,10,10.515,1.787,10.56,55.22,1.014,0,0,0
S01151,2026-09-11 14:44:00,ndjaba,Customer Service,NA,0,0,1,0,0,3,1,1,14,4.135,0.0,4.41,18.69,1.962,0,0,0
S01152,2026-09-13 10:03:00,jkavari,Finance,NA,0,0,1,0,1,6,0,0,15,7.113,1.295,46.39,31.04,1.45,0,0,0
S01153,2026-09-09 01:10:00,mukwambi,Human Resources,NA,0,0,0,0,1,2,1,0,19,4.449,0.73,17.65,2.99,0.595,0,0,0
S01154,2026-09-12 05:07:00,shilongo,Loans,ZA,0,0,1,1,1,2,0,0,11,5.741,0.631,16.58,5.89,0.535,0,0,0
S01155,2026-09-08 04:32:00,ndjaba,Customer Service,NA,0,0,0,0,1,1,0,0,15,8.167,0.0,2.73,19.46,1.701,0,0,0
S01156,2026-09-09 11:30:00,shapaka,Executive,NA,0,0,1,1,1,2,0,1,11,15.979,0.84,7.11,8.74,1.358,0,0,0
S01157,2026-09-09 01:02:00,nambala,Loans,NA,0,1,0,0,1,4,0,0,16,6.835,2.786,2.57,2.92,0.941,0,0,0
S01158,2026-09-07 11:07:00,ndjaba,Customer Service,NA,0,0,0,0,1,1,0,0,18,3.538,0.267,8.55,15.7,4.788,0,0,0
S01159,2026-09-08 15:25:00,tshivute,Finance,NA,0,0,1,1,1,2,0,1,17,6.24,0.056,66.32,41.54,1.603,0,0,1
S01160,2026-09-12 17:58:00,katjiuongua,Information Technology,ZA,0,0,5,2,0,8,2,0,19,86.051,0.0,24.76,0.87,0.342,0,0,1
S01161,2026-09-13 14:03:00,tkamati,Customer Service,NA,0,0,0,1,1,3,0,0,18,16.36,0.0,32.52,12.86,0.613,0,0,1
S01162,2026-09-08 20:41:00,tkamati,Customer Service,NA,0,1,0,0,1,2,0,0,8,14.552,6.32,30.08,5.82,1.65,0,0,0
S01163,2026-09-08 10:23:00,murorua,Risk,NA,0,0,0,1,1,1,0,1,12,4.461,0.068,3.46,23.89,0.906,0,0,0
S01164,2026-09-13 19:41:00,murorua,Risk,NA,0,0,0,0,1,2,0,0,10,15.261,0.051,35.35,8.54,1.239,0,0,0
S01165,2026-09-09 22:57:00,katjiuongua,Information Technology,NA,0,0,1,1,1,6,1,1,16,16.409,1.576,4.62,11.63,1.009,0,0,0
S01166,2026-09-07 13:05:00,nambala,Loans,NA,0,0,0,1,1,2,0,0,17,9.235,4.908,31.74,43.35,1.274,0,0,0
S01167,2026-09-07 08:08:00,mukwambi,Human Resources,NA,0,0,1,1,1,2,0,1,13,10.383,0.0,50.94,21.84,2.066,0,0,1
S01168,2026-09-12 01:28:00,murorua,Risk,NA,0,0,0,0,1,3,0,0,13,2.293,0.134,7.12,8.91,2.173,0,0,0
S01169,2026-09-07 22:32:00,katjiuongua,Information Technology,NA,0,0,0,0,1,5,3,0,26,26.522,0.0,37.66,25.21,1.059,0,0,0
S01170,2026-09-12 06:17:00,ndjaba,Customer Service,NA,0,0,0,0,1,1,0,0,14,3.667,0.506,26.08,33.77,2.081,0,0,0
S01171,2026-09-09 04:00:00,jkavari,Finance,NA,0,1,0,0,1,3,0,0,11,4.373,0.0,5.57,3.98,2.354,0,0,0
S01172,2026-09-10 20:25:00,murorua,Risk,NA,0,0,0,0,1,1,0,0,10,1.396,6.778,23.6,41.72,1.676,0,0,0
S01173,2026-09-11 18:11:00,nduminga,Customer Service,NA,0,0,0,0,1,3,1,0,17,2.843,0.322,24.31,17.42,3.011,0,0,0
S01174,2026-09-11 02:07:00,mukwambi,Human Resources,NA,0,0,1,0,1,3,1,1,17,34.623,0.0,43.5,12.49,0.961,0,0,0
S01175,2026-09-13 18:56:00,ndjaba,Customer Service,NA,0,0,0,0,1,1,0,0,15,29.891,0.0,5.94,14.15,0.299,0,0,0
S01176,2026-09-09 02:41:00,ndjaba,Customer Service,NA,0,0,0,0,1,3,0,0,15,3.625,0.226,18.27,10.72,2.065,0,0,0
S01177,2026-09-12 12:09:00,nghifindaka,Information Technology,BW,0,0,0,1,1,8,2,0,22,4.14,2.144,34.39,5.46,2.686,0,0,0
S01178,2026-09-09 23:09:00,nnakale,Customer Service,ZA,0,0,1,1,1,4,0,1,18,12.677,2.652,18.14,1.96,0.798,0,0,0
S01179,2026-09-09 13:09:00,nnakale,Customer Service,NA,0,1,0,0,1,3,0,0,10,5.871,0.212,8.64,12.14,0.192,0,0,0
S01180,2026-09-13 23:59:00,kndjavera,Compliance,NA,0,0,0,0,1,3,0,0,10,37.844,0.894,11.25,11.84,0.203,0,0,0
S01181,2026-09-10 19:13:00,tshivute,Finance,NA,0,0,1,1,1,2,0,0,11,15.432,0.193,2.32,4.57,1.417,0,0,0
S01182,2026-09-12 04:53:00,tshivute,Finance,NA,0,0,0,0,1,4,0,1,5,3.401,0.0,13.63,7.52,2.902,0,0,0
S01183,2026-09-11 11:16:00,shapaka,Executive,NA,0,0,0,0,1,3,1,0,9,6.006,0.036,22.64,16.23,4.834,0,1,1
S01184,2026-09-09 02:09:00,nambala,Loans,NA,0,0,0,0,1,3,0,0,14,3.99,0.462,63.52,6.8,1.301,0,0,0
S01185,2026-09-08 00:43:00,mukwambi,Human Resources,NA,0,0,0,0,0,3,1,0,16,3.824,0.0,31.84,16.2,0.581,0,0,0
S01186,2026-09-12 03:28:00,amupanda,Compliance,NA,0,0,0,0,1,1,0,1,11,21.931,3.137,5.45,8.53,1.511,0,0,0
S01187,2026-09-07 22:04:00,mukwambi,Human Resources,NA,0,1,0,1,1,4,0,0,9,5.07,1.693,12.94,12.87,1.1,0,0,0
S01188,2026-09-09 14:43:00,haufiku,Information Technology,NA,0,0,0,0,1,1,1,0,10,8.285,0.0,20.88,9.31,2.131,0,0,0
S01189,2026-09-14 03:37:00,shapaka,Executive,NA,0,0,0,0,1,1,0,0,9,55.811,0.679,22.38,3.7,3.486,0,0,0
S01190,2026-09-10 02:25:00,nnakale,Customer Service,NA,0,0,0,0,1,3,0,0,11,14.406,0.635,7.73,12.28,1.618,0,0,0
S01191,2026-09-11 02:52:00,kndjavera,Compliance,NA,0,0,1,0,1,1,0,0,5,7.391,0.0,10.37,39.52,0.124,0,0,0
S01192,2026-09-07 02:08:00,amupanda,Compliance,NA,0,0,1,1,1,3,1,0,13,6.247,0.037,26.96,27.79,2.778,0,0,0
S01193,2026-09-08 01:32:00,nduminga,Customer Service,NA,0,0,1,0,1,1,0,0,14,3.474,0.0,15.8,16.4,3.527,0,0,0
S01194,2026-09-12 16:11:00,haufiku,Information Technology,NA,0,0,0,0,1,2,0,0,10,9.0,0.0,18.45,19.86,0.427,0,0,0
S01195,2026-09-12 08:48:00,tjirera,Internal Audit,NA,0,1,0,0,1,1,0,0,12,3.991,0.75,13.46,6.2,0.914,0,0,0
S01196,2026-09-11 19:45:00,nghifindaka,Information Technology,NA,0,0,0,0,1,1,0,0,17,2.463,1.576,17.08,5.2,0.794,0,0,0
S01197,2026-09-13 23:59:00,kndjavera,Compliance,ZA,0,0,3,2,1,4,1,0,10,6.592,0.181,11.93,13.08,3.831,0,0,1
S01198,2026-09-09 12:01:00,hamukwaya,Treasury,NA,0,0,0,1,1,2,0,0,16,2.455,3.686,8.28,15.57,3.137,0,0,0
S01199,2026-09-11 23:46:00,nghifindaka,Information Technology,NA,0,0,1,0,1,1,0,0,13,6.042,16.87,19.28,16.36,2.537,0,0,0
S01200,2026-09-07 10:43:00,pnakale,Human Resources,NA,0,0,1,0,1,2,0,0,10,3.781,0.0,11.09,0.89,0.302,0,0,0
S01201,2026-09-10 00:54:00,mhaingura,Customer Service,NA,0,0,0,0,1,4,0,0,12,3.998,0.0,57.73,2.64,3.312,0,0,0
S01202,2026-09-07 23:16:00,tshivute,Finance,NA,0,0,0,0,1,4,1,1,16,19.217,1.715,2.8,20.79,1.011,0,0,0
S01203,2026-09-08 07:59:00,mhaingura,Customer Service,NA,0,0,0,0,1,4,0,0,11,7.589,0.0,22.04,25.04,0.495,0,0,0
S01204,2026-09-14 05:29:00,mhaingura,Customer Service,NA,0,0,0,0,1,2,1,0,15,11.573,0.466,2.3,5.61,0.27,0,1,0
S01205,2026-09-12 15:35:00,shapaka,Executive,NA,0,0,1,0,1,3,0,0,17,7.361,3.132,39.17,17.89,0.983,0,0,0
S01206,2026-09-13 03:53:00,mbandeka,Legal,NA,0,0,2,2,1,4,0,0,13,24.391,0.4,3.13,17.21,2.637,0,0,0
S01207,2026-09-08 12:36:00,tkamati,Customer Service,NA,0,0,0,0,1,7,1,0,13,5.963,0.667,21.62,8.09,1.227,0,0,0
S01208,2026-09-10 17:27:00,shilongo,Loans,NA,0,0,0,0,1,2,1,0,24,6.05,2.351,3.44,6.42,1.807,0,1,0
S01209,2026-09-08 18:23:00,kndjavera,Compliance,ZA,1,0,0,0,1,3,1,0,11,19.139,0.0,1.78,3.91,0.945,0,0,0
S01210,2026-09-13 17:53:00,mhaingura,Customer Service,ZA,0,0,1,1,0,7,2,1,15,12.902,0.0,3.61,11.18,4.104,1,1,1
S01211,2026-09-14 03:36:00,jkavari,Finance,ZA,0,1,2,0,1,4,1,0,14,8.454,0.469,28.93,13.73,2.293,0,0,1
S01212,2026-09-12 23:06:00,tjirera,Internal Audit,NA,0,0,0,0,1,3,1,1,18,19.562,0.0,15.35,3.88,0.447,0,0,0
S01213,2026-09-07 12:25:00,mhaingura,Customer Service,NA,0,0,1,0,1,2,1,1,15,1.43,0.066,17.0,4.43,2.158,0,0,0
S01214,2026-09-10 17:28:00,sihuhua,Customer Service,NA,0,0,0,0,1,2,0,0,15,3.794,0.958,26.17,1.14,2.273,0,0,0
S01215,2026-09-07 13:17:00,sankwasa,Procurement,NA,0,0,0,1,1,2,0,0,13,4.746,6.511,8.57,20.7,2.436,0,0,0
S01216,2026-09-13 10:58:00,shapaka,Executive,NA,0,0,0,1,1,4,0,0,14,0.88,0.905,16.28,15.75,0.349,0,0,0
S01217,2026-09-13 06:21:00,tjirera,Internal Audit,NA,0,0,1,0,1,2,0,0,10,2.237,0.73,5.68,17.25,3.621,0,0,0
S01218,2026-09-11 10:35:00,mbandeka,Legal,ZA,0,0,1,0,1,4,0,0,17,25.777,0.461,15.98,17.38,0.913,0,0,0
S01219,2026-09-09 20:07:00,nambala,Loans,NA,0,0,1,0,1,1,0,0,15,11.599,0.0,10.78,11.59,1.032,0,0,0
S01220,2026-09-07 14:52:00,tjirera,Internal Audit,NA,0,0,0,0,1,7,0,0,13,12.298,0.537,10.3,8.99,2.487,0,0,0
S01221,2026-09-13 00:48:00,nduminga,Customer Service,NA,0,0,0,0,1,2,0,0,11,16.032,0.2,53.77,8.49,0.336,0,0,0
S01222,2026-09-12 09:16:00,jkavari,Finance,ZA,0,1,1,0,1,2,0,0,8,8.22,0.691,13.21,1.77,2.219,0,0,0
S01223,2026-09-13 00:02:00,sihuhua,Customer Service,NA,0,0,0,0,1,3,1,0,12,1.175,3.689,25.5,19.62,1.286,0,0,0
S01224,2026-09-13 09:02:00,shapaka,Executive,ZA,1,0,1,1,1,2,0,2,7,17.609,2.545,1.9,0.27,2.16,0,0,0
S01225,2026-09-11 16:54:00,shapaka,Executive,NA,0,0,0,0,1,4,0,0,13,4.075,0.0,29.64,33.81,1.148,0,0,0
S01226,2026-09-10 12:36:00,tshivute,Finance,NA,0,0,1,1,1,4,0,0,11,3.964,0.128,32.76,9.9,1.685,0,0,0
S01227,2026-09-11 20:08:00,nambala,Loans,NA,0,0,0,2,1,1,0,0,15,11.14,0.0,3.02,15.13,0.495,0,0,0
S01228,2026-09-11 11:02:00,ndjaba,Customer Service,NA,0,0,2,0,1,3,1,0,9,15.202,1.67,31.58,12.67,3.014,0,0,0
S01229,2026-09-11 13:28:00,nnakale,Customer Service,NA,0,0,1,1,1,7,1,1,8,12.959,0.137,9.51,23.58,1.987,0,0,0
S01230,2026-09-11 23:35:00,mhaingura,Customer Service,NA,1,0,0,0,0,2,0,0,10,10.082,0.454,11.44,11.08,1.582,0,0,0
S01231,2026-09-13 23:49:00,jkavari,Finance,NA,0,0,0,0,1,3,0,0,10,21.419,0.0,24.19,16.04,2.556,0,0,0
S01232,2026-09-13 00:24:00,nduminga,Customer Service,NA,0,0,1,1,1,5,0,0,17,12.815,1.025,24.32,22.74,2.372,0,0,0
S01233,2026-09-10 01:32:00,murorua,Risk,NA,0,0,0,0,0,2,0,0,10,3.648,1.186,14.08,14.31,0.959,0,0,0
S01234,2026-09-09 01:02:00,nduminga,Customer Service,NA,0,0,0,0,1,4,0,0,15,7.034,7.679,12.81,10.36,2.854,0,0,0
S01235,2026-09-11 15:19:00,mukwambi,Human Resources,NA,0,0,0,0,1,3,0,1,11,6.492,0.0,18.63,2.94,0.611,0,0,0
S01236,2026-09-07 12:18:00,sankwasa,Procurement,NA,0,0,0,0,1,2,0,0,9,14.166,0.0,15.02,18.65,0.119,0,0,0
S01237,2026-09-08 16:57:00,murorua,Risk,NA,0,0,0,0,1,4,1,0,15,17.646,0.0,2.04,6.39,1.334,0,0,0
S01238,2026-09-09 18:48:00,pnakale,Human Resources,ZA,0,0,2,0,1,3,1,0,11,27.704,1.457,12.3,31.03,1.64,0,0,0
S01239,2026-09-14 06:15:00,haufiku,Information Technology,NA,0,0,1,1,0,6,3,1,18,5.709,0.0,33.67,41.71,0.69,0,0,1
S01240,2026-09-13 07:53:00,murorua,Risk,NA,0,0,0,0,1,4,0,0,11,2.329,1.248,28.54,24.94,2.063,0,0,0
S01241,2026-09-08 23:33:00,sihuhua,Customer Service,ZA,0,0,1,0,1,2,0,0,10,4.008,2.579,24.51,38.71,0.277,0,0,0
S01242,2026-09-10 04:45:00,hamukwaya,Treasury,NA,0,0,1,2,1,4,0,0,11,8.243,0.0,11.91,1.96,0.543,0,0,0
S01243,2026-09-08 15:52:00,mhaingura,Customer Service,NA,0,0,0,0,1,5,0,0,18,3.125,0.0,2.66,25.54,1.101,0,0,0
S01244,2026-09-13 16:31:00,katjiuongua,Information Technology,NA,0,0,1,2,1,3,1,0,7,3.857,0.181,8.2,8.44,1.345,0,0,0
S01245,2026-09-13 17:51:00,tjirera,Internal Audit,NA,0,0,1,2,0,5,0,0,14,4.293,0.397,21.71,2.09,5.259,0,0,1
S01246,2026-09-13 21:05:00,jkavari,Finance,ZA,0,0,3,2,1,4,0,0,12,20.279,0.0,18.42,17.66,0.805,0,0,0
S01247,2026-09-10 05:56:00,katjiuongua,Information Technology,NA,0,0,1,0,0,6,1,0,17,15.586,0.0,46.93,43.0,2.226,0,0,1
S01248,2026-09-10 17:47:00,nambala,Loans,NA,0,0,0,1,1,1,0,0,10,8.801,0.0,16.47,7.92,0.434,0,0,0
S01249,2026-09-14 00:06:00,ntinda,Marketing,ZA,0,0,4,1,1,8,1,0,11,16.692,2.845,39.22,34.78,0.612,0,0,1
S01250,2026-09-10 16:46:00,nnakale,Customer Service,NA,0,0,0,0,1,1,0,0,7,1.4,0.0,27.2,11.24,0.699,0,0,0
S01251,2026-09-10 19:26:00,amupanda,Compliance,NA,0,0,0,0,1,4,1,1,13,2.836,0.247,30.58,28.66,0.315,0,0,0
S01252,2026-09-07 06:36:00,amupanda,Compliance,NA,0,1,0,0,1,3,2,1,17,47.595,0.408,3.85,29.85,1.791,0,0,1
S01253,2026-09-07 13:30:00,kndjavera,Compliance,NA,0,0,1,0,0,6,3,1,25,19.122,2.992,9.13,8.61,2.114,0,0,0
S01254,2026-09-09 07:12:00,ntinda,Marketing,NA,0,0,1,0,1,4,0,0,11,5.307,0.0,8.46,15.85,1.045,0,0,0
S01255,2026-09-11 16:16:00,pnakale,Human Resources,NA,0,0,0,2,1,3,0,0,11,8.966,2.055,11.23,9.96,2.604,0,0,0
S01256,2026-09-10 05:01:00,nambala,Loans,ZA,1,0,2,0,0,2,0,0,14,12.561,3.332,38.1,17.71,1.599,0,0,1
S01257,2026-09-11 04:15:00,amupanda,Compliance,NA,0,0,0,0,1,6,3,0,30,9.524,0.321,10.92,8.11,2.483,0,0,0
S01258,2026-09-07 11:29:00,kndjavera,Compliance,NA,0,0,0,0,1,6,2,0,19,7.864,0.367,32.83,10.85,0.312,0,0,0
S01259,2026-09-07 17:28:00,ntinda,Marketing,NA,0,0,2,1,0,2,0,0,14,8.531,2.041,9.49,12.19,2.664,0,0,0
S01260,2026-09-14 02:39:00,jkavari,Finance,NA,0,0,2,1,1,1,0,0,17,2.604,0.0,6.14,4.81,1.574,0,0,0
S01261,2026-09-10 00:33:00,ndjaba,Customer Service,NA,0,0,1,0,1,4,0,0,9,10.618,0.861,16.21,16.87,1.118,0,0,0
S01262,2026-09-13 01:52:00,murorua,Risk,NA,0,0,2,0,1,5,0,0,8,15.517,4.707,3.29,34.76,0.636,0,0,0
S01263,2026-09-13 13:48:00,nnakale,Customer Service,NA,0,0,1,2,1,4,2,0,25,11.549,0.076,12.83,7.28,1.607,0,0,0
S01264,2026-09-11 15:35:00,amupanda,Compliance,NA,0,1,0,0,1,3,1,1,13,4.64,0.0,4.93,8.37,1.848,0,0,0
S01265,2026-09-10 20:27:00,mukwambi,Human Resources,NA,0,0,0,0,1,5,0,0,10,3.563,0.0,12.39,34.06,1.748,0,0,0
S01266,2026-09-09 13:05:00,mukwambi,Human Resources,NA,0,0,1,0,1,4,0,1,4,3.722,0.0,3.27,8.52,2.423,0,0,0
S01267,2026-09-13 10:00:00,nduminga,Customer Service,NA,0,1,2,0,1,1,0,0,12,14.684,2.241,17.13,5.36,1.587,0,0,0
S01268,2026-09-11 22:05:00,murorua,Risk,NA,0,0,1,0,1,4,0,0,7,5.099,0.0,11.73,2.84,0.537,0,0,0
S01269,2026-09-10 01:53:00,nghifindaka,Information Technology,ZA,1,0,1,0,1,4,1,0,19,17.632,7.303,28.39,12.73,0.313,0,0,0
S01270,2026-09-09 13:11:00,hamukwaya,Treasury,ZA,1,0,2,2,1,7,2,2,22,13.816,1.823,23.47,10.87,5.084,1,0,1
S01271,2026-09-10 04:08:00,katjiuongua,Information Technology,NA,0,0,0,0,1,4,0,0,19,3.144,0.0,3.94,0.05,1.959,0,0,0
S01272,2026-09-13 09:18:00,pnakale,Human Resources,NA,0,0,0,0,1,3,1,0,23,42.662,0.813,13.68,2.03,0.116,0,0,0
S01273,2026-09-08 15:30:00,shilongo,Loans,NA,0,0,0,0,1,1,0,0,12,20.843,0.364,9.23,2.65,0.394,0,0,0
S01274,2026-09-08 14:45:00,tshivute,Finance,NA,0,0,2,0,1,2,1,0,13,18.986,2.218,6.56,9.22,2.267,0,0,0
S01275,2026-09-07 19:56:00,jkavari,Finance,NA,0,0,0,1,1,1,0,1,10,9.405,0.916,2.41,7.98,2.431,0,0,0
S01276,2026-09-09 21:23:00,nduminga,Customer Service,BW,1,0,3,0,1,2,0,0,14,3.976,4.248,6.17,5.58,1.342,0,0,0
S01277,2026-09-14 00:57:00,tkamati,Customer Service,NA,0,0,0,0,1,3,0,0,17,1.207,0.777,11.14,4.51,0.84,0,0,0
S01278,2026-09-13 20:25:00,haufiku,Information Technology,NA,0,0,1,0,1,2,1,1,13,9.553,1.43,25.14,21.67,0.165,0,0,0
S01279,2026-09-14 05:35:00,murorua,Risk,NA,0,0,0,0,1,2,0,0,12,2.278,2.036,8.5,0.59,3.663,0,0,0
S01280,2026-09-09 02:36:00,shapaka,Executive,NA,0,0,0,1,1,5,0,0,15,3.334,1.612,14.37,1.38,0.471,0,0,0
S01281,2026-09-08 15:42:00,sihuhua,Customer Service,NA,0,1,1,0,1,4,0,0,10,4.399,0.0,0.95,0.84,1.537,0,0,0
S01282,2026-09-09 14:49:00,murorua,Risk,NA,0,0,0,1,1,2,0,0,10,16.129,1.946,19.14,6.36,1.971,0,0,0
S01283,2026-09-09 11:36:00,tkamati,Customer Service,NA,0,1,0,0,1,4,0,0,12,7.783,0.104,30.95,2.79,3.375,0,0,1
S01284,2026-09-12 01:02:00,kndjavera,Compliance,NA,0,0,2,0,1,5,1,0,14,3.671,1.422,10.84,16.53,1.3,0,0,0
S01285,2026-09-12 11:32:00,sankwasa,Procurement,NA,0,0,1,0,1,4,0,0,9,1.505,1.414,18.2,27.53,0.684,0,0,0
S01286,2026-09-10 11:48:00,sihuhua,Customer Service,NA,0,0,0,0,1,4,0,0,17,5.068,0.0,22.7,18.62,3.168,0,0,1
S01287,2026-09-07 22:49:00,ndjaba,Customer Service,NA,0,0,1,1,1,4,1,0,19,1.203,0.505,41.78,36.19,1.299,0,0,1
S01288,2026-09-13 09:33:00,amupanda,Compliance,NA,0,0,1,0,1,5,0,0,5,12.824,0.0,2.37,32.87,0.449,0,0,0
S01289,2026-09-10 01:23:00,shapaka,Executive,NA,0,1,0,0,1,2,0,0,16,14.778,0.043,38.3,33.58,0.467,0,0,0
S01290,2026-09-09 02:52:00,shilongo,Loans,NA,0,0,0,0,1,3,0,1,6,4.454,0.0,22.57,0.74,2.09,0,0,0
S01291,2026-09-09 16:22:00,katjiuongua,Information Technology,NA,0,0,2,1,1,1,0,0,10,3.934,1.648,29.22,14.28,1.139,0,0,0
S01292,2026-09-14 03:23:00,mukwambi,Human Resources,NA,0,0,1,0,1,2,0,0,9,4.108,1.398,3.03,7.89,2.52,0,0,0
S01293,2026-09-09 09:16:00,tshivute,Finance,ZA,0,0,1,0,1,3,0,0,16,6.119,0.0,1.33,1.63,3.787,0,0,0
S01294,2026-09-09 16:17:00,nnakale,Customer Service,NA,0,0,2,0,1,4,0,0,10,3.548,4.947,19.92,3.06,2.451,0,0,0
S01295,2026-09-14 05:14:00,jkavari,Finance,NA,0,0,1,1,0,7,0,0,14,22.151,0.19,7.92,14.46,0.678,0,0,0
S01296,2026-09-12 18:02:00,ndjaba,Customer Service,NA,0,0,0,0,1,6,0,0,15,22.061,1.45,6.04,44.3,1.38,0,0,0
S01297,2026-09-14 06:20:00,haufiku,Information Technology,ZA,0,1,3,2,1,4,2,0,14,11.928,8.392,8.38,20.17,0.625,0,0,1
S01298,2026-09-13 15:38:00,nghifindaka,Information Technology,ZA,1,1,2,2,1,3,0,0,16,16.417,0.0,26.51,60.15,2.914,0,0,1
S01299,2026-09-10 06:10:00,nduminga,Customer Service,NA,0,0,0,0,0,1,0,0,14,27.327,0.0,9.67,29.33,1.588,0,0,0
S01300,2026-09-12 09:25:00,shapaka,Executive,ZA,0,0,1,2,1,3,0,0,10,6.321,1.019,10.53,27.46,0.038,0,0,0
S01301,2026-09-10 21:35:00,jkavari,Finance,NA,0,0,0,0,1,2,1,0,17,14.563,0.0,10.82,11.47,0.926,0,0,0
S01302,2026-09-08 17:06:00,kndjavera,Compliance,NA,0,0,0,0,0,2,0,0,15,6.994,0.112,15.14,15.01,1.286,0,0,0
S01303,2026-09-09 01:55:00,ndjaba,Customer Service,NA,0,0,0,0,1,3,0,0,14,1.677,1.672,11.63,10.2,1.191,0,0,0
S01304,2026-09-09 01:09:00,nghifindaka,Information Technology,NA,0,0,2,0,1,5,2,0,15,13.464,0.0,2.93,21.95,2.806,0,0,0
S01305,2026-09-11 19:05:00,mbandeka,Legal,NA,0,0,1,0,1,5,0,0,7,8.415,2.134,0.31,3.32,1.781,0,0,0
S01306,2026-09-10 16:47:00,jkavari,Finance,NA,0,0,0,1,1,3,1,0,11,11.279,0.764,7.73,18.88,3.508,0,0,0
S01307,2026-09-13 00:07:00,tkamati,Customer Service,NA,0,0,0,0,1,1,0,0,9,21.121,0.0,1.2,18.6,0.94,0,0,0
S01308,2026-09-12 20:20:00,ntinda,Marketing,NA,0,0,1,1,1,4,1,2,14,17.3,0.0,11.14,3.07,2.418,0,0,0
S01309,2026-09-11 01:52:00,kndjavera,Compliance,NA,0,1,1,0,1,5,3,1,27,12.38,0.0,21.98,5.26,3.453,0,0,1
S01310,2026-09-11 16:15:00,nambala,Loans,NA,0,0,0,0,1,5,1,0,15,2.991,4.157,2.67,50.14,1.206,0,0,0
S01311,2026-09-07 20:25:00,sihuhua,Customer Service,NA,0,0,2,0,1,4,0,1,8,2.311,0.0,9.94,1.61,2.851,0,0,0
S01312,2026-09-10 13:45:00,katjiuongua,Information Technology,NA,0,0,2,2,1,4,0,0,13,73.808,1.722,13.98,0.32,0.044,0,0,0
S01313,2026-09-08 05:32:00,shilongo,Loans,NA,0,0,1,0,0,4,0,0,11,15.468,1.631,13.67,7.64,0.15,0,0,0
S01314,2026-09-09 15:12:00,tshivute,Finance,NA,0,0,0,1,1,2,0,0,16,6.938,0.614,29.63,4.83,5.58,0,0,1
S01315,2026-09-12 02:26:00,sankwasa,Procurement,NA,0,0,0,0,1,7,1,0,20,8.879,0.431,2.74,23.15,2.608,0,0,0
S01316,2026-09-12 07:18:00,mhaingura,Customer Service,NA,0,0,0,0,1,2,0,0,9,14.292,0.0,25.82,2.99,1.613,0,0,0
S01317,2026-09-11 16:35:00,ntinda,Marketing,NA,0,0,0,1,1,2,0,0,18,13.73,0.143,38.34,3.25,2.607,0,0,0
S01318,2026-09-13 23:31:00,kndjavera,Compliance,BW,1,0,1,1,1,1,0,0,10,25.328,0.0,24.07,17.89,2.275,0,0,1
S01319,2026-09-12 16:43:00,hamukwaya,Treasury,ZA,0,0,0,0,1,1,1,0,10,14.337,0.102,16.48,11.46,4.058,0,1,1
S01320,2026-09-12 17:27:00,shilongo,Loans,NA,0,0,1,0,1,2,0,0,11,6.921,2.594,25.96,46.74,0.509,0,0,0
S01321,2026-09-09 07:44:00,pnakale,Human Resources,NA,0,0,0,0,1,7,1,0,13,20.998,1.995,11.37,29.49,0.356,0,0,1
S01322,2026-09-08 04:17:00,hamukwaya,Treasury,NA,0,0,0,0,1,5,1,0,10,32.917,0.026,29.52,9.89,0.321,0,0,0
S01323,2026-09-08 03:43:00,sankwasa,Procurement,NA,0,0,0,0,1,3,0,0,10,3.964,0.306,29.24,7.72,0.57,0,0,0
S01324,2026-09-09 20:14:00,tshivute,Finance,NA,1,0,0,0,1,3,0,0,12,5.438,0.0,23.31,4.49,0.796,0,0,0
S01325,2026-09-12 23:25:00,nnakale,Customer Service,NA,0,1,0,0,1,3,1,1,13,4.84,0.0,22.78,41.61,0.822,0,0,1
S01326,2026-09-08 19:11:00,sankwasa,Procurement,NA,0,0,0,0,1,4,1,1,18,3.421,1.068,13.36,3.78,0.925,0,0,0
S01327,2026-09-11 14:33:00,katjiuongua,Information Technology,NA,0,0,2,1,1,1,1,1,18,3.325,0.0,23.0,24.04,1.685,0,0,0
S01328,2026-09-10 04:41:00,murorua,Risk,NA,0,0,0,0,1,2,1,0,12,5.542,5.086,12.25,5.24,1.915,0,0,0
S01329,2026-09-13 17:19:00,pnakale,Human Resources,NA,0,1,1,0,1,4,0,1,13,20.765,0.0,13.83,8.22,1.558,0,0,0
S01330,2026-09-11 05:45:00,murorua,Risk,NA,0,0,0,0,1,3,1,0,15,5.64,0.393,4.39,23.23,0.348,0,0,0
S01331,2026-09-07 16:52:00,nghifindaka,Information Technology,NA,0,0,0,0,1,1,0,0,11,2.926,1.174,34.35,0.84,1.633,0,0,0
S01332,2026-09-13 10:14:00,ntinda,Marketing,NA,0,0,0,0,1,4,0,0,9,5.202,0.345,9.7,14.47,3.644,0,0,0
S01333,2026-09-08 03:26:00,mhaingura,Customer Service,NA,0,0,1,0,1,4,0,0,8,27.996,0.171,29.37,2.0,0.133,0,0,0
S01334,2026-09-07 11:13:00,amupanda,Compliance,NA,0,0,0,1,1,2,0,1,13,2.207,1.203,48.81,15.39,1.581,0,0,0
S01335,2026-09-10 16:53:00,mbandeka,Legal,NA,0,0,2,0,1,3,0,0,9,3.211,1.437,10.43,3.74,0.708,0,0,0
S01336,2026-09-13 08:07:00,katjiuongua,Information Technology,NA,0,0,0,0,1,4,1,1,17,3.888,0.0,11.07,7.72,0.941,0,0,0
S01337,2026-09-12 11:10:00,kndjavera,Compliance,NA,1,0,0,0,1,1,0,0,10,3.045,0.089,10.22,26.47,1.411,0,0,0
S01338,2026-09-07 17:35:00,mbandeka,Legal,NA,0,0,0,1,1,1,0,0,12,12.335,1.098,13.78,2.48,4.122,0,0,0
S01339,2026-09-10 19:30:00,ntinda,Marketing,NA,0,0,0,1,1,3,0,0,16,3.905,0.0,16.73,16.7,1.907,0,0,0
S01340,2026-09-08 08:02:00,nduminga,Customer Service,BW,0,1,2,1,1,1,0,0,15,26.241,0.0,22.41,17.69,1.504,0,0,1
S01341,2026-09-12 15:32:00,jkavari,Finance,NA,0,0,1,0,1,1,0,0,13,10.018,0.932,34.7,16.15,2.709,0,0,0
S01342,2026-09-13 07:18:00,pnakale,Human Resources,NA,0,0,1,0,1,2,0,0,11,13.235,4.202,27.91,37.84,2.991,0,0,0
S01343,2026-09-07 21:12:00,tkamati,Customer Service,NA,0,0,0,1,1,3,0,0,10,6.601,8.742,16.98,27.43,0.672,0,0,0
S01344,2026-09-13 19:18:00,ntinda,Marketing,NA,0,0,0,0,1,2,0,0,11,14.266,0.615,16.25,22.81,2.332,0,0,0
S01345,2026-09-12 17:13:00,katjiuongua,Information Technology,NA,0,0,1,0,1,4,1,0,13,11.88,0.0,7.09,15.34,0.069,0,0,0
S01346,2026-09-10 21:25:00,sankwasa,Procurement,NA,0,0,1,1,1,2,0,0,7,6.741,0.0,40.22,6.58,1.555,0,0,0
S01347,2026-09-08 09:45:00,tkamati,Customer Service,NA,0,0,0,0,1,2,0,0,14,10.39,0.614,7.39,13.41,1.426,0,0,0
S01348,2026-09-07 16:08:00,haufiku,Information Technology,NA,0,0,1,1,1,5,0,0,9,3.062,0.934,11.51,40.11,10.0,0,0,1
S01349,2026-09-13 17:52:00,nnakale,Customer Service,NA,0,0,0,0,0,5,0,0,16,7.593,0.688,5.46,14.39,1.589,0,0,1
S01350,2026-09-12 01:37:00,katjiuongua,Information Technology,NA,0,0,1,1,1,1,1,1,9,17.853,1.128,18.44,7.37,4.99,0,0,1
S01351,2026-09-11 18:37:00,nghifindaka,Information Technology,ZA,0,0,1,1,1,1,0,0,8,5.387,0.395,12.63,16.86,2.281,0,0,0
S01352,2026-09-10 20:01:00,sihuhua,Customer Service,NA,0,0,1,0,1,5,2,0,17,31.938,1.872,23.54,12.97,2.207,0,0,0
S01353,2026-09-13 00:31:00,katjiuongua,Information Technology,NA,1,1,0,0,1,4,0,0,13,4.934,1.298,14.56,16.78,0.835,0,0,1
S01354,2026-09-08 17:36:00,pnakale,Human Resources,NA,0,0,0,0,1,3,0,0,16,11.765,0.0,36.09,13.09,1.675,0,0,0
S01355,2026-09-11 02:13:00,mhaingura,Customer Service,NA,0,0,0,0,1,4,0,0,12,2.007,0.0,8.35,16.21,1.272,0,0,0
S01356,2026-09-07 13:35:00,hamukwaya,Treasury,NA,0,1,2,1,0,5,1,0,18,10.096,0.943,6.91,13.9,0.884,0,1,1
S01357,2026-09-12 10:58:00,hamukwaya,Treasury,NA,0,0,1,0,1,2,0,1,11,8.73,0.0,14.57,11.22,1.285,0,0,0
S01358,2026-09-13 02:48:00,ndjaba,Customer Service,NA,0,0,0,0,1,2,0,1,13,6.472,0.393,17.48,5.36,0.67,0,0,0
S01359,2026-09-10 20:36:00,haufiku,Information Technology,ZA,0,1,0,0,1,5,1,0,15,11.268,0.0,7.92,0.47,0.462,0,0,0
S01360,2026-09-13 12:31:00,jkavari,Finance,NA,0,0,0,0,1,4,0,0,15,17.531,0.692,1.28,13.76,0.141,0,0,0
S01361,2026-09-07 14:16:00,haufiku,Information Technology,NA,0,0,0,0,1,1,0,0,7,13.866,1.284,2.35,10.24,0.875,0,0,0
S01362,2026-09-09 20:24:00,ntinda,Marketing,NA,0,1,1,1,1,5,2,0,14,43.079,1.429,21.22,23.48,1.434,0,0,1
S01363,2026-09-08 21:28:00,tshivute,Finance,NA,0,0,0,0,1,2,0,0,14,14.574,0.0,2.19,4.58,1.313,0,0,0
S01364,2026-09-07 08:38:00,murorua,Risk,NA,0,0,1,2,1,5,1,2,13,26.539,0.81,16.64,5.77,1.458,0,0,0
S01365,2026-09-12 11:26:00,shapaka,Executive,NA,0,0,1,0,1,2,0,0,9,29.5,0.0,39.67,11.11,0.795,0,0,0
S01366,2026-09-07 09:43:00,nambala,Loans,NA,0,0,0,0,1,3,1,0,20,16.567,0.0,19.34,27.65,0.495,0,0,0
S01367,2026-09-13 10:29:00,kndjavera,Compliance,NA,0,0,0,0,1,7,4,2,29,9.428,6.043,3.15,0.38,3.919,0,0,1
S01368,2026-09-14 05:38:00,tkamati,Customer Service,NA,0,0,0,1,0,2,0,0,6,3.082,0.065,36.53,15.67,2.961,0,0,0
S01369,2026-09-08 12:15:00,sihuhua,Customer Service,NA,0,0,0,0,1,4,0,0,15,6.811,0.0,5.18,10.25,0.319,0,0,0
S01370,2026-09-09 13:32:00,pnakale,Human Resources,BW,0,0,0,0,1,4,1,1,12,17.879,0.0,10.7,24.74,3.408,0,0,0
S01371,2026-09-08 07:33:00,sihuhua,Customer Service,ZA,0,0,0,1,1,4,0,0,8,9.877,0.0,2.09,25.29,1.451,0,0,0
S01372,2026-09-11 03:59:00,nnakale,Customer Service,NA,0,0,0,0,1,3,2,0,15,32.954,0.601,0.55,17.76,0.463,0,0,0
S01373,2026-09-11 21:39:00,mukwambi,Human Resources,NA,0,0,0,0,1,5,0,0,8,19.09,0.548,29.37,11.04,0.354,0,0,0
S01374,2026-09-13 11:54:00,haufiku,Information Technology,NA,0,1,0,0,1,2,1,0,17,5.332,3.412,17.97,12.54,1.702,0,0,0
S01375,2026-09-11 05:17:00,tshivute,Finance,NA,0,0,0,0,1,1,0,0,12,14.177,0.0,2.66,12.29,0.806,0,0,0
S01376,2026-09-11 04:29:00,pnakale,Human Resources,ZA,0,1,1,0,1,4,0,0,14,4.372,0.0,10.14,20.74,0.269,0,0,0
S01377,2026-09-10 20:26:00,murorua,Risk,NA,0,0,1,0,1,2,0,0,12,5.704,0.015,19.61,19.87,2.611,0,0,0
S01378,2026-09-11 02:31:00,mbandeka,Legal,NA,0,0,0,0,1,4,0,0,11,10.458,0.361,27.68,19.6,1.636,0,0,0
S01379,2026-09-12 05:09:00,ntinda,Marketing,NA,0,0,0,0,1,1,0,0,12,31.162,0.0,31.11,17.12,0.961,0,0,1
S01380,2026-09-07 22:46:00,sihuhua,Customer Service,NA,0,0,0,0,1,4,1,1,13,6.79,2.987,33.55,3.76,1.712,0,0,0
S01381,2026-09-14 03:19:00,mhaingura,Customer Service,NA,0,0,0,0,0,2,0,0,10,3.661,3.597,8.81,6.66,1.321,0,0,0
S01382,2026-09-11 13:36:00,haufiku,Information Technology,NA,0,0,2,1,1,2,1,0,19,2.971,0.233,22.9,20.46,1.457,0,0,1
S01383,2026-09-09 13:08:00,haufiku,Information Technology,NA,0,0,0,0,1,4,1,0,13,9.422,1.002,13.23,3.86,2.433,0,0,0
S01384,2026-09-12 03:55:00,tshivute,Finance,ZA,0,1,1,1,1,6,1,0,22,26.767,5.806,12.2,3.26,1.651,1,0,1
S01385,2026-09-11 12:56:00,mukwambi,Human Resources,NA,0,1,0,1,1,4,0,1,15,1.806,0.179,29.84,32.97,3.887,0,0,1
S01386,2026-09-09 10:28:00,katjiuongua,Information Technology,NA,0,0,1,1,1,3,2,2,20,18.192,5.639,13.21,17.44,0.25,0,0,1
S01387,2026-09-07 03:58:00,murorua,Risk,NA,0,1,0,0,1,8,0,1,11,17.345,0.895,4.23,7.86,2.481,0,0,0
S01388,2026-09-10 04:17:00,ntinda,Marketing,NA,0,0,1,0,1,2,1,0,19,4.537,0.0,23.2,45.68,0.448,0,0,0
S01389,2026-09-13 22:02:00,nghifindaka,Information Technology,ZA,1,0,2,1,1,2,0,0,15,17.846,0.0,18.87,8.97,0.697,0,0,0
S01390,2026-09-07 07:23:00,tshivute,Finance,NA,0,0,0,1,1,6,0,0,16,9.855,0.142,19.34,14.68,1.605,0,0,0
S01391,2026-09-09 22:01:00,mbandeka,Legal,NA,0,0,0,0,1,4,1,0,14,23.888,1.725,19.29,20.68,0.304,0,0,0
S01392,2026-09-13 00:17:00,hamukwaya,Treasury,NA,0,0,0,0,1,3,0,0,10,8.697,0.0,20.44,40.63,2.014,0,0,0
S01393,2026-09-10 06:34:00,nghifindaka,Information Technology,NA,0,0,0,0,1,2,0,1,9,6.791,0.702,16.44,11.73,1.828,0,0,0
S01394,2026-09-09 19:12:00,haufiku,Information Technology,ZA,0,0,3,0,1,4,2,0,13,41.188,0.859,1.6,18.18,3.245,1,0,1
S01395,2026-09-10 08:51:00,tshivute,Finance,NA,0,0,1,0,1,6,0,0,6,9.327,0.632,18.3,20.11,0.369,0,0,0
S01396,2026-09-12 23:40:00,jkavari,Finance,NA,0,0,0,0,1,1,0,0,14,4.841,0.0,8.18,33.28,0.535,0,0,0
S01397,2026-09-10 00:50:00,pnakale,Human Resources,NA,1,0,0,1,1,2,0,0,16,9.293,0.827,45.58,3.34,2.408,0,0,1
S01398,2026-09-10 01:10:00,hamukwaya,Treasury,NA,0,0,1,0,1,1,0,0,14,24.603,0.0,22.26,15.41,3.12,0,0,0
S01399,2026-09-13 09:36:00,nambala,Loans,ZA,1,0,3,1,1,5,1,1,14,38.298,0.0,7.89,14.2,3.114,0,0,1
S01400,2026-09-12 18:01:00,mukwambi,Human Resources,NA,0,0,1,0,1,3,0,1,9,9.066,0.0,26.58,27.56,1.311,0,0,0
S01401,2026-09-09 12:58:00,haufiku,Information Technology,NA,0,0,1,0,1,4,1,1,13,15.908,0.0,22.05,5.91,0.543,0,0,0
S01402,2026-09-12 12:52:00,katjiuongua,Information Technology,NA,0,0,0,0,1,5,3,0,27,22.9,0.537,12.08,10.86,3.271,0,0,0
S01403,2026-09-12 09:28:00,shapaka,Executive,NA,0,0,0,0,1,1,0,0,20,4.198,0.055,44.7,1.47,4.113,0,0,0
S01404,2026-09-13 11:48:00,nambala,Loans,NA,0,0,0,0,1,2,0,0,11,1.518,2.746,24.17,28.36,3.197,0,0,0
S01405,2026-09-08 13:08:00,nduminga,Customer Service,NA,0,1,1,0,1,1,0,0,13,1.94,0.192,1.29,7.41,1.588,0,0,0
S01406,2026-09-12 13:00:00,pnakale,Human Resources,NA,0,0,1,0,1,2,0,0,18,5.229,0.906,39.21,3.45,0.745,0,0,0
S01407,2026-09-12 22:25:00,nnakale,Customer Service,NA,0,0,2,3,1,3,0,0,11,7.042,0.013,18.41,20.92,4.13,0,0,1
S01408,2026-09-10 23:46:00,tkamati,Customer Service,NA,0,0,1,0,0,4,0,0,13,6.694,0.0,23.45,20.71,1.184,0,0,0
S01409,2026-09-09 21:22:00,katjiuongua,Information Technology,NA,0,0,0,2,1,2,1,2,16,6.687,0.291,6.03,2.02,3.431,0,0,0
S01410,2026-09-07 17:38:00,nghifindaka,Information Technology,NA,0,0,0,0,1,4,0,0,9,5.338,0.0,21.47,11.27,0.629,0,0,0
S01411,2026-09-12 22:28:00,kndjavera,Compliance,NA,0,0,0,0,1,5,1,0,19,7.834,0.0,10.78,16.35,1.73,0,0,0
S01412,2026-09-11 17:00:00,shapaka,Executive,NA,0,0,0,0,1,2,0,0,8,20.51,5.184,35.33,2.13,0.92,0,0,0
S01413,2026-09-11 23:45:00,mbandeka,Legal,NA,1,0,1,0,1,3,0,0,17,8.015,0.401,8.43,12.01,2.616,0,0,0
S01414,2026-09-12 00:16:00,nghifindaka,Information Technology,NA,0,0,0,0,0,5,1,0,16,5.491,0.0,15.79,6.16,3.575,0,0,0
S01415,2026-09-13 13:19:00,hamukwaya,Treasury,NA,0,0,0,0,1,7,0,0,13,11.996,0.0,31.13,19.11,0.222,0,0,0
S01416,2026-09-13 13:14:00,mukwambi,Human Resources,NA,0,0,1,0,1,4,0,0,18,2.301,1.046,21.95,13.67,1.372,0,0,0
S01417,2026-09-10 13:24:00,tjirera,Internal Audit,NA,0,0,0,0,1,2,0,0,11,12.186,0.208,2.54,3.03,1.055,0,0,0
S01418,2026-09-07 12:23:00,mbandeka,Legal,BW,0,0,0,0,1,1,0,0,11,3.08,0.889,12.97,24.69,0.488,0,0,0
S01419,2026-09-12 16:45:00,shilongo,Loans,NA,0,0,0,1,1,3,1,1,14,12.439,0.657,17.81,24.69,1.928,0,0,0
S01420,2026-09-08 08:19:00,tshivute,Finance,ZA,0,0,4,2,1,2,0,0,6,6.151,0.403,15.64,4.36,2.418,1,0,1
S01421,2026-09-14 02:52:00,nghifindaka,Information Technology,NA,0,0,0,0,1,3,2,0,22,3.713,1.029,3.33,16.33,2.197,0,0,0
S01422,2026-09-12 19:18:00,mhaingura,Customer Service,NA,0,0,0,0,1,3,0,0,14,3.598,0.852,16.64,10.31,0.485,0,0,0
S01423,2026-09-08 18:45:00,ndjaba,Customer Service,NA,0,0,0,1,1,2,0,0,12,5.081,1.757,5.96,26.51,4.264,0,0,0
S01424,2026-09-08 12:56:00,mhaingura,Customer Service,NA,0,1,0,0,1,2,0,0,6,3.932,0.0,12.38,26.92,3.779,0,0,1
S01425,2026-09-10 20:43:00,katjiuongua,Information Technology,NA,0,0,0,1,1,4,1,0,17,5.306,0.0,31.56,16.12,5.043,0,0,1
S01426,2026-09-07 13:20:00,nnakale,Customer Service,NA,0,0,0,0,1,2,1,0,19,6.518,1.384,7.94,8.77,0.04,0,0,0
S01427,2026-09-09 14:19:00,tjirera,Internal Audit,NA,0,0,1,0,0,3,1,0,22,4.437,0.142,9.39,14.37,0.786,0,0,0
S01428,2026-09-07 07:44:00,kndjavera,Compliance,NA,0,0,0,0,1,3,0,0,12,31.35,1.836,15.16,15.39,1.504,0,0,0
S01429,2026-09-10 22:15:00,sankwasa,Procurement,NA,0,1,0,0,1,2,1,0,14,13.031,3.71,7.83,24.13,0.117,0,0,0
S01430,2026-09-08 21:10:00,haufiku,Information Technology,NA,0,0,2,2,1,3,2,4,19,30.464,0.318,51.27,35.46,0.642,0,0,1
S01431,2026-09-07 17:54:00,tkamati,Customer Service,NA,0,0,0,0,1,1,0,0,15,8.303,0.0,9.62,14.05,0.546,0,0,0
S01432,2026-09-07 12:05:00,amupanda,Compliance,NA,0,0,1,0,1,3,1,0,23,12.392,1.251,21.75,0.9,0.569,0,0,0
S01433,2026-09-12 21:15:00,katjiuongua,Information Technology,NA,0,0,0,0,1,1,0,0,13,10.037,1.357,13.46,27.63,0.114,0,0,0
S01434,2026-09-12 01:16:00,kndjavera,Compliance,NA,0,0,1,0,1,4,2,0,16,22.701,0.654,26.33,24.89,1.151,0,0,0
S01435,2026-09-11 18:39:00,tshivute,Finance,NA,0,0,0,1,1,1,0,0,19,16.343,0.376,5.01,12.18,2.378,0,0,0
S01436,2026-09-12 00:36:00,tshivute,Finance,NA,0,0,0,0,1,4,0,0,9,1.072,8.418,26.52,7.25,0.84,0,0,0
S01437,2026-09-07 13:06:00,kndjavera,Compliance,NA,0,0,0,0,1,3,2,0,17,51.385,0.0,25.61,11.39,1.294,0,0,0
S01438,2026-09-13 14:21:00,mbandeka,Legal,NA,0,0,1,2,1,6,0,0,7,25.453,1.122,8.33,8.34,1.659,0,0,0
S01439,2026-09-12 12:21:00,kndjavera,Compliance,NA,0,0,0,0,0,6,1,2,9,17.664,1.702,7.16,20.03,5.519,0,0,1
S01440,2026-09-12 02:06:00,nduminga,Customer Service,NA,0,0,0,0,1,1,0,0,11,4.708,0.009,25.25,25.11,0.923,0,0,0
S01441,2026-09-09 12:39:00,sankwasa,Procurement,NA,0,0,0,0,1,5,0,0,10,7.902,2.227,9.5,15.64,1.125,0,0,0
S01442,2026-09-07 16:01:00,jkavari,Finance,NA,0,1,1,0,1,4,2,1,27,35.178,0.447,18.12,0.37,1.71,0,0,0
S01443,2026-09-10 16:57:00,sihuhua,Customer Service,NA,1,0,0,0,1,3,0,0,10,2.88,0.598,23.33,13.38,3.843,0,0,1
S01444,2026-09-08 04:42:00,pnakale,Human Resources,NA,0,0,0,0,1,3,1,1,16,112.647,0.0,27.63,10.7,0.761,0,0,0
S01445,2026-09-10 07:13:00,sankwasa,Procurement,NA,0,0,0,1,1,7,1,2,14,6.312,1.282,9.21,14.25,0.922,0,0,0
S01446,2026-09-11 06:33:00,nghifindaka,Information Technology,NA,0,0,0,0,1,4,0,0,13,8.669,0.0,28.38,6.91,5.66,0,0,0
S01447,2026-09-13 08:15:00,nnakale,Customer Service,NA,0,0,0,0,1,2,0,0,13,8.216,0.084,13.86,3.78,3.774,0,0,0
S01448,2026-09-12 11:01:00,sankwasa,Procurement,NA,0,0,0,0,1,2,0,0,12,7.119,0.0,11.41,19.48,1.062,0,0,0
S01449,2026-09-08 18:58:00,tjirera,Internal Audit,NA,0,0,0,0,0,3,1,0,16,8.103,0.0,52.54,5.05,0.442,0,0,0
S01450,2026-09-13 16:41:00,amupanda,Compliance,NA,0,0,1,1,1,5,2,0,12,3.039,1.438,20.56,8.24,1.342,0,0,1
S01451,2026-09-10 02:26:00,mukwambi,Human Resources,NA,0,0,0,0,1,2,0,0,16,7.644,0.0,15.85,21.59,4.271,0,0,0
S01452,2026-09-07 13:51:00,tjirera,Internal Audit,NA,0,0,1,0,1,1,0,0,11,3.565,0.0,19.01,2.44,0.534,0,0,0
S01453,2026-09-12 05:47:00,ndjaba,Customer Service,NA,0,1,0,0,1,2,0,0,5,7.581,0.0,32.01,8.41,0.683,0,0,1
S01454,2026-09-10 17:29:00,mbandeka,Legal,NA,0,0,0,0,1,4,0,0,9,21.017,0.267,52.51,16.35,2.316,0,0,0
S01455,2026-09-07 21:19:00,sankwasa,Procurement,NA,0,0,1,0,1,1,1,0,20,4.051,1.409,10.13,22.5,0.897,0,0,0
S01456,2026-09-08 23:53:00,shapaka,Executive,NA,0,0,2,0,1,2,0,0,17,3.405,0.0,7.26,25.2,2.844,0,0,0
S01457,2026-09-07 06:28:00,tkamati,Customer Service,NA,0,0,0,1,1,2,0,0,18,25.784,2.635,6.73,25.61,1.283,0,0,0
S01458,2026-09-08 21:55:00,haufiku,Information Technology,NA,0,0,2,0,1,5,1,0,8,19.395,3.715,21.22,9.61,1.879,0,0,0
S01459,2026-09-07 04:42:00,amupanda,Compliance,NA,0,0,0,0,1,6,2,1,18,19.56,1.482,7.2,9.48,0.311,0,0,0
S01460,2026-09-14 00:40:00,sihuhua,Customer Service,NA,0,0,0,1,1,6,0,0,12,12.185,1.072,22.86,5.04,2.048,0,0,0
S01461,2026-09-09 16:38:00,jkavari,Finance,NA,0,1,1,0,1,2,0,0,17,4.148,1.825,27.65,6.44,0.491,0,0,0
S01462,2026-09-13 13:42:00,mhaingura,Customer Service,NA,0,0,0,0,1,3,0,0,13,9.141,0.0,26.69,12.18,1.307,0,0,0
S01463,2026-09-07 18:50:00,nghifindaka,Information Technology,NA,0,0,2,0,1,3,0,1,9,17.895,1.907,6.96,3.93,0.889,0,0,0
S01464,2026-09-09 13:22:00,murorua,Risk,ZA,0,0,3,0,1,2,0,0,10,7.873,0.469,29.5,8.63,0.411,1,0,0
S01465,2026-09-11 17:30:00,mbandeka,Legal,NA,0,0,0,0,1,4,0,0,21,6.248,0.189,5.67,12.71,0.662,0,0,0
S01466,2026-09-07 11:19:00,jkavari,Finance,NA,0,0,0,1,1,2,0,0,13,3.116,2.979,16.87,9.59,1.266,0,0,1
S01467,2026-09-11 13:09:00,jkavari,Finance,NA,0,0,1,0,1,1,0,0,10,8.074,2.03,5.16,8.84,1.36,0,0,0
S01468,2026-09-08 10:30:00,shapaka,Executive,NA,0,0,1,1,1,4,0,0,14,8.152,0.0,5.57,13.54,0.764,0,0,0
S01469,2026-09-12 04:59:00,tjirera,Internal Audit,NA,0,0,0,0,1,6,3,0,19,6.416,0.0,27.35,0.85,2.299,0,0,0
S01470,2026-09-13 00:57:00,jkavari,Finance,NA,0,0,0,0,1,1,0,0,13,2.603,2.555,27.41,23.27,0.514,0,0,0
S01471,2026-09-08 11:23:00,ndjaba,Customer Service,NA,1,0,0,1,0,3,0,0,13,4.167,0.441,62.98,20.71,2.74,0,0,1
S01472,2026-09-11 03:56:00,haufiku,Information Technology,NA,0,0,0,0,1,2,0,0,12,3.767,8.721,10.08,20.97,1.951,0,0,0
S01473,2026-09-08 07:53:00,mukwambi,Human Resources,NA,0,0,1,0,1,2,0,1,6,10.72,1.388,19.54,2.74,0.339,0,0,0
S01474,2026-09-10 18:22:00,mbandeka,Legal,NA,0,0,0,0,1,1,0,0,8,8.26,0.538,2.3,40.49,3.114,0,0,0
S01475,2026-09-10 04:47:00,sankwasa,Procurement,NA,1,1,0,0,1,2,0,0,11,7.067,0.474,8.59,4.59,3.415,0,0,1
S01476,2026-09-11 09:53:00,mukwambi,Human Resources,NA,0,0,0,0,0,5,0,0,10,12.099,1.374,31.46,2.38,1.948,0,0,0
S01477,2026-09-09 21:55:00,sankwasa,Procurement,NA,0,0,1,0,1,3,0,0,16,5.822,1.244,7.43,6.51,1.402,0,0,0
S01478,2026-09-12 12:00:00,hamukwaya,Treasury,NA,0,0,1,1,0,4,1,1,17,8.262,1.86,4.6,27.81,3.655,0,1,1
S01479,2026-09-12 13:20:00,nambala,Loans,NA,0,0,0,0,1,7,1,0,18,11.301,2.629,17.81,5.58,0.731,0,1,0
S01480,2026-09-13 19:18:00,haufiku,Information Technology,NA,0,0,0,0,1,4,0,0,9,6.874,0.0,16.24,30.95,3.625,0,0,0
S01481,2026-09-09 17:04:00,sihuhua,Customer Service,NA,0,0,0,0,1,5,0,0,8,4.345,0.0,31.74,12.61,0.386,0,0,0
S01482,2026-09-10 11:53:00,nghifindaka,Information Technology,NA,0,1,0,0,1,3,2,0,22,57.459,0.0,23.94,18.52,2.052,0,0,1
S01483,2026-09-10 15:06:00,nambala,Loans,NA,0,0,0,0,1,3,0,0,16,3.501,0.583,39.1,12.58,3.312,0,0,0
S01484,2026-09-09 21:11:00,pnakale,Human Resources,NA,0,0,1,1,1,2,0,0,14,9.267,0.0,17.48,1.37,4.081,0,0,0
S01485,2026-09-08 06:33:00,sihuhua,Customer Service,NA,0,0,0,0,1,2,0,0,11,19.211,2.313,3.71,5.33,2.435,0,0,0
S01486,2026-09-11 16:00:00,sankwasa,Procurement,BW,1,0,0,0,1,2,0,0,14,13.354,0.0,14.66,22.18,1.144,0,0,0
S01487,2026-09-10 22:24:00,ntinda,Marketing,NA,0,0,0,0,1,3,0,1,10,8.59,1.903,20.75,2.42,0.902,0,0,0
S01488,2026-09-09 21:52:00,pnakale,Human Resources,NA,0,0,0,0,1,3,0,0,8,5.853,1.515,4.88,20.94,0.367,0,0,0
S01489,2026-09-13 18:45:00,mukwambi,Human Resources,BW,1,0,0,0,0,3,1,0,20,4.924,0.0,16.65,10.16,6.54,0,0,1
S01490,2026-09-07 14:20:00,sihuhua,Customer Service,NA,0,0,1,1,1,1,1,1,17,7.954,0.258,24.93,17.52,1.319,0,1,1
S01491,2026-09-08 14:05:00,ntinda,Marketing,NA,1,0,1,1,1,5,1,0,20,7.22,0.579,47.02,22.25,4.113,0,0,1
S01492,2026-09-09 09:28:00,jkavari,Finance,NA,0,0,0,0,1,1,1,1,17,14.984,0.0,21.33,3.83,4.383,0,0,0
S01493,2026-09-09 11:12:00,kndjavera,Compliance,NA,0,1,1,0,1,1,0,0,18,11.003,0.823,2.69,12.71,0.794,0,0,0
S01494,2026-09-07 06:19:00,jkavari,Finance,NA,0,0,1,0,1,7,1,0,16,8.021,0.0,4.85,3.71,1.918,0,0,0
S01495,2026-09-11 14:57:00,tkamati,Customer Service,NA,0,0,0,0,1,3,0,1,9,26.283,7.618,11.77,15.52,1.353,0,0,0
S01496,2026-09-08 20:03:00,sihuhua,Customer Service,NA,0,1,0,0,1,4,3,0,20,2.9,0.0,15.63,31.25,1.119,0,1,1
S01497,2026-09-08 03:04:00,nduminga,Customer Service,NA,0,0,0,0,1,2,1,0,13,47.872,0.224,15.51,5.33,5.477,0,0,1
S01498,2026-09-08 19:27:00,sihuhua,Customer Service,ZA,0,0,0,0,1,2,0,0,13,35.219,2.331,14.3,19.46,0.125,1,0,0
S01499,2026-09-10 09:19:00,shilongo,Loans,NA,0,0,2,1,1,3,0,0,13,25.732,1.808,12.71,16.64,0.808,0,0,0
S01500,2026-09-13 03:57:00,amupanda,Compliance,NA,0,0,0,0,1,1,1,0,16,16.293,0.648,3.4,15.85,1.827,0,0,0
S01501,2026-09-14 03:27:00,ndjaba,Customer Service,NA,0,0,1,1,1,2,0,0,13,1.812,1.2,13.85,3.74,2.02,0,0,0
S01502,2026-09-11 22:01:00,mbandeka,Legal,NA,0,0,0,0,0,2,1,1,17,12.47,0.765,2.18,23.32,4.744,0,0,0
S01503,2026-09-08 19:36:00,haufiku,Information Technology,ZA,0,0,4,1,1,3,0,0,16,3.425,1.725,4.47,23.13,2.495,0,0,0
S01504,2026-09-09 14:54:00,tshivute,Finance,ZA,0,0,1,0,1,3,0,0,10,2.027,0.323,1.55,53.03,0.672,0,0,0
S01505,2026-09-08 17:13:00,shapaka,Executive,NA,0,1,0,0,1,4,0,1,9,3.832,0.0,2.86,5.01,1.046,0,0,0
S01506,2026-09-10 05:59:00,kndjavera,Compliance,NA,0,1,0,0,1,2,1,0,18,6.495,1.281,8.52,15.29,2.372,0,0,0
S01507,2026-09-08 11:36:00,mbandeka,Legal,NA,0,0,1,1,1,4,0,0,10,3.774,0.247,27.22,5.07,0.692,0,0,0
S01508,2026-09-12 21:13:00,katjiuongua,Information Technology,NA,1,0,1,0,1,4,2,0,15,7.398,0.0,8.54,22.81,1.567,0,0,1
S01509,2026-09-09 20:26:00,haufiku,Information Technology,NA,0,1,0,0,1,1,0,0,6,3.108,0.203,4.93,5.22,0.336,0,0,0
S01510,2026-09-09 19:55:00,sankwasa,Procurement,NA,0,0,0,1,1,6,0,0,12,1.939,0.215,30.18,13.76,1.446,0,0,0
S01511,2026-09-08 03:12:00,tkamati,Customer Service,NA,0,0,0,0,1,1,0,0,14,5.282,1.683,14.59,16.86,0.616,0,0,0
S01512,2026-09-07 09:13:00,ntinda,Marketing,NA,0,0,0,0,1,3,0,0,16,4.481,0.0,45.79,41.23,1.443,0,0,0
S01513,2026-09-10 08:51:00,nduminga,Customer Service,NA,0,0,0,0,0,1,0,0,22,2.218,1.103,16.94,20.1,5.732,0,0,0
S01514,2026-09-11 05:04:00,pnakale,Human Resources,NA,0,0,0,1,1,3,0,0,13,3.605,0.0,9.58,26.58,4.685,0,0,0
S01515,2026-09-08 20:05:00,murorua,Risk,NA,0,0,0,0,1,6,1,0,16,5.685,0.095,11.7,3.42,2.112,0,0,0
S01516,2026-09-13 09:46:00,hamukwaya,Treasury,NA,0,0,0,0,1,4,0,0,14,4.059,0.0,28.86,10.31,5.981,0,0,1
S01517,2026-09-08 23:13:00,shapaka,Executive,NA,0,0,1,0,1,7,0,0,7,11.054,0.606,29.32,13.4,0.603,0,0,0
S01518,2026-09-13 07:57:00,shilongo,Loans,NA,0,1,0,0,1,4,0,0,14,1.657,2.618,10.61,15.24,1.826,0,0,0
S01519,2026-09-10 13:25:00,katjiuongua,Information Technology,NA,0,0,0,1,1,3,3,1,22,13.975,0.0,54.86,14.15,0.696,0,0,1
S01520,2026-09-11 07:08:00,tshivute,Finance,ZA,0,0,1,0,1,3,0,0,12,9.587,0.14,25.69,8.09,2.18,0,0,0
S01521,2026-09-09 13:12:00,shapaka,Executive,ZA,1,1,2,0,1,6,1,0,12,11.437,0.594,13.8,16.12,0.86,0,0,1
S01522,2026-09-12 21:13:00,katjiuongua,Information Technology,NA,0,0,0,0,1,5,3,2,20,9.298,1.43,20.94,18.78,1.056,0,0,0
S01523,2026-09-11 05:04:00,mbandeka,Legal,NA,0,0,0,0,1,3,1,0,15,79.034,0.199,27.83,26.16,5.216,0,0,1
S01524,2026-09-12 14:48:00,sankwasa,Procurement,NA,0,0,1,0,1,2,0,0,12,4.701,0.51,7.28,16.37,0.296,0,0,0
S01525,2026-09-09 02:56:00,sankwasa,Procurement,NA,0,0,1,0,1,2,0,0,9,20.108,0.0,6.95,14.88,7.44,0,0,1
S01526,2026-09-07 00:26:00,tshivute,Finance,NA,0,0,1,2,1,5,0,0,10,10.482,0.0,18.36,5.85,0.461,0,0,0
S01527,2026-09-11 06:40:00,shilongo,Loans,NA,0,0,2,0,1,3,0,0,10,8.823,0.0,12.3,11.34,5.019,0,0,0
S01528,2026-09-11 16:07:00,mhaingura,Customer Service,BW,0,0,2,0,1,5,1,0,13,13.38,0.867,17.1,5.59,1.219,0,0,0
S01529,2026-09-11 15:26:00,murorua,Risk,NA,0,0,2,0,1,3,0,0,13,19.898,0.0,36.65,19.89,0.372,0,0,0
S01530,2026-09-13 15:56:00,hamukwaya,Treasury,NA,0,0,0,0,1,3,0,0,8,9.138,1.173,33.12,22.58,1.168,0,0,0
S01531,2026-09-09 10:23:00,kndjavera,Compliance,NA,0,1,1,0,0,2,0,0,7,6.707,0.0,11.16,47.95,2.901,0,0,1
S01532,2026-09-10 00:08:00,shilongo,Loans,NA,0,0,1,0,1,1,0,0,16,20.606,1.409,2.09,12.96,0.287,0,0,0
S01533,2026-09-11 17:21:00,shapaka,Executive,NA,0,0,0,0,1,2,1,0,20,31.333,0.0,6.65,8.51,2.12,0,0,0
S01534,2026-09-14 05:51:00,mukwambi,Human Resources,NA,0,0,0,0,1,1,0,0,11,6.988,0.0,8.82,16.55,1.125,0,0,0
S01535,2026-09-11 03:48:00,ndjaba,Customer Service,NA,0,1,0,0,1,6,0,1,13,10.289,0.125,16.54,18.2,6.371,0,0,1
S01536,2026-09-10 16:44:00,sihuhua,Customer Service,NA,0,0,1,0,1,2,0,0,14,5.002,0.0,9.02,5.98,0.43,0,0,0
S01537,2026-09-10 13:02:00,pnakale,Human Resources,NA,0,0,0,0,1,2,0,0,7,6.745,0.0,7.88,14.41,0.183,0,0,1
S01538,2026-09-13 06:40:00,hamukwaya,Treasury,NA,0,0,1,0,1,3,0,0,16,10.278,0.966,7.27,1.48,6.327,0,0,0
S01539,2026-09-10 12:47:00,tjirera,Internal Audit,NA,0,0,2,1,1,2,0,0,8,5.615,0.399,13.44,7.3,1.733,0,0,0
S01540,2026-09-13 09:38:00,nduminga,Customer Service,NA,0,0,0,1,1,2,0,0,9,15.744,2.555,14.56,15.3,1.357,0,0,0
S01541,2026-09-10 08:28:00,jkavari,Finance,ZA,1,0,1,0,1,3,0,0,9,5.023,0.379,5.53,17.56,0.602,1,0,1
S01542,2026-09-14 06:05:00,tjirera,Internal Audit,NA,0,1,0,0,1,1,0,0,10,26.364,0.0,4.22,8.23,0.737,0,0,0
S01543,2026-09-12 05:47:00,kndjavera,Compliance,NA,0,1,1,0,1,7,1,0,10,5.889,0.0,8.23,17.26,0.247,0,0,0
S01544,2026-09-10 16:43:00,nghifindaka,Information Technology,NA,0,0,1,0,1,5,1,0,7,4.014,0.0,15.21,24.46,0.737,0,0,1
S01545,2026-09-11 02:03:00,nduminga,Customer Service,NA,0,0,0,1,1,3,0,1,10,2.378,0.344,16.76,2.1,0.415,0,0,0
S01546,2026-09-10 15:00:00,murorua,Risk,NA,0,0,0,0,1,2,0,0,13,58.716,0.908,55.08,11.65,2.981,0,0,0
S01547,2026-09-12 07:31:00,mukwambi,Human Resources,NA,0,0,0,0,1,4,0,0,12,19.498,0.0,4.02,39.36,1.311,0,0,0
S01548,2026-09-10 06:28:00,hamukwaya,Treasury,NA,0,0,0,0,1,5,0,0,4,3.7,12.484,23.62,26.78,0.859,0,0,0
S01549,2026-09-11 06:34:00,nduminga,Customer Service,NA,0,0,1,1,1,3,0,0,11,20.641,0.521,14.33,15.67,1.264,0,0,0
S01550,2026-09-11 17:18:00,haufiku,Information Technology,NA,0,0,0,0,0,4,0,1,9,14.187,2.219,28.78,3.29,1.616,0,0,0
S01551,2026-09-11 14:23:00,nambala,Loans,NA,0,0,1,0,1,1,0,0,15,3.426,0.267,45.24,8.68,2.853,0,0,0
S01552,2026-09-13 21:27:00,sihuhua,Customer Service,NA,0,0,2,1,1,3,1,0,13,8.483,0.0,49.56,28.68,1.912,0,0,1
S01553,2026-09-12 05:59:00,jkavari,Finance,NA,0,0,1,0,1,2,0,0,9,8.675,0.0,16.56,2.92,3.955,0,0,0
S01554,2026-09-08 23:53:00,nghifindaka,Information Technology,NA,0,0,1,0,1,4,3,0,16,14.537,12.17,7.23,2.65,0.093,0,0,0
S01555,2026-09-09 13:26:00,haufiku,Information Technology,NA,0,0,1,0,1,3,0,0,10,6.889,0.0,3.68,11.88,0.359,0,0,1
S01556,2026-09-08 22:57:00,tshivute,Finance,NA,0,0,1,0,1,4,0,0,8,23.927,5.181,15.58,16.01,1.514,0,0,0
S01557,2026-09-13 17:50:00,haufiku,Information Technology,NA,0,0,0,0,1,1,0,0,10,6.487,0.694,18.47,3.65,1.214,0,0,0
S01558,2026-09-07 11:51:00,pnakale,Human Resources,NA,0,0,0,1,1,3,0,0,13,4.464,0.252,10.94,1.83,2.414,0,0,0
S01559,2026-09-12 09:26:00,nduminga,Customer Service,NA,0,1,0,0,1,4,0,0,15,5.315,0.595,42.47,0.97,6.191,0,0,1
S01560,2026-09-13 22:45:00,ntinda,Marketing,BW,1,0,1,0,1,4,0,0,12,19.101,0.0,3.9,31.96,0.503,0,0,0
S01561,2026-09-07 22:40:00,shilongo,Loans,NA,0,0,1,0,1,1,0,0,12,6.231,0.788,4.33,6.02,1.184,0,0,0
S01562,2026-09-09 14:39:00,amupanda,Compliance,NA,0,0,0,1,1,1,0,0,15,6.294,3.138,23.79,27.52,2.989,0,0,0
S01563,2026-09-07 01:57:00,ndjaba,Customer Service,NA,0,0,0,0,1,2,0,0,9,4.819,0.0,13.67,23.89,2.974,0,0,0
S01564,2026-09-10 06:13:00,mhaingura,Customer Service,NA,0,0,0,0,1,1,0,0,11,7.878,0.809,37.02,15.4,3.418,0,0,0
S01565,2026-09-08 02:02:00,shapaka,Executive,NA,0,0,1,0,1,8,1,1,17,9.188,0.167,3.91,19.23,2.017,0,0,0
S01566,2026-09-13 16:33:00,shapaka,Executive,NA,0,0,1,0,1,2,0,0,9,4.865,0.684,34.81,8.43,0.995,0,0,0
S01567,2026-09-08 18:49:00,pnakale,Human Resources,NA,0,0,0,0,1,4,0,0,10,13.204,0.223,2.34,21.18,1.61,0,0,0
S01568,2026-09-11 23:58:00,katjiuongua,Information Technology,NA,0,0,0,0,1,6,1,1,21,6.26,0.0,17.53,5.36,0.676,0,0,0
S01569,2026-09-08 00:20:00,haufiku,Information Technology,NA,0,0,1,0,1,4,1,0,12,2.19,0.813,18.9,8.29,4.215,0,0,0
S01570,2026-09-07 21:50:00,nduminga,Customer Service,NA,0,0,2,3,1,2,1,0,18,17.138,0.206,26.47,6.49,0.903,0,0,0
S01571,2026-09-12 19:56:00,sankwasa,Procurement,NA,0,0,0,0,1,2,0,1,12,8.182,3.312,15.48,24.66,0.819,0,0,0
S01572,2026-09-11 01:06:00,hamukwaya,Treasury,NA,0,0,0,0,1,1,0,0,9,2.972,0.0,23.42,3.69,0.982,0,0,0
S01573,2026-09-11 15:54:00,ntinda,Marketing,NA,0,0,0,1,1,1,0,0,9,7.655,0.0,11.21,23.88,3.187,0,0,0
S01574,2026-09-13 18:11:00,nduminga,Customer Service,NA,0,0,0,0,1,4,1,0,20,33.859,0.834,7.68,4.15,3.42,0,0,0
S01575,2026-09-08 08:27:00,ndjaba,Customer Service,NA,0,0,1,0,1,4,0,0,15,13.959,0.22,29.35,2.34,1.196,0,0,0
S01576,2026-09-13 00:40:00,mukwambi,Human Resources,NA,0,0,1,2,1,3,0,0,5,55.194,0.144,9.7,27.14,0.902,0,0,1
S01577,2026-09-07 05:28:00,hamukwaya,Treasury,ZA,1,0,0,0,1,2,0,0,15,10.84,1.372,7.7,4.44,0.383,0,0,0
S01578,2026-09-14 03:48:00,sankwasa,Procurement,NA,0,0,2,0,1,2,0,0,11,3.862,0.0,23.15,5.95,1.418,0,0,0
S01579,2026-09-10 04:52:00,amupanda,Compliance,NA,0,0,0,0,1,5,1,0,19,7.508,3.859,27.35,4.85,1.029,0,0,0
S01580,2026-09-09 19:47:00,ndjaba,Customer Service,NA,0,0,1,0,1,5,2,1,13,4.532,0.562,18.76,1.46,0.476,0,0,0
S01581,2026-09-10 06:04:00,ntinda,Marketing,NA,0,0,0,0,1,2,0,1,20,19.645,5.017,4.66,4.39,3.562,0,0,0
S01582,2026-09-09 12:52:00,murorua,Risk,NA,0,0,0,0,1,4,0,0,11,2.866,0.0,27.27,17.68,0.266,0,0,0
S01583,2026-09-12 22:30:00,ntinda,Marketing,NA,0,1,1,0,1,3,1,0,24,9.995,0.0,6.65,21.62,0.682,0,0,0
S01584,2026-09-08 21:01:00,nghifindaka,Information Technology,NA,0,0,0,0,1,5,1,1,14,19.838,0.0,37.0,36.93,0.31,0,0,0
S01585,2026-09-14 00:40:00,katjiuongua,Information Technology,NA,0,1,1,0,1,1,0,0,9,11.252,0.0,35.07,10.18,0.462,0,0,0
S01586,2026-09-13 12:37:00,katjiuongua,Information Technology,NA,0,0,1,0,1,5,0,0,12,4.627,1.117,34.23,6.75,0.577,0,0,0
S01587,2026-09-12 01:36:00,jkavari,Finance,NA,0,1,0,0,1,2,0,0,6,8.014,1.565,19.1,13.73,0.349,0,0,0
S01588,2026-09-11 07:01:00,haufiku,Information Technology,NA,0,1,1,0,1,1,0,1,7,20.155,0.587,8.39,10.04,3.333,0,0,1
S01589,2026-09-13 10:27:00,shilongo,Loans,NA,1,0,1,0,1,2,0,0,12,16.354,1.619,6.98,14.57,2.309,0,0,0
S01590,2026-09-10 00:26:00,mbandeka,Legal,NA,0,0,1,2,1,1,0,0,9,3.813,1.412,34.16,12.97,5.669,0,0,1
S01591,2026-09-09 10:31:00,amupanda,Compliance,NA,0,0,0,1,1,1,0,0,7,2.762,0.588,5.83,53.8,0.635,0,0,0
S01592,2026-09-07 02:38:00,tshivute,Finance,NA,0,0,0,0,0,2,0,0,11,27.022,0.792,14.14,9.04,0.336,0,0,0
S01593,2026-09-07 20:39:00,kndjavera,Compliance,NA,0,1,0,0,1,4,0,0,7,6.824,0.0,42.25,31.1,1.427,0,0,1
S01594,2026-09-10 23:40:00,haufiku,Information Technology,NA,1,0,0,0,0,6,2,0,18,20.964,2.775,10.99,8.27,1.813,0,0,0
S01595,2026-09-11 20:16:00,shapaka,Executive,NA,0,1,0,0,1,4,0,0,10,8.0,0.0,12.63,9.93,1.439,0,0,0
S01596,2026-09-10 18:06:00,nnakale,Customer Service,NA,0,0,2,2,1,4,0,1,10,12.605,0.346,2.25,26.62,2.552,0,0,0
S01597,2026-09-14 00:15:00,tshivute,Finance,NA,0,0,1,0,1,2,0,0,8,6.894,0.0,19.0,36.9,6.155,0,0,1
S01598,2026-09-08 14:44:00,jkavari,Finance,NA,0,1,0,0,1,5,0,0,8,5.22,1.227,26.63,21.2,0.977,0,0,0
S01599,2026-09-07 01:38:00,hamukwaya,Treasury,NA,0,0,0,0,1,5,1,1,12,9.167,3.148,25.56,12.16,0.227,0,1,0
S01600,2026-09-10 09:49:00,kndjavera,Compliance,NA,0,0,1,0,1,2,0,0,12,11.146,0.0,11.27,4.22,1.294,0,0,0
S01601,2026-09-09 15:54:00,shilongo,Loans,NA,0,0,0,0,1,5,0,0,10,24.009,5.291,35.16,9.24,2.71,0,0,0
S01602,2026-09-13 15:05:00,jkavari,Finance,NA,0,0,1,1,1,4,1,0,15,8.497,0.0,15.29,10.75,0.336,0,0,0
S01603,2026-09-14 05:31:00,katjiuongua,Information Technology,NA,0,0,0,1,1,5,0,0,21,9.579,0.0,3.84,8.61,1.54,0,0,0
S01604,2026-09-13 20:35:00,mukwambi,Human Resources,NA,0,0,0,0,1,1,0,1,14,20.951,1.363,43.73,36.66,2.455,0,0,0
S01605,2026-09-07 18:35:00,shapaka,Executive,ZA,0,0,2,0,1,2,0,0,16,3.854,2.965,20.12,15.03,1.732,0,0,0
S01606,2026-09-11 08:41:00,nambala,Loans,NA,0,0,1,0,0,1,0,0,14,13.815,0.0,26.69,33.76,1.393,0,0,0
S01607,2026-09-12 23:39:00,pnakale,Human Resources,NA,0,0,0,0,1,3,0,0,20,7.649,2.529,20.63,17.45,1.719,0,0,0
S01608,2026-09-13 15:40:00,sankwasa,Procurement,NA,0,0,0,1,1,4,1,0,10,1.004,3.649,31.57,10.02,1.632,0,0,0
S01609,2026-09-13 00:26:00,haufiku,Information Technology,NA,0,0,2,0,1,7,2,0,17,12.107,0.0,4.9,4.67,3.281,0,0,0
S01610,2026-09-09 21:34:00,shapaka,Executive,ZA,0,0,0,0,1,3,2,0,20,12.701,1.201,7.76,35.07,1.637,0,0,0
S01611,2026-09-08 22:55:00,mbandeka,Legal,NA,0,0,0,0,1,4,1,0,14,1.967,0.208,15.49,14.92,0.833,0,0,0
S01612,2026-09-11 00:51:00,kndjavera,Compliance,NA,0,0,0,1,1,3,0,0,11,8.455,0.68,7.92,15.08,1.087,0,0,0
S01613,2026-09-10 20:49:00,jkavari,Finance,NA,0,0,0,0,1,5,0,0,16,17.065,0.0,31.75,10.55,1.78,0,0,1
S01614,2026-09-08 05:19:00,sankwasa,Procurement,NA,0,0,0,0,1,6,0,0,13,23.447,0.2,22.29,18.64,0.887,0,0,0
S01615,2026-09-10 05:31:00,mbandeka,Legal,NA,0,0,1,0,1,8,0,0,17,6.902,0.913,19.52,10.79,0.883,0,0,0
S01616,2026-09-10 13:32:00,mbandeka,Legal,NA,0,1,0,0,1,2,0,0,14,8.315,0.586,32.31,15.41,1.598,0,0,0
S01617,2026-09-10 17:13:00,ntinda,Marketing,NA,0,0,1,0,0,6,1,2,12,3.524,1.151,16.18,37.35,1.401,0,0,0
S01618,2026-09-08 04:22:00,sankwasa,Procurement,NA,0,0,0,0,0,3,1,1,20,27.228,0.0,20.16,19.05,0.632,0,0,0
S01619,2026-09-09 00:41:00,tkamati,Customer Service,NA,0,0,0,0,1,1,1,0,13,4.032,0.073,40.62,26.18,6.552,0,0,1
S01620,2026-09-11 05:05:00,tkamati,Customer Service,NA,0,0,0,0,1,1,0,0,12,14.4,1.887,16.84,7.56,1.948,0,0,0
S01621,2026-09-11 17:11:00,kndjavera,Compliance,NA,0,0,0,0,0,4,2,0,26,5.985,0.142,17.16,8.24,1.754,0,0,0
S01622,2026-09-11 08:18:00,kndjavera,Compliance,NA,0,0,0,0,1,2,1,0,14,1.73,0.902,5.44,5.63,1.655,0,0,0
S01623,2026-09-07 09:58:00,kndjavera,Compliance,NA,0,0,1,0,1,3,1,0,13,10.801,0.0,7.77,19.37,1.412,0,0,0
S01624,2026-09-12 13:02:00,kndjavera,Compliance,NA,0,0,1,0,1,3,0,1,8,2.988,0.767,11.05,0.22,2.735,0,0,0
S01625,2026-09-12 10:20:00,nduminga,Customer Service,NA,0,0,0,0,1,3,0,0,11,2.48,1.565,26.09,11.44,3.237,0,0,0
S01626,2026-09-08 12:48:00,nghifindaka,Information Technology,NA,0,1,1,0,1,3,2,0,14,115.765,0.988,8.77,2.61,0.59,0,0,0
S01627,2026-09-10 16:12:00,amupanda,Compliance,NA,0,0,1,0,1,5,1,0,10,15.32,0.0,40.69,3.58,1.552,0,0,0
S01628,2026-09-13 19:34:00,pnakale,Human Resources,NA,0,1,0,0,1,5,0,0,3,29.799,0.0,12.47,35.4,0.92,0,0,0
S01629,2026-09-12 15:23:00,hamukwaya,Treasury,NA,0,0,0,0,1,6,0,0,6,8.009,3.38,43.57,15.76,1.931,0,0,0
S01630,2026-09-10 02:00:00,mukwambi,Human Resources,NA,0,0,1,0,1,3,0,0,13,1.676,0.829,6.4,21.9,0.091,0,0,0
S01631,2026-09-09 05:17:00,kndjavera,Compliance,NA,0,0,1,1,1,3,1,0,18,9.216,3.319,31.4,29.78,1.741,0,0,0
S01632,2026-09-10 15:16:00,tjirera,Internal Audit,NA,0,0,0,0,1,6,3,0,16,5.978,0.0,16.39,13.59,0.877,0,0,0
S01633,2026-09-08 19:40:00,mhaingura,Customer Service,NA,0,0,0,1,1,3,0,0,14,1.167,0.0,0.88,18.03,0.699,0,0,1
S01634,2026-09-09 12:33:00,mhaingura,Customer Service,NA,0,0,0,0,1,4,0,0,10,2.991,0.413,22.03,1.07,1.38,0,0,1
S01635,2026-09-07 21:44:00,mbandeka,Legal,NA,0,0,0,0,1,2,0,0,6,2.593,0.002,39.31,15.52,1.862,0,0,0
S01636,2026-09-09 06:18:00,ntinda,Marketing,NA,0,0,0,0,1,1,0,0,12,3.06,0.198,30.26,16.53,1.821,0,0,0
S01637,2026-09-09 09:05:00,sankwasa,Procurement,BW,0,0,1,0,1,6,1,0,10,3.532,0.074,26.04,4.44,1.304,1,0,0
S01638,2026-09-10 11:52:00,haufiku,Information Technology,NA,0,0,1,1,1,3,0,1,13,1.797,0.056,13.45,7.04,0.594,0,0,1
S01639,2026-09-07 04:53:00,nghifindaka,Information Technology,NA,0,1,0,0,1,2,0,0,9,14.103,0.0,14.37,3.6,0.753,0,0,0
S01640,2026-09-13 15:22:00,mhaingura,Customer Service,NA,0,0,0,0,1,2,0,0,13,3.604,0.132,16.21,41.75,0.775,0,0,0
S01641,2026-09-08 10:22:00,kndjavera,Compliance,ZA,1,1,4,1,1,5,1,0,16,12.213,0.0,5.12,15.68,0.172,0,0,1
S01642,2026-09-11 23:03:00,hamukwaya,Treasury,NA,0,0,0,0,1,2,0,0,13,9.909,1.945,3.48,15.88,1.687,0,0,0
S01643,2026-09-14 05:00:00,sihuhua,Customer Service,BW,0,0,0,0,1,4,0,0,12,4.837,0.0,15.47,13.03,0.332,0,0,0
S01644,2026-09-07 10:49:00,shilongo,Loans,NA,0,0,1,1,1,5,0,0,11,1.525,1.362,27.72,19.56,6.687,0,0,0
S01645,2026-09-13 21:47:00,tshivute,Finance,NA,1,0,0,0,1,1,0,0,14,12.079,0.0,9.28,8.82,0.274,0,0,0
S01646,2026-09-07 17:21:00,sihuhua,Customer Service,NA,0,0,0,0,1,3,0,0,9,35.792,0.127,29.3,27.71,2.849,0,0,0
S01647,2026-09-13 10:27:00,tshivute,Finance,NA,0,0,1,0,1,1,0,0,16,13.617,0.0,30.73,20.65,6.306,0,0,0
S01648,2026-09-13 16:34:00,nambala,Loans,NA,0,1,1,1,1,4,1,1,9,6.72,1.894,22.51,2.2,0.201,0,1,1
S01649,2026-09-09 22:44:00,nghifindaka,Information Technology,ZA,0,0,4,1,1,2,0,0,16,9.016,2.497,19.4,34.07,4.313,0,0,1
S01650,2026-09-13 23:15:00,ndjaba,Customer Service,NA,0,0,0,0,1,1,0,0,5,3.259,2.255,11.68,1.08,2.953,0,0,0
S01651,2026-09-09 20:19:00,sihuhua,Customer Service,NA,0,0,0,0,1,3,0,0,13,6.9,1.753,24.31,31.34,0.286,0,0,0
S01652,2026-09-09 10:31:00,sihuhua,Customer Service,NA,0,1,1,0,1,6,1,0,17,12.681,1.399,14.79,5.1,1.707,0,0,1
S01653,2026-09-12 19:24:00,kndjavera,Compliance,NA,0,0,0,1,1,4,1,1,20,7.989,1.287,15.61,0.92,5.58,0,0,1
S01654,2026-09-13 22:38:00,ntinda,Marketing,NA,0,0,0,0,1,3,0,0,13,11.124,1.023,5.61,23.09,4.57,0,0,0
S01655,2026-09-14 06:21:00,nambala,Loans,NA,0,0,1,0,1,2,1,0,22,1.09,0.0,20.82,0.75,1.564,0,0,0
S01656,2026-09-12 17:39:00,shapaka,Executive,NA,0,0,1,0,1,2,0,0,10,7.6,4.144,25.53,22.83,3.569,0,0,0
S01657,2026-09-09 02:40:00,mhaingura,Customer Service,NA,0,1,1,1,0,4,0,0,11,6.356,0.437,14.04,4.42,1.874,0,0,0
S01658,2026-09-11 09:14:00,ntinda,Marketing,NA,0,0,0,1,1,7,0,0,15,2.133,0.0,38.98,9.27,4.715,0,0,1
S01659,2026-09-11 22:45:00,pnakale,Human Resources,NA,0,1,0,1,1,6,2,0,13,11.363,0.448,2.99,12.52,10.0,0,0,1
S01660,2026-09-09 06:58:00,ndjaba,Customer Service,NA,0,0,0,0,1,2,0,0,15,20.026,0.536,31.62,15.99,5.799,0,0,1
S01661,2026-09-12 21:13:00,pnakale,Human Resources,NA,0,0,0,0,1,7,0,0,12,12.89,0.12,15.19,3.39,0.275,0,0,0
S01662,2026-09-12 01:40:00,ntinda,Marketing,NA,0,0,0,0,1,6,1,1,9,9.862,0.0,22.07,7.86,1.056,0,0,0
S01663,2026-09-10 16:04:00,amupanda,Compliance,NA,0,0,0,0,1,3,0,0,8,17.955,1.987,15.58,10.56,0.083,0,0,0
S01664,2026-09-10 22:29:00,nghifindaka,Information Technology,NA,0,0,1,0,1,4,1,0,17,3.571,0.0,23.51,2.4,1.784,0,0,0
S01665,2026-09-07 05:00:00,pnakale,Human Resources,NA,0,0,0,1,1,3,3,0,15,17.47,0.0,23.8,21.56,1.377,0,0,0
S01666,2026-09-12 23:33:00,katjiuongua,Information Technology,NA,1,1,0,0,1,2,0,0,21,39.22,6.668,7.49,10.84,2.881,0,0,1
S01667,2026-09-10 12:29:00,mhaingura,Customer Service,NA,0,0,0,0,0,1,0,0,9,10.454,0.182,41.45,44.97,0.988,0,0,0
S01668,2026-09-12 03:21:00,tkamati,Customer Service,NA,0,0,1,0,1,1,0,0,12,1.568,0.0,8.75,1.3,0.394,0,0,0
S01669,2026-09-09 10:11:00,nghifindaka,Information Technology,NA,0,0,0,0,1,3,0,0,9,6.831,3.901,25.43,6.8,0.441,0,0,0
S01670,2026-09-07 10:26:00,mukwambi,Human Resources,NA,0,0,0,0,1,7,1,0,14,4.414,0.0,13.8,2.71,2.133,0,0,0
S01671,2026-09-09 00:48:00,mbandeka,Legal,NA,0,0,0,1,1,5,0,1,16,3.249,0.0,19.33,18.56,0.83,0,0,0
S01672,2026-09-11 06:09:00,mukwambi,Human Resources,NA,0,0,0,0,1,4,0,0,16,15.458,5.48,9.09,6.45,1.632,0,0,0
S01673,2026-09-11 11:32:00,tshivute,Finance,NA,0,0,0,0,1,3,0,0,12,10.717,0.331,14.86,34.71,0.471,0,0,0
S01674,2026-09-11 11:26:00,sankwasa,Procurement,NA,0,0,1,1,1,4,0,0,12,6.042,0.455,10.11,10.83,1.588,0,0,0
S01675,2026-09-13 08:59:00,tshivute,Finance,ZA,0,0,0,1,1,1,0,0,12,17.851,4.654,43.9,31.13,1.922,0,0,0
S01676,2026-09-07 10:58:00,pnakale,Human Resources,NA,0,0,0,0,0,5,0,0,8,6.418,0.366,12.44,8.91,0.654,0,0,0
S01677,2026-09-13 06:27:00,ndjaba,Customer Service,NA,0,0,0,0,1,3,0,1,11,4.694,3.38,21.0,21.89,0.556,0,0,0
S01678,2026-09-07 23:34:00,hamukwaya,Treasury,NA,0,0,1,0,0,1,0,0,7,6.51,0.491,15.68,6.94,0.406,0,0,0
S01679,2026-09-08 02:32:00,shapaka,Executive,BW,1,0,2,0,1,1,0,0,13,5.345,10.919,2.65,12.87,1.394,0,0,0
S01680,2026-09-08 04:10:00,tkamati,Customer Service,NA,0,0,1,1,1,5,1,0,16,10.197,0.0,9.99,1.7,7.356,0,0,1
S01681,2026-09-08 18:23:00,shilongo,Loans,NA,0,0,1,0,1,8,1,0,12,33.424,0.0,6.36,7.95,1.524,0,0,0
S01682,2026-09-10 13:59:00,tshivute,Finance,ZA,0,1,0,0,1,3,0,0,13,5.055,0.0,21.95,49.97,6.218,0,0,1
S01683,2026-09-12 20:36:00,shapaka,Executive,BW,0,0,1,1,1,2,0,0,5,7.688,1.502,4.42,24.85,1.931,0,0,0
S01684,2026-09-14 05:17:00,nambala,Loans,NA,0,0,0,0,1,3,0,0,14,6.202,0.0,3.51,12.67,0.533,0,0,0
S01685,2026-09-10 02:20:00,kndjavera,Compliance,NA,0,0,0,0,1,3,0,0,11,4.531,0.0,3.94,2.11,1.816,0,0,0
S01686,2026-09-12 13:19:00,ntinda,Marketing,BW,0,0,2,1,1,2,0,0,14,6.699,0.0,10.87,8.09,0.741,0,0,0
S01687,2026-09-12 11:20:00,katjiuongua,Information Technology,NA,0,0,1,1,1,5,2,0,19,22.65,1.272,26.46,12.85,1.268,0,0,0
S01688,2026-09-10 05:29:00,tshivute,Finance,ZA,0,0,1,0,1,4,0,0,17,10.2,0.843,52.59,5.52,0.274,0,0,0
S01689,2026-09-07 17:16:00,hamukwaya,Treasury,NA,0,0,3,0,1,1,0,1,15,3.911,0.0,16.99,5.44,6.247,0,0,1
S01690,2026-09-12 11:05:00,sihuhua,Customer Service,NA,0,0,0,0,1,5,0,0,14,5.816,0.0,10.75,11.44,2.518,0,0,0
S01691,2026-09-12 04:46:00,nduminga,Customer Service,NA,0,0,0,0,1,3,1,0,14,11.473,0.087,2.55,23.91,2.585,0,0,0
S01692,2026-09-10 20:45:00,tshivute,Finance,NA,0,0,0,1,1,2,0,0,6,7.807,0.0,16.75,18.59,0.655,0,0,0
S01693,2026-09-08 14:42:00,nambala,Loans,NA,0,0,0,0,1,3,0,0,6,11.138,0.322,12.26,4.94,2.53,0,0,0
S01694,2026-09-07 20:58:00,nghifindaka,Information Technology,NA,0,0,0,0,1,2,1,1,20,16.316,0.431,16.9,18.69,0.123,0,0,0
S01695,2026-09-10 07:45:00,murorua,Risk,NA,0,0,1,1,1,1,0,1,12,4.575,1.764,21.5,18.02,2.379,0,0,0
S01696,2026-09-13 18:22:00,nghifindaka,Information Technology,NA,0,0,0,0,1,3,0,0,13,2.753,0.254,42.4,11.14,2.865,0,0,0
S01697,2026-09-07 17:50:00,jkavari,Finance,NA,0,0,0,1,1,3,0,0,13,3.965,0.0,13.55,8.38,1.562,0,0,0
S01698,2026-09-13 23:38:00,mukwambi,Human Resources,NA,0,0,1,0,1,5,0,0,9,6.966,8.139,34.3,28.24,0.764,0,0,0
S01699,2026-09-12 14:30:00,mhaingura,Customer Service,NA,0,0,0,0,1,4,0,1,9,13.05,1.995,14.29,13.94,2.7,0,0,0
S01700,2026-09-07 19:04:00,pnakale,Human Resources,NA,0,0,0,0,1,4,0,0,13,3.626,0.758,8.02,15.52,1.439,0,0,0
S01701,2026-09-08 15:16:00,mukwambi,Human Resources,NA,0,0,0,0,1,5,0,0,6,2.29,0.0,6.11,19.03,0.947,0,0,0
S01702,2026-09-13 23:43:00,sankwasa,Procurement,NA,0,1,0,0,1,3,0,0,10,0.781,0.0,29.62,5.33,0.464,0,0,0
S01703,2026-09-08 01:53:00,ntinda,Marketing,NA,0,0,0,0,1,4,0,0,11,10.16,9.997,2.39,22.5,0.106,0,0,0
S01704,2026-09-07 18:15:00,mukwambi,Human Resources,NA,0,0,0,1,0,2,0,0,10,2.818,0.0,13.95,21.08,1.688,0,0,0
S01705,2026-09-11 05:55:00,shilongo,Loans,NA,0,0,1,1,1,6,1,0,18,16.711,2.434,7.75,7.93,1.958,0,1,0
S01706,2026-09-08 14:32:00,pnakale,Human Resources,NA,0,0,0,0,1,1,0,0,11,43.368,0.249,8.29,6.0,2.959,0,0,0
S01707,2026-09-07 22:31:00,shapaka,Executive,NA,0,0,0,0,1,6,1,0,20,7.968,0.0,12.13,25.96,1.366,0,1,0
S01708,2026-09-13 21:52:00,nduminga,Customer Service,NA,0,1,1,0,1,3,0,0,14,7.794,0.0,37.09,1.69,0.729,0,0,0
S01709,2026-09-13 11:39:00,sihuhua,Customer Service,NA,0,0,0,0,1,2,0,0,7,5.449,0.0,10.11,6.76,2.246,0,0,0
S01710,2026-09-14 02:25:00,mukwambi,Human Resources,NA,0,1,0,0,1,1,0,0,12,15.49,3.489,14.37,2.95,0.722,0,0,0
S01711,2026-09-08 12:28:00,amupanda,Compliance,NA,0,0,3,0,1,6,0,0,7,13.108,0.0,15.77,47.29,0.199,0,0,0
S01712,2026-09-09 07:27:00,kndjavera,Compliance,NA,0,0,0,0,1,6,1,0,22,2.428,1.024,36.18,14.98,2.764,0,0,0
S01713,2026-09-09 10:38:00,sihuhua,Customer Service,NA,0,0,0,0,1,5,0,0,14,7.834,0.0,29.65,11.34,0.853,0,0,0
S01714,2026-09-09 02:09:00,mukwambi,Human Resources,NA,0,0,0,0,1,8,1,1,16,2.118,0.307,6.65,9.45,0.588,0,0,0
S01715,2026-09-10 08:24:00,nnakale,Customer Service,NA,1,0,0,0,1,5,1,0,14,2.767,1.139,55.5,30.25,1.433,0,1,1
S01716,2026-09-12 05:42:00,jkavari,Finance,NA,0,1,0,0,1,2,0,0,15,6.285,0.594,9.96,24.63,4.004,0,0,1
S01717,2026-09-14 01:39:00,ntinda,Marketing,NA,0,0,0,0,1,3,1,0,13,21.058,2.592,16.22,15.44,0.492,0,1,0
S01718,2026-09-09 19:39:00,nnakale,Customer Service,NA,0,0,1,0,1,2,0,0,15,10.144,0.0,13.98,6.52,1.101,0,0,0
S01719,2026-09-10 02:12:00,nduminga,Customer Service,NA,0,0,0,0,1,5,0,0,15,1.365,0.0,14.31,3.89,0.37,0,0,0
S01720,2026-09-12 00:17:00,mukwambi,Human Resources,NA,0,0,0,0,1,7,0,0,19,7.692,1.155,2.25,25.65,1.094,0,0,0
S01721,2026-09-13 23:29:00,kndjavera,Compliance,NA,0,0,0,0,1,5,0,0,15,8.277,0.359,13.4,5.33,4.409,0,0,0
S01722,2026-09-12 23:10:00,jkavari,Finance,NA,1,0,0,0,1,6,3,1,17,5.421,0.0,10.49,1.83,0.241,0,0,0
S01723,2026-09-11 07:32:00,nduminga,Customer Service,NA,0,0,0,0,1,6,0,0,9,6.985,0.659,2.91,17.78,2.669,0,0,0
S01724,2026-09-11 15:48:00,ndjaba,Customer Service,NA,0,0,1,1,1,3,0,0,11,4.202,0.0,14.16,26.57,0.931,0,0,0
S01725,2026-09-12 19:24:00,hamukwaya,Treasury,NA,0,0,0,0,1,2,0,0,17,1.191,2.46,15.4,3.29,0.026,0,0,0
S01726,2026-09-11 17:47:00,haufiku,Information Technology,ZA,1,1,3,0,1,6,0,0,16,4.866,0.014,13.29,1.5,2.747,0,0,1
S01727,2026-09-08 19:56:00,nnakale,Customer Service,NA,0,0,0,0,1,1,0,0,5,6.036,0.0,14.39,6.17,1.718,0,0,0
S01728,2026-09-07 04:25:00,mukwambi,Human Resources,ZA,0,0,1,0,1,1,0,0,12,17.331,0.443,18.01,9.26,0.716,0,0,0
S01729,2026-09-13 03:23:00,sankwasa,Procurement,NA,0,0,1,0,1,4,0,0,14,8.764,2.171,33.39,4.17,1.64,0,0,0
S01730,2026-09-10 23:47:00,mukwambi,Human Resources,NA,0,0,1,0,1,1,0,0,16,8.569,0.0,34.1,6.52,0.51,0,0,0
S01731,2026-09-07 22:52:00,nghifindaka,Information Technology,NA,0,0,0,0,1,6,0,0,5,49.064,2.002,0.72,19.07,3.833,0,0,0
S01732,2026-09-07 05:16:00,mukwambi,Human Resources,NA,0,0,1,0,1,2,0,0,16,3.446,1.276,23.32,6.67,0.959,0,0,1
S01733,2026-09-09 17:23:00,ntinda,Marketing,NA,0,0,0,0,0,1,0,0,14,5.814,0.899,27.81,7.98,2.222,0,0,0
S01734,2026-09-13 18:37:00,sihuhua,Customer Service,NA,0,0,0,1,1,7,0,0,13,1.43,2.526,30.89,20.52,1.376,0,0,0
S01735,2026-09-10 15:19:00,nambala,Loans,NA,0,0,1,1,1,5,1,0,21,24.095,2.639,26.34,0.36,1.368,0,1,1
S01736,2026-09-09 09:12:00,katjiuongua,Information Technology,NA,0,0,0,0,1,3,0,0,15,20.419,0.294,5.02,11.43,3.436,0,0,0
S01737,2026-09-08 23:50:00,nnakale,Customer Service,NA,0,0,0,0,1,3,0,1,11,6.483,0.785,5.24,17.1,0.755,0,0,0
S01738,2026-09-07 15:41:00,pnakale,Human Resources,NA,0,0,0,0,1,3,0,0,9,3.638,0.0,22.21,2.29,2.449,0,0,0
S01739,2026-09-13 00:38:00,nnakale,Customer Service,NA,0,0,0,0,1,1,0,0,17,3.381,0.0,29.55,1.62,1.471,0,0,0
S01740,2026-09-11 04:07:00,nghifindaka,Information Technology,NA,0,0,0,0,1,5,2,0,14,10.88,0.0,22.97,12.17,0.648,0,0,0
S01741,2026-09-10 18:50:00,shapaka,Executive,NA,0,0,1,0,1,1,0,0,9,6.857,6.415,20.79,29.06,0.458,0,0,0
S01742,2026-09-13 23:10:00,tjirera,Internal Audit,NA,0,1,1,0,1,2,0,0,19,6.721,3.158,4.47,41.88,2.023,0,0,0
S01743,2026-09-10 14:18:00,kndjavera,Compliance,NA,0,0,2,2,1,7,1,0,20,35.1,1.634,5.36,32.47,0.564,0,0,0
S01744,2026-09-10 10:57:00,sankwasa,Procurement,NA,0,0,0,0,1,4,0,0,15,15.037,2.624,26.05,7.5,2.914,0,0,0
S01745,2026-09-12 09:41:00,katjiuongua,Information Technology,ZA,0,0,2,1,1,5,0,0,5,6.187,0.0,9.94,1.77,0.285,0,0,0
S01746,2026-09-09 20:34:00,mbandeka,Legal,NA,0,0,1,0,1,2,0,0,16,11.431,0.0,4.76,15.41,1.047,0,0,1
S01747,2026-09-12 00:36:00,tjirera,Internal Audit,NA,0,0,1,0,1,2,0,0,18,13.751,0.0,9.48,9.06,0.858,0,0,0
S01748,2026-09-12 12:39:00,ntinda,Marketing,NA,0,0,0,0,1,5,0,0,15,0.653,0.588,10.4,4.27,1.035,0,0,0
S01749,2026-09-07 10:04:00,sankwasa,Procurement,NA,0,0,0,2,1,5,0,0,14,15.805,0.0,17.74,33.75,1.44,0,0,0
S01750,2026-09-12 14:49:00,amupanda,Compliance,NA,0,0,0,0,1,5,1,1,18,11.491,0.0,13.37,20.06,0.698,0,0,0
S01751,2026-09-08 16:42:00,hamukwaya,Treasury,NA,0,0,1,1,1,1,0,0,19,8.236,0.0,24.64,3.4,6.009,0,0,1
S01752,2026-09-11 13:31:00,nduminga,Customer Service,ZA,0,0,4,1,1,3,1,0,15,2.503,1.824,2.2,11.96,2.107,0,0,0
S01753,2026-09-09 20:57:00,pnakale,Human Resources,NA,0,0,0,0,1,3,0,0,10,1.513,0.0,7.66,11.19,0.663,0,0,0
S01754,2026-09-12 18:55:00,tkamati,Customer Service,NA,0,0,0,0,1,1,0,0,17,12.607,0.002,14.18,5.38,2.522,0,0,0
S01755,2026-09-07 19:49:00,ntinda,Marketing,NA,0,0,1,0,1,3,0,0,13,1.81,0.384,5.12,15.46,0.303,0,0,0
S01756,2026-09-08 15:54:00,tjirera,Internal Audit,NA,0,0,1,0,1,4,1,1,16,8.931,0.0,62.44,12.19,0.988,0,0,0
S01757,2026-09-13 11:59:00,tkamati,Customer Service,NA,0,0,1,0,1,1,0,0,14,2.187,0.0,49.14,10.73,0.708,0,0,0
S01758,2026-09-07 10:43:00,ntinda,Marketing,NA,0,0,0,0,1,1,0,0,9,3.899,2.419,16.57,16.23,1.309,0,0,0
S01759,2026-09-08 11:13:00,ntinda,Marketing,NA,0,0,0,1,1,1,0,0,11,5.947,0.698,18.44,0.83,0.733,0,0,0
S01760,2026-09-12 11:27:00,nduminga,Customer Service,ZA,0,0,2,0,1,4,1,1,17,9.268,5.438,5.1,37.14,1.335,0,0,0
S01761,2026-09-10 16:45:00,nnakale,Customer Service,NA,0,1,1,0,1,3,0,0,13,2.791,0.0,11.2,4.72,6.096,0,0,1
S01762,2026-09-10 21:54:00,ntinda,Marketing,NA,0,0,0,0,1,2,0,0,5,17.494,0.932,2.66,2.34,2.262,0,0,0
S01763,2026-09-07 11:30:00,nambala,Loans,NA,0,0,3,2,0,3,1,0,11,4.526,0.0,43.16,12.38,2.596,0,0,1
S01764,2026-09-10 15:45:00,amupanda,Compliance,NA,0,0,0,0,1,5,0,1,8,2.293,0.0,13.27,2.41,1.654,0,0,0
S01765,2026-09-07 18:58:00,sankwasa,Procurement,NA,0,0,0,0,1,4,0,0,17,6.059,2.886,12.4,7.24,1.251,0,0,0
S01766,2026-09-11 05:47:00,hamukwaya,Treasury,NA,0,0,0,0,1,1,0,0,11,5.246,8.406,11.58,6.56,2.043,0,0,0
S01767,2026-09-07 01:29:00,katjiuongua,Information Technology,NA,0,0,1,1,1,3,1,0,14,23.087,1.11,35.54,10.48,3.294,0,0,1
S01768,2026-09-12 17:04:00,jkavari,Finance,NA,0,0,0,0,1,2,0,0,12,7.391,7.241,18.18,19.67,6.283,0,0,1
S01769,2026-09-13 14:09:00,sihuhua,Customer Service,NA,0,0,0,0,1,3,1,0,18,7.193,0.0,38.59,24.1,1.607,0,0,0
S01770,2026-09-11 17:45:00,nnakale,Customer Service,NA,0,0,2,0,1,5,0,1,16,3.48,0.0,4.01,1.58,0.44,0,0,0
S01771,2026-09-09 01:41:00,murorua,Risk,NA,0,0,1,1,1,3,0,0,15,3.741,1.576,9.48,5.87,0.5,0,0,0
S01772,2026-09-10 01:50:00,jkavari,Finance,NA,0,0,0,1,1,3,0,0,5,9.419,3.238,2.12,7.92,0.741,0,0,0
S01773,2026-09-10 20:34:00,mbandeka,Legal,NA,0,0,1,0,1,2,0,0,11,6.432,0.504,22.58,6.15,1.2,0,0,0
S01774,2026-09-07 09:46:00,hamukwaya,Treasury,NA,1,0,0,0,1,2,0,0,10,3.864,4.804,31.46,7.37,0.086,0,0,0
S01775,2026-09-10 08:16:00,nambala,Loans,NA,0,0,0,0,1,2,0,0,6,14.862,2.311,16.57,23.38,2.524,0,0,0
S01776,2026-09-09 04:22:00,mukwambi,Human Resources,NA,0,0,3,0,1,3,0,0,10,2.892,1.233,21.83,8.03,3.664,0,0,0
S01777,2026-09-07 22:04:00,amupanda,Compliance,NA,0,0,0,0,1,1,0,0,14,5.98,0.918,22.62,27.94,3.041,0,0,0
S01778,2026-09-08 23:33:00,haufiku,Information Technology,ZA,1,0,1,0,1,3,1,0,11,12.29,1.824,7.75,5.99,4.04,0,0,1
S01779,2026-09-12 08:21:00,amupanda,Compliance,NA,1,0,0,0,1,2,0,0,8,6.557,0.0,7.3,7.49,0.939,0,0,0
S01780,2026-09-07 15:15:00,hamukwaya,Treasury,NA,0,0,1,0,1,2,0,0,8,15.979,0.0,45.79,9.29,2.613,0,0,0
S01781,2026-09-11 12:07:00,nnakale,Customer Service,NA,0,0,1,0,1,4,1,0,18,3.952,0.102,15.55,18.11,0.71,0,1,0
S01782,2026-09-10 21:36:00,sankwasa,Procurement,NA,0,1,0,0,1,2,0,0,13,10.681,0.817,30.08,17.96,2.867,0,0,1
S01783,2026-09-14 04:57:00,mukwambi,Human Resources,NA,0,0,0,0,1,2,0,0,11,3.776,0.021,23.43,11.58,0.442,0,0,0
S01784,2026-09-10 00:12:00,jkavari,Finance,NA,0,0,0,0,1,5,0,0,10,6.904,5.458,20.61,3.73,1.548,0,0,0
S01785,2026-09-12 17:41:00,ntinda,Marketing,NA,0,0,0,0,1,2,0,0,17,12.729,0.417,1.0,30.03,0.286,0,0,0
S01786,2026-09-14 04:10:00,tjirera,Internal Audit,NA,0,0,1,0,0,2,1,0,15,11.356,0.0,9.49,7.75,2.333,0,0,0
S01787,2026-09-08 14:07:00,katjiuongua,Information Technology,NA,0,0,0,0,1,3,2,0,13,10.037,0.0,10.32,8.67,0.492,0,0,0
S01788,2026-09-09 13:45:00,tjirera,Internal Audit,NA,0,0,0,0,1,1,1,0,10,5.864,0.0,14.47,28.96,0.695,0,0,0
S01789,2026-09-10 05:23:00,nghifindaka,Information Technology,NA,0,0,0,0,1,1,0,0,12,11.053,0.0,12.02,15.41,0.625,0,0,0
S01790,2026-09-09 16:15:00,murorua,Risk,NA,0,0,0,0,1,2,0,0,9,15.787,0.0,10.02,23.53,2.233,0,0,0
S01791,2026-09-09 00:32:00,haufiku,Information Technology,NA,0,0,0,0,1,2,0,0,11,3.938,0.661,24.37,33.56,1.344,0,0,0
S01792,2026-09-09 00:59:00,katjiuongua,Information Technology,NA,0,0,1,0,1,2,0,0,17,4.503,0.0,1.74,33.0,2.099,0,0,0
S01793,2026-09-08 07:10:00,murorua,Risk,NA,0,0,0,1,1,2,0,0,13,4.987,0.014,8.81,10.44,0.405,0,0,0
S01794,2026-09-11 10:44:00,jkavari,Finance,NA,0,0,0,1,1,2,1,1,12,3.176,0.877,11.39,14.16,1.066,0,0,0
S01795,2026-09-08 11:31:00,nambala,Loans,NA,0,0,1,0,1,3,0,1,15,6.414,1.851,26.32,28.13,2.943,0,0,0
S01796,2026-09-11 23:26:00,sihuhua,Customer Service,NA,0,0,0,0,1,5,0,0,9,11.926,2.898,10.29,14.04,1.311,0,0,0
S01797,2026-09-12 14:35:00,haufiku,Information Technology,NA,0,0,0,0,1,5,0,0,18,6.14,1.842,3.54,28.16,2.984,0,0,0
S01798,2026-09-12 16:45:00,tshivute,Finance,NA,0,1,0,0,1,3,0,1,13,2.32,1.519,7.28,7.47,1.089,0,0,0
S01799,2026-09-11 09:49:00,tshivute,Finance,NA,0,0,0,1,1,4,1,1,18,16.535,1.653,19.35,1.23,2.52,0,0,0
S01800,2026-09-10 20:15:00,nduminga,Customer Service,NA,0,0,0,0,1,4,0,0,9,6.519,0.105,12.4,18.51,1.674,0,0,0
S01801,2026-09-13 19:33:00,haufiku,Information Technology,NA,0,0,0,0,0,3,1,0,12,7.216,0.669,19.32,22.36,2.542,0,0,0
S01802,2026-09-10 23:15:00,nduminga,Customer Service,ZA,1,0,2,0,1,4,0,0,8,2.338,0.256,1.33,10.6,2.264,0,0,0
S01803,2026-09-12 18:33:00,mhaingura,Customer Service,NA,0,0,0,1,1,3,0,0,13,15.841,0.109,16.43,0.75,1.296,0,0,0
S01804,2026-09-12 17:10:00,nghifindaka,Information Technology,NA,0,0,1,0,1,3,1,0,8,9.655,3.357,24.06,5.61,1.572,0,0,0
S01805,2026-09-08 23:08:00,hamukwaya,Treasury,NA,0,0,1,1,1,2,0,0,7,5.069,0.0,18.9,7.66,0.778,0,0,0
S01806,2026-09-13 04:09:00,tshivute,Finance,NA,0,0,0,0,1,3,0,0,12,2.256,0.131,12.54,33.88,1.248,0,0,0
S01807,2026-09-11 21:01:00,hamukwaya,Treasury,ZA,0,1,1,1,1,4,0,0,18,3.816,0.54,14.96,5.07,4.336,0,0,1
S01808,2026-09-08 16:57:00,nduminga,Customer Service,NA,0,0,1,0,1,3,1,0,21,21.257,0.586,15.73,18.34,1.527,0,0,0
S01809,2026-09-11 08:19:00,sihuhua,Customer Service,NA,0,0,1,0,1,3,0,0,13,2.695,0.0,24.8,2.61,0.133,0,0,0
S01810,2026-09-08 07:18:00,nghifindaka,Information Technology,NA,0,0,0,0,1,1,1,0,23,10.706,0.617,20.34,12.75,0.812,0,0,0
S01811,2026-09-11 17:05:00,sihuhua,Customer Service,NA,0,0,1,0,1,5,0,0,7,21.161,0.0,23.73,31.27,0.205,0,0,0
S01812,2026-09-12 03:49:00,ntinda,Marketing,NA,0,0,1,1,0,3,1,0,15,5.291,1.101,18.83,2.2,1.315,0,1,0
S01813,2026-09-11 13:39:00,tjirera,Internal Audit,NA,0,0,0,0,1,5,2,1,20,12.359,0.624,36.34,29.65,1.727,0,0,0
S01814,2026-09-08 14:11:00,mhaingura,Customer Service,NA,0,0,0,0,0,2,0,0,11,3.003,0.097,14.98,5.58,1.316,0,0,0
S01815,2026-09-11 18:29:00,sankwasa,Procurement,NA,0,0,1,1,1,3,0,0,6,6.403,0.0,29.56,16.01,2.735,0,0,0
S01816,2026-09-11 05:15:00,pnakale,Human Resources,NA,0,1,1,0,1,3,0,1,7,45.551,0.0,14.15,17.06,2.018,0,0,0
S01817,2026-09-09 13:01:00,nambala,Loans,NA,0,0,0,0,1,1,0,0,8,8.027,0.105,21.97,27.33,2.928,0,0,0
S01818,2026-09-14 00:59:00,shapaka,Executive,NA,0,0,0,0,1,4,0,0,6,7.513,0.0,18.69,10.47,0.83,0,0,0
S01819,2026-09-10 06:01:00,jkavari,Finance,NA,0,1,0,0,1,3,0,0,12,19.579,2.937,8.42,11.08,1.043,0,0,0
S01820,2026-09-09 08:54:00,jkavari,Finance,NA,0,0,0,0,1,3,0,1,9,2.666,0.0,20.75,4.45,2.057,0,0,0
S01821,2026-09-09 07:04:00,mukwambi,Human Resources,NA,0,0,0,0,1,5,0,0,13,1.615,0.172,7.46,9.32,0.809,0,0,0
S01822,2026-09-13 02:19:00,kndjavera,Compliance,NA,0,0,0,0,1,2,1,0,12,17.068,4.314,11.68,2.68,0.507,0,0,0
S01823,2026-09-07 16:13:00,haufiku,Information Technology,ZA,0,0,1,0,1,6,2,0,26,5.009,0.0,19.69,21.38,9.516,0,0,1
S01824,2026-09-13 08:25:00,nghifindaka,Information Technology,NA,0,0,0,0,1,1,1,1,14,13.662,0.063,9.72,7.38,1.832,0,0,0
S01825,2026-09-11 14:16:00,kndjavera,Compliance,NA,0,0,0,0,1,2,1,1,12,8.739,0.0,3.15,7.72,2.498,0,0,0
S01826,2026-09-11 07:50:00,katjiuongua,Information Technology,NA,0,1,0,0,1,2,0,0,10,5.364,4.087,6.22,35.23,1.847,0,0,0
S01827,2026-09-10 19:25:00,mhaingura,Customer Service,NA,0,1,0,0,1,5,0,0,9,1.174,3.174,29.19,11.02,2.418,0,0,0
S01828,2026-09-07 04:49:00,murorua,Risk,NA,0,0,1,2,0,4,0,0,15,6.209,0.0,24.13,13.0,2.668,0,0,0
S01829,2026-09-13 14:52:00,haufiku,Information Technology,NA,0,0,0,0,1,1,0,0,8,2.198,0.0,6.02,4.44,2.27,0,0,0
S01830,2026-09-11 00:44:00,nambala,Loans,BW,1,0,0,0,0,4,0,0,9,7.813,0.0,12.67,19.48,2.386,0,0,0
S01831,2026-09-09 15:09:00,sankwasa,Procurement,NA,0,0,0,0,1,2,0,0,19,9.569,0.507,13.44,23.22,2.317,0,0,0
S01832,2026-09-09 14:06:00,nambala,Loans,NA,0,0,0,1,1,2,0,0,16,17.467,2.322,43.68,10.57,2.14,0,0,0
S01833,2026-09-12 21:37:00,nambala,Loans,NA,0,1,1,0,1,4,0,0,12,10.603,0.483,9.88,15.69,0.505,0,0,0
S01834,2026-09-08 11:50:00,mukwambi,Human Resources,ZA,1,0,2,0,1,4,0,1,11,6.126,1.253,20.58,17.21,1.708,0,0,1
S01835,2026-09-10 18:44:00,jkavari,Finance,NA,0,0,1,0,1,1,0,0,10,1.96,2.046,13.93,13.03,0.149,0,0,0
S01836,2026-09-13 20:34:00,pnakale,Human Resources,NA,0,0,2,0,1,7,0,0,10,7.702,2.499,26.36,0.88,0.862,0,0,0
S01837,2026-09-11 09:11:00,jkavari,Finance,NA,0,0,1,1,1,3,1,0,16,16.731,1.203,29.86,28.58,0.223,0,0,0
S01838,2026-09-11 06:25:00,hamukwaya,Treasury,NA,1,0,0,0,1,3,0,1,11,12.677,1.259,2.68,14.84,1.426,0,0,0
S01839,2026-09-12 11:16:00,nambala,Loans,NA,0,1,1,0,0,2,0,0,15,3.496,0.0,36.15,2.44,0.581,0,0,0
S01840,2026-09-07 20:06:00,pnakale,Human Resources,NA,0,0,0,0,1,3,1,0,12,6.534,0.416,47.05,12.43,0.391,0,0,0
S01841,2026-09-10 18:08:00,tkamati,Customer Service,NA,0,0,0,0,1,6,2,0,16,6.102,0.968,1.85,19.92,0.524,0,1,0
S01842,2026-09-09 06:52:00,katjiuongua,Information Technology,NA,0,0,0,0,1,3,0,0,10,9.308,3.438,9.25,8.38,1.047,0,0,0
S01843,2026-09-12 23:28:00,mhaingura,Customer Service,NA,0,0,1,0,1,2,0,1,14,9.123,0.448,7.65,16.09,1.098,0,0,0
S01844,2026-09-11 10:16:00,pnakale,Human Resources,NA,1,0,1,0,1,2,0,0,17,12.238,0.0,9.85,14.17,0.781,0,0,0
S01845,2026-09-10 15:32:00,ntinda,Marketing,NA,0,0,0,1,1,2,1,1,18,3.084,0.12,23.23,9.48,3.672,0,0,0
S01846,2026-09-08 10:38:00,sihuhua,Customer Service,NA,0,0,2,0,1,5,0,1,8,8.65,0.682,5.93,13.72,1.118,0,0,0
S01847,2026-09-13 21:44:00,kndjavera,Compliance,NA,0,0,2,1,0,3,1,0,9,22.87,0.599,19.88,21.35,3.831,0,0,1
S01848,2026-09-08 10:11:00,tshivute,Finance,NA,0,0,0,1,0,8,0,0,7,33.491,5.156,16.14,27.67,1.36,0,0,0
S01849,2026-09-13 08:33:00,mhaingura,Customer Service,NA,0,0,0,0,1,8,2,0,19,12.121,2.926,3.45,4.7,0.33,0,0,0
S01850,2026-09-11 13:58:00,tshivute,Finance,NA,0,0,0,0,1,2,0,0,9,34.769,0.689,23.09,47.39,2.899,0,0,0
S01851,2026-09-13 02:52:00,tjirera,Internal Audit,NA,0,0,0,1,1,2,1,0,12,11.153,6.049,23.4,23.89,0.136,0,0,0
S01852,2026-09-12 10:48:00,haufiku,Information Technology,NA,0,0,2,0,1,3,0,0,11,4.454,2.475,21.94,2.4,0.697,0,0,0
S01853,2026-09-13 17:04:00,nduminga,Customer Service,NA,0,0,1,1,1,2,1,0,13,17.53,0.842,42.28,5.35,0.958,0,0,0
S01854,2026-09-10 09:57:00,mhaingura,Customer Service,NA,0,0,0,0,1,2,0,0,11,9.183,0.113,14.33,21.55,0.941,0,0,0
S01855,2026-09-13 09:38:00,pnakale,Human Resources,NA,0,0,0,0,1,2,0,1,12,11.104,0.0,39.72,13.75,1.091,0,0,0
S01856,2026-09-12 16:34:00,shapaka,Executive,NA,0,0,2,0,1,2,0,0,15,41.313,1.275,13.95,1.96,1.827,0,0,0
S01857,2026-09-07 05:57:00,nambala,Loans,NA,0,0,1,0,1,1,1,1,21,13.551,3.282,14.2,11.9,1.706,0,0,0
S01858,2026-09-10 20:43:00,murorua,Risk,NA,0,0,1,0,1,1,0,0,9,22.96,0.0,33.79,18.43,4.817,0,0,1
S01859,2026-09-09 05:07:00,nnakale,Customer Service,NA,0,0,1,0,1,3,0,1,12,11.369,1.868,2.21,16.44,0.981,0,0,0
S01860,2026-09-08 04:03:00,nambala,Loans,NA,0,0,0,0,1,4,0,0,14,3.669,0.0,19.42,9.35,1.637,0,0,0
S01861,2026-09-08 20:44:00,nduminga,Customer Service,NA,0,0,0,0,0,3,0,1,12,4.47,0.956,9.66,5.47,3.232,0,0,0
S01862,2026-09-09 10:36:00,tjirera,Internal Audit,NA,0,0,2,0,1,2,0,0,8,14.403,1.195,26.43,14.44,1.381,0,0,0
S01863,2026-09-13 00:21:00,nambala,Loans,NA,0,0,0,0,0,2,0,0,9,13.568,2.14,13.28,6.05,0.699,0,0,0
S01864,2026-09-13 21:22:00,mbandeka,Legal,NA,0,0,0,0,1,4,0,0,6,5.073,2.905,25.46,40.43,0.13,0,0,0
S01865,2026-09-12 06:52:00,kndjavera,Compliance,NA,0,0,1,0,1,3,1,0,18,4.87,0.767,28.57,8.32,0.109,0,0,1
S01866,2026-09-09 21:46:00,nambala,Loans,NA,0,0,1,0,1,4,0,0,13,8.353,1.721,13.74,12.3,0.851,0,0,0
S01867,2026-09-13 17:24:00,tshivute,Finance,NA,0,0,0,0,1,4,0,0,15,12.165,1.286,36.17,2.91,1.573,0,0,0
S01868,2026-09-08 10:47:00,tshivute,Finance,NA,0,0,1,0,1,3,0,2,15,4.694,0.903,2.63,10.24,0.854,0,0,0
S01869,2026-09-13 08:34:00,hamukwaya,Treasury,NA,0,0,1,1,1,2,0,0,11,6.263,0.0,16.1,2.36,1.928,0,0,0
S01870,2026-09-09 22:36:00,haufiku,Information Technology,BW,1,0,5,1,1,6,0,0,10,16.206,0.0,4.19,11.42,3.091,0,0,1
S01871,2026-09-09 01:08:00,pnakale,Human Resources,NA,0,0,1,0,1,2,0,0,15,5.022,0.0,7.35,19.53,0.451,0,0,0
S01872,2026-09-11 11:37:00,mbandeka,Legal,NA,0,0,2,0,1,5,0,0,10,15.979,0.0,29.43,30.36,0.636,0,0,0
S01873,2026-09-09 13:43:00,mukwambi,Human Resources,NA,0,0,0,0,1,5,1,0,15,9.842,0.0,11.94,1.97,2.055,0,0,0
S01874,2026-09-10 16:31:00,mbandeka,Legal,NA,0,0,1,0,1,3,0,0,18,2.989,0.211,11.43,25.4,0.466,0,0,0
S01875,2026-09-08 02:18:00,tkamati,Customer Service,NA,0,0,0,0,1,3,1,0,15,15.397,0.0,15.22,5.54,0.092,0,1,0
S01876,2026-09-13 08:10:00,nduminga,Customer Service,NA,0,0,1,0,1,1,0,0,16,11.257,0.0,4.16,27.42,3.035,0,0,0
S01877,2026-09-13 23:06:00,tshivute,Finance,NA,0,0,0,1,1,1,0,0,11,2.537,0.0,8.68,22.69,1.31,0,0,0
S01878,2026-09-14 04:40:00,nnakale,Customer Service,NA,0,0,0,0,1,2,0,0,5,16.048,0.447,4.49,14.37,2.235,0,0,0
S01879,2026-09-11 02:02:00,shilongo,Loans,NA,0,0,0,0,1,2,0,0,17,4.178,0.0,21.13,13.09,1.288,0,0,0
S01880,2026-09-07 17:25:00,nambala,Loans,NA,0,0,0,0,1,3,0,0,9,11.969,0.138,14.67,5.01,0.822,0,0,0
S01881,2026-09-12 17:20:00,mhaingura,Customer Service,NA,0,0,0,0,1,1,0,0,8,3.52,1.614,16.65,17.19,0.606,0,0,0
S01882,2026-09-09 17:23:00,mhaingura,Customer Service,NA,0,0,1,0,1,5,0,0,10,6.55,0.0,58.62,46.66,0.042,0,0,0
S01883,2026-09-09 13:15:00,haufiku,Information Technology,NA,0,0,1,0,1,5,0,0,10,5.207,0.723,28.96,0.59,1.589,0,0,0
S01884,2026-09-07 04:27:00,tjirera,Internal Audit,NA,0,0,1,0,1,4,0,0,8,14.575,0.0,12.71,5.7,1.244,0,0,1
S01885,2026-09-07 14:11:00,haufiku,Information Technology,NA,0,0,0,0,1,2,0,0,16,8.899,0.071,13.24,17.51,1.126,0,0,0
S01886,2026-09-12 13:32:00,nnakale,Customer Service,NA,0,0,1,1,1,4,1,0,8,15.901,0.0,9.09,17.8,3.888,0,0,0
S01887,2026-09-09 03:59:00,mbandeka,Legal,NA,0,0,1,0,1,3,1,0,19,0.93,1.092,3.86,24.82,3.038,0,1,1
S01888,2026-09-08 03:56:00,haufiku,Information Technology,NA,0,0,0,0,1,5,4,1,26,22.759,1.246,25.37,30.54,3.586,0,0,1
S01889,2026-09-12 22:18:00,katjiuongua,Information Technology,NA,0,0,0,0,1,3,1,0,14,3.57,1.269,21.58,13.17,1.653,0,0,0
S01890,2026-09-13 23:00:00,amupanda,Compliance,ZA,1,0,2,0,1,5,0,1,13,8.15,0.381,9.56,2.92,0.551,0,0,0
S01891,2026-09-14 03:14:00,hamukwaya,Treasury,NA,0,1,0,0,0,7,0,0,8,3.844,0.119,16.4,4.31,1.464,0,0,0
S01892,2026-09-10 07:28:00,haufiku,Information Technology,NA,0,0,0,0,1,2,1,0,12,13.573,0.375,20.76,4.03,4.185,0,0,0
S01893,2026-09-09 15:53:00,mhaingura,Customer Service,NA,0,0,0,0,1,1,0,0,10,67.463,3.767,7.64,13.76,1.986,0,0,0
S01894,2026-09-11 15:25:00,pnakale,Human Resources,NA,1,0,0,1,1,5,0,1,10,22.032,0.364,3.34,4.68,1.286,0,0,0
S01895,2026-09-08 12:24:00,kndjavera,Compliance,NA,0,0,0,0,1,4,0,0,13,6.802,0.0,3.6,4.92,1.247,0,0,0
S01896,2026-09-09 23:21:00,katjiuongua,Information Technology,NA,0,1,0,0,1,4,1,0,18,12.855,0.0,17.68,9.02,2.518,0,0,0
S01897,2026-09-09 19:21:00,amupanda,Compliance,NA,0,0,1,0,1,1,0,0,15,4.2,0.0,18.32,19.38,4.429,0,0,0
S01898,2026-09-13 06:59:00,mhaingura,Customer Service,NA,0,0,0,1,1,9,2,0,18,11.79,0.297,16.94,12.18,1.451,0,0,0
S01899,2026-09-07 11:11:00,haufiku,Information Technology,NA,0,0,0,0,0,6,1,1,19,5.784,0.0,5.85,4.44,0.723,0,0,0
S01900,2026-09-11 07:58:00,murorua,Risk,NA,0,0,0,0,1,4,0,0,9,4.118,2.736,6.36,14.58,1.575,0,0,0
S01901,2026-09-09 02:20:00,ndjaba,Customer Service,ZA,0,0,1,0,1,4,1,1,10,15.123,0.836,34.03,10.71,0.375,0,1,0
S01902,2026-09-08 17:47:00,kndjavera,Compliance,NA,0,1,0,0,0,3,2,1,12,21.729,0.0,13.65,23.14,4.588,0,0,1
S01903,2026-09-12 22:00:00,tkamati,Customer Service,ZA,1,1,3,2,0,5,0,0,14,4.455,0.554,12.16,9.97,1.778,0,0,1
S01904,2026-09-12 05:31:00,nduminga,Customer Service,NA,0,0,0,0,1,3,0,0,13,10.777,0.0,6.54,6.56,1.103,0,0,0
S01905,2026-09-08 03:08:00,mbandeka,Legal,NA,0,0,0,0,1,4,0,0,12,18.075,0.0,6.92,40.75,3.154,0,0,0
S01906,2026-09-12 15:34:00,tjirera,Internal Audit,NA,0,0,1,0,1,2,0,1,12,3.693,3.633,11.9,4.54,1.952,0,0,0
S01907,2026-09-09 14:30:00,mhaingura,Customer Service,NA,0,0,1,1,1,2,0,0,9,14.331,0.573,5.99,25.0,2.264,0,0,0
S01908,2026-09-14 03:33:00,tshivute,Finance,NA,1,0,0,0,1,1,0,0,14,6.042,0.0,23.66,2.86,1.547,0,0,0
S01909,2026-09-11 21:27:00,jkavari,Finance,NA,0,0,0,0,1,5,0,0,12,1.885,0.54,22.7,1.11,0.95,0,0,0
S01910,2026-09-10 13:47:00,mbandeka,Legal,NA,0,0,1,0,1,5,0,0,13,6.196,2.115,7.16,13.24,2.781,0,0,0
S01911,2026-09-10 10:19:00,tjirera,Internal Audit,NA,0,1,1,0,1,4,2,1,23,24.526,1.97,10.27,8.29,1.028,0,0,0
S01912,2026-09-09 01:30:00,tjirera,Internal Audit,NA,1,0,0,0,1,7,2,1,26,24.564,0.0,7.79,36.08,2.447,0,0,1
S01913,2026-09-10 22:10:00,katjiuongua,Information Technology,NA,0,0,0,0,1,1,0,0,11,45.629,0.0,13.01,4.47,1.878,0,0,0
S01914,2026-09-07 00:42:00,mhaingura,Customer Service,BW,0,0,1,0,1,1,0,0,14,6.163,0.0,15.19,5.88,0.87,0,0,0
S01915,2026-09-14 06:35:00,pnakale,Human Resources,NA,0,0,2,0,1,5,0,0,16,2.043,0.0,20.04,16.76,1.699,0,0,0
S01916,2026-09-09 07:53:00,murorua,Risk,NA,0,0,1,1,1,2,0,0,18,8.153,0.128,24.05,8.64,0.496,0,0,0
S01917,2026-09-12 18:36:00,amupanda,Compliance,NA,0,0,0,0,1,2,1,0,12,5.865,0.0,22.8,4.67,1.1,0,0,0
S01918,2026-09-11 00:00:00,amupanda,Compliance,NA,0,0,0,0,1,3,1,0,15,26.368,1.267,5.69,7.93,0.723,0,0,0
S01919,2026-09-09 14:42:00,mhaingura,Customer Service,NA,0,1,1,0,1,3,1,0,18,11.609,0.061,18.48,13.15,1.537,0,0,0
S01920,2026-09-11 16:08:00,amupanda,Compliance,NA,0,0,1,0,1,3,1,2,12,2.226,0.0,8.68,1.24,0.941,0,0,0
S01921,2026-09-11 14:16:00,nambala,Loans,NA,1,1,1,2,1,2,0,0,17,3.321,0.148,21.08,7.89,2.658,0,0,1
S01922,2026-09-12 13:06:00,haufiku,Information Technology,NA,0,0,0,0,1,5,1,0,10,29.126,2.205,21.25,15.45,2.504,0,0,1
S01923,2026-09-09 06:25:00,haufiku,Information Technology,NA,0,0,1,0,1,6,1,0,13,7.571,13.014,0.96,5.24,0.707,0,0,0
S01924,2026-09-10 02:42:00,ndjaba,Customer Service,NA,0,0,0,0,1,3,0,0,12,17.289,0.0,3.94,1.41,0.516,0,0,0
S01925,2026-09-13 19:15:00,tshivute,Finance,NA,0,0,1,1,1,4,1,0,22,13.444,1.787,59.81,2.64,1.73,0,0,0
S01926,2026-09-08 14:39:00,pnakale,Human Resources,NA,0,0,1,1,1,1,0,2,16,6.09,0.942,8.91,32.87,1.304,0,0,0
S01927,2026-09-11 13:56:00,nghifindaka,Information Technology,NA,0,0,0,0,1,2,0,0,16,44.628,0.0,30.33,0.36,1.161,0,0,0
S01928,2026-09-08 14:39:00,tshivute,Finance,NA,0,0,1,3,1,1,0,0,8,28.466,0.0,9.76,1.12,1.674,0,0,0
S01929,2026-09-13 08:36:00,hamukwaya,Treasury,NA,0,0,0,0,1,1,0,0,10,19.731,7.57,46.15,2.41,4.825,0,0,1
S01930,2026-09-11 12:39:00,nduminga,Customer Service,NA,0,0,0,0,1,2,1,0,16,15.67,1.48,14.62,0.47,2.332,0,1,0
S01931,2026-09-08 22:06:00,tshivute,Finance,NA,0,0,1,0,1,2,0,0,5,14.842,0.0,40.35,24.43,0.778,0,0,0
S01932,2026-09-07 08:08:00,hamukwaya,Treasury,NA,0,0,1,1,1,1,0,0,13,7.769,0.613,32.21,3.93,0.974,0,0,0
S01933,2026-09-11 11:33:00,pnakale,Human Resources,NA,0,0,0,0,1,5,1,0,21,9.015,1.455,20.75,15.68,0.257,0,0,0
S01934,2026-09-09 16:54:00,hamukwaya,Treasury,NA,0,0,0,1,1,3,1,0,16,4.612,0.0,4.97,23.47,2.27,0,1,0
S01935,2026-09-11 03:34:00,katjiuongua,Information Technology,NA,0,0,2,0,1,4,1,0,7,5.663,0.0,11.15,23.82,1.094,0,0,0
S01936,2026-09-09 15:41:00,tshivute,Finance,NA,0,0,0,0,1,1,0,0,13,45.369,0.0,5.52,19.68,1.809,0,0,0
S01937,2026-09-09 02:24:00,katjiuongua,Information Technology,NA,0,0,0,0,1,1,0,0,18,6.889,0.0,8.52,20.12,1.343,0,0,0
S01938,2026-09-11 17:40:00,shilongo,Loans,NA,0,0,1,1,1,4,1,0,16,4.003,0.182,8.45,11.59,4.945,0,0,1
S01939,2026-09-12 20:48:00,sankwasa,Procurement,NA,0,1,1,0,1,2,0,0,10,7.661,0.329,33.2,7.66,1.687,0,0,0
S01940,2026-09-12 22:35:00,nduminga,Customer Service,NA,0,0,0,0,1,4,0,0,9,7.404,0.927,12.38,2.48,0.74,0,0,0
S01941,2026-09-13 23:55:00,shapaka,Executive,NA,0,0,1,0,1,6,0,0,13,15.576,1.785,8.55,19.51,0.276,0,0,0
S01942,2026-09-08 21:22:00,nambala,Loans,NA,0,0,0,0,1,4,2,0,11,55.726,0.759,22.96,6.38,2.849,0,0,0
S01943,2026-09-10 01:52:00,mukwambi,Human Resources,NA,0,0,0,0,1,3,0,0,11,1.86,0.0,12.21,21.87,1.229,0,0,0
S01944,2026-09-08 13:41:00,amupanda,Compliance,NA,0,0,1,0,1,3,1,2,18,7.46,0.0,5.7,21.25,0.381,0,0,0
S01945,2026-09-10 22:14:00,mhaingura,Customer Service,NA,0,0,0,0,1,3,0,0,15,23.018,2.9,5.91,3.22,0.702,0,0,0
S01946,2026-09-09 01:16:00,amupanda,Compliance,ZA,0,0,4,1,0,6,2,0,13,7.341,0.0,44.84,16.71,1.444,1,0,1
S01947,2026-09-11 01:57:00,shilongo,Loans,NA,0,0,1,1,1,3,1,0,21,10.293,0.0,3.52,0.75,0.867,0,0,1
S01948,2026-09-10 21:37:00,nnakale,Customer Service,NA,0,0,0,0,1,6,0,0,9,4.519,0.627,7.91,17.48,2.421,0,0,0
S01949,2026-09-11 10:56:00,amupanda,Compliance,NA,0,0,3,1,0,3,0,0,8,40.791,0.672,28.34,14.1,3.359,0,0,1
S01950,2026-09-11 05:29:00,nduminga,Customer Service,NA,0,0,0,0,0,3,0,1,8,6.401,0.0,12.86,19.09,1.37,0,0,0
S01951,2026-09-11 12:31:00,murorua,Risk,NA,0,0,0,0,0,2,0,0,12,9.991,0.0,25.02,13.9,0.071,0,0,0
S01952,2026-09-09 17:47:00,kndjavera,Compliance,NA,0,0,0,1,1,7,2,0,22,10.45,7.297,13.9,6.25,1.599,0,0,0
S01953,2026-09-11 19:21:00,shapaka,Executive,NA,0,0,1,0,1,2,0,0,11,7.52,0.091,20.75,5.1,2.716,0,0,0
S01954,2026-09-08 14:06:00,amupanda,Compliance,NA,0,0,2,1,1,4,1,0,15,3.1,0.308,6.87,28.91,0.763,0,0,0
S01955,2026-09-11 16:07:00,mbandeka,Legal,NA,0,0,3,2,1,1,0,0,12,11.429,1.502,12.09,25.08,6.136,0,0,1
S01956,2026-09-07 17:13:00,ntinda,Marketing,NA,0,0,1,0,1,2,0,0,20,11.337,0.248,2.05,8.98,0.397,0,0,0
S01957,2026-09-13 14:40:00,nambala,Loans,NA,0,0,2,2,1,3,1,1,12,2.599,0.0,3.8,29.76,5.212,0,1,1
S01958,2026-09-10 05:08:00,mukwambi,Human Resources,BW,0,0,2,1,1,2,0,0,22,27.881,0.0,2.43,32.64,3.256,0,0,0
S01959,2026-09-10 10:54:00,katjiuongua,Information Technology,NA,0,0,0,2,1,4,1,0,14,1.091,0.0,13.25,4.61,1.304,0,0,0
S01960,2026-09-09 22:58:00,amupanda,Compliance,NA,0,0,0,0,1,3,1,1,25,32.956,0.0,67.7,13.57,1.594,0,0,0
S01961,2026-09-07 05:49:00,tkamati,Customer Service,NA,0,0,0,0,1,2,0,0,9,12.95,0.883,14.76,13.44,1.334,0,0,0
S01962,2026-09-13 20:30:00,nghifindaka,Information Technology,NA,0,0,1,1,1,4,1,1,8,12.725,0.332,2.37,6.86,3.77,0,0,0
S01963,2026-09-07 12:02:00,tjirera,Internal Audit,NA,0,0,0,0,1,7,1,0,14,4.357,0.041,14.35,6.5,1.127,0,0,0
S01964,2026-09-09 01:49:00,amupanda,Compliance,NA,0,0,1,3,1,2,0,0,14,11.099,0.0,38.99,25.75,0.697,0,0,0
S01965,2026-09-13 02:38:00,sankwasa,Procurement,ZA,0,0,2,2,1,2,0,0,6,14.267,0.039,24.32,7.57,1.778,0,0,0
S01966,2026-09-13 07:36:00,nambala,Loans,ZA,0,0,1,1,0,2,0,0,10,16.843,0.167,17.13,1.64,1.271,0,0,0
S01967,2026-09-13 21:02:00,haufiku,Information Technology,NA,0,0,0,0,0,5,1,0,13,4.917,0.0,46.01,8.31,1.556,0,0,0
S01968,2026-09-09 23:50:00,nduminga,Customer Service,NA,1,1,0,0,1,1,0,0,10,3.161,0.12,2.32,23.62,3.104,0,0,1
S01969,2026-09-11 02:41:00,kndjavera,Compliance,NA,0,0,1,0,0,6,2,0,18,48.966,0.0,25.16,29.41,1.795,0,0,0
S01970,2026-09-14 05:03:00,haufiku,Information Technology,NA,0,0,1,0,1,1,1,0,20,8.004,0.131,16.14,19.17,0.288,0,0,0
S01971,2026-09-09 17:55:00,tkamati,Customer Service,NA,0,1,0,0,0,2,0,0,16,7.83,0.911,27.06,38.26,1.637,0,0,0
S01972,2026-09-08 01:36:00,katjiuongua,Information Technology,ZA,0,1,3,1,1,4,1,0,15,8.395,0.697,30.75,6.86,1.239,0,0,1
S01973,2026-09-08 14:09:00,nghifindaka,Information Technology,ZA,0,0,0,0,1,6,3,0,24,31.773,0.0,23.87,16.3,1.845,0,0,0
S01974,2026-09-13 11:45:00,hamukwaya,Treasury,NA,0,0,0,0,1,4,1,0,14,3.413,0.0,13.43,15.44,0.675,0,1,0
S01975,2026-09-12 06:20:00,mukwambi,Human Resources,NA,0,0,2,0,1,3,0,0,19,5.985,0.0,37.19,0.69,0.789,0,0,0
S01976,2026-09-08 07:06:00,mukwambi,Human Resources,NA,0,0,0,1,0,2,0,0,17,16.737,0.053,27.97,7.29,2.163,0,0,0
S01977,2026-09-14 02:34:00,tkamati,Customer Service,NA,0,1,0,0,0,1,0,0,13,14.621,0.0,37.06,13.05,2.101,0,0,0
S01978,2026-09-14 04:12:00,tjirera,Internal Audit,NA,0,0,0,0,1,2,1,0,16,6.921,0.443,10.0,15.85,0.844,0,0,0
S01979,2026-09-12 07:55:00,ntinda,Marketing,NA,0,0,0,0,1,4,0,1,19,7.708,0.085,24.38,16.22,3.716,0,0,0
S01980,2026-09-13 01:23:00,nduminga,Customer Service,NA,0,0,1,0,1,3,1,0,15,7.02,0.618,3.09,1.03,4.177,0,0,0
S01981,2026-09-09 13:12:00,shilongo,Loans,NA,0,0,0,0,1,4,0,0,10,3.229,0.372,15.53,11.2,1.462,0,0,0
S01982,2026-09-11 19:42:00,tjirera,Internal Audit,NA,0,0,0,1,1,4,1,0,12,2.027,0.0,24.59,10.39,1.321,0,0,0
S01983,2026-09-07 23:28:00,nduminga,Customer Service,NA,0,1,0,0,1,1,0,0,3,5.896,0.44,21.28,24.07,0.02,0,0,0
S01984,2026-09-14 05:13:00,nghifindaka,Information Technology,NA,0,0,0,0,1,3,1,0,14,2.402,0.0,12.26,14.15,3.31,0,0,0
S01985,2026-09-11 16:25:00,kndjavera,Compliance,NA,0,0,1,0,1,2,2,1,13,7.57,1.442,15.21,17.27,0.035,0,0,0
S01986,2026-09-13 23:53:00,nnakale,Customer Service,NA,0,0,1,0,0,1,0,0,9,7.828,0.291,6.76,30.77,1.86,0,0,0
S01987,2026-09-07 16:17:00,ntinda,Marketing,NA,0,0,2,0,1,2,0,1,16,2.719,0.579,16.39,8.27,0.606,0,0,0
S01988,2026-09-07 18:48:00,nambala,Loans,NA,0,0,1,0,1,3,1,1,19,6.746,0.0,8.7,15.95,0.959,0,0,0
S01989,2026-09-13 00:09:00,tshivute,Finance,NA,0,1,0,0,1,4,0,0,17,22.24,2.662,6.55,35.4,2.275,0,0,0
S01990,2026-09-09 11:45:00,hamukwaya,Treasury,NA,0,0,3,1,1,3,1,0,11,11.625,0.191,3.77,26.8,2.04,0,0,0
S01991,2026-09-11 20:27:00,pnakale,Human Resources,NA,0,0,0,0,1,1,0,0,17,7.61,1.888,15.48,3.91,3.053,0,0,0
S01992,2026-09-08 12:36:00,tkamati,Customer Service,NA,0,0,0,0,1,2,0,0,12,22.932,0.269,11.77,2.0,3.5,0,0,0
S01993,2026-09-09 04:53:00,haufiku,Information Technology,NA,0,0,0,0,1,2,1,0,17,8.164,0.0,13.97,24.24,1.301,0,0,0
S01994,2026-09-12 21:00:00,tshivute,Finance,NA,0,0,0,0,1,2,0,0,12,15.441,0.0,20.56,28.7,0.588,0,0,0
S01995,2026-09-08 02:34:00,pnakale,Human Resources,NA,0,0,0,0,1,2,0,0,14,5.029,1.236,28.2,29.14,1.007,0,0,0
S01996,2026-09-13 15:04:00,kndjavera,Compliance,NA,0,0,1,0,0,4,0,0,11,5.967,0.0,13.12,7.49,1.769,0,0,0
S01997,2026-09-09 07:42:00,mbandeka,Legal,NA,0,0,0,0,0,3,0,0,10,4.67,2.453,26.78,38.95,0.858,0,0,0
S01998,2026-09-11 23:44:00,sankwasa,Procurement,NA,0,0,0,0,1,2,0,0,14,4.392,3.679,28.61,8.89,1.666,0,0,0
S01999,2026-09-11 06:43:00,nambala,Loans,NA,0,0,0,0,1,4,0,0,7,24.178,0.0,14.56,7.42,3.015,0,0,0
S02000,2026-09-11 09:46:00,amupanda,Compliance,NA,0,0,0,0,1,4,1,0,22,58.794,1.257,12.65,31.51,3.225,0,0,0
S02001,2026-09-09 00:01:00,nghifindaka,Information Technology,ZA,0,1,1,2,1,2,1,1,18,8.345,0.0,5.12,4.69,1.771,0,0,1
S02002,2026-09-12 08:03:00,shapaka,Executive,NA,0,0,0,0,1,6,0,0,15,9.673,0.0,22.59,9.46,1.531,0,0,0
S02003,2026-09-12 08:55:00,ntinda,Marketing,NA,0,0,0,0,1,5,0,1,11,18.32,0.0,9.94,8.59,3.56,0,0,0
S02004,2026-09-08 07:40:00,mbandeka,Legal,NA,0,0,0,0,1,5,0,0,13,9.361,0.044,15.27,11.11,2.779,0,0,1
S02005,2026-09-08 01:23:00,mukwambi,Human Resources,NA,0,0,0,0,1,2,0,0,11,20.668,1.735,17.01,24.57,1.565,0,0,0
S02006,2026-09-07 08:24:00,sankwasa,Procurement,NA,0,0,1,0,1,4,0,0,6,10.336,0.244,16.08,46.2,0.84,0,0,0
S02007,2026-09-09 05:53:00,hamukwaya,Treasury,NA,0,1,1,1,1,3,1,0,20,24.122,0.664,5.34,24.0,2.145,0,1,1
S02008,2026-09-07 20:56:00,sihuhua,Customer Service,NA,0,0,0,0,1,4,0,0,22,4.17,3.648,66.38,55.36,1.193,0,0,0
S02009,2026-09-13 22:55:00,tjirera,Internal Audit,NA,0,0,2,1,1,6,1,0,17,12.212,0.205,2.92,9.53,0.276,0,0,0
S02010,2026-09-12 10:03:00,jkavari,Finance,NA,0,0,0,0,1,1,0,0,12,3.956,0.0,20.46,19.34,1.091,0,0,0
S02011,2026-09-10 21:06:00,tkamati,Customer Service,ZA,0,0,2,0,1,2,0,0,13,2.001,1.377,20.49,7.9,5.024,0,0,0
S02012,2026-09-12 21:15:00,sihuhua,Customer Service,ZA,1,0,1,0,0,5,0,0,11,7.519,4.353,19.04,8.26,2.301,0,0,0
S02013,2026-09-07 19:41:00,hamukwaya,Treasury,ZA,1,0,1,0,1,2,0,0,13,2.004,0.0,2.56,18.22,0.479,0,0,0
S02014,2026-09-11 21:46:00,sihuhua,Customer Service,NA,0,0,3,1,1,1,0,0,12,4.639,0.0,2.0,32.01,0.553,0,0,0
S02015,2026-09-11 13:48:00,sankwasa,Procurement,NA,0,0,0,0,1,3,0,0,8,15.424,0.619,29.02,5.89,1.691,0,0,0
S02016,2026-09-07 01:26:00,tkamati,Customer Service,NA,0,0,0,0,1,3,0,1,12,33.906,0.137,9.84,28.28,2.158,0,0,0
S02017,2026-09-09 07:46:00,ndjaba,Customer Service,ZA,0,0,1,0,1,4,0,0,16,15.657,0.747,18.5,15.36,0.906,0,0,0
S02018,2026-09-09 01:44:00,tkamati,Customer Service,ZA,0,0,2,2,1,5,0,0,18,10.087,0.0,13.97,1.88,0.336,0,0,0
S02019,2026-09-09 20:01:00,tshivute,Finance,NA,0,0,0,0,1,1,0,0,10,6.48,0.0,1.09,10.99,1.524,0,0,0
S02020,2026-09-07 21:45:00,sihuhua,Customer Service,NA,0,0,0,0,1,2,0,0,16,1.798,0.439,19.04,28.23,1.038,0,0,0
S02021,2026-09-09 21:41:00,murorua,Risk,NA,0,0,1,1,1,6,1,0,7,32.983,1.099,16.19,16.99,0.485,0,0,0
S02022,2026-09-11 08:05:00,haufiku,Information Technology,NA,0,0,0,0,1,3,0,0,13,3.054,1.799,29.27,13.1,1.1,0,0,0
S02023,2026-09-13 00:33:00,mbandeka,Legal,NA,0,0,2,0,1,1,0,0,10,1.546,1.716,16.19,21.58,0.555,0,0,0
S02024,2026-09-13 11:05:00,tshivute,Finance,NA,0,1,0,0,1,1,0,1,12,6.995,0.0,12.71,9.65,3.935,0,0,1
S02025,2026-09-07 22:23:00,nduminga,Customer Service,NA,0,0,0,0,0,4,0,0,13,2.648,0.185,38.29,17.29,1.061,0,0,0
S02026,2026-09-13 19:44:00,mhaingura,Customer Service,NA,0,0,0,0,1,4,0,0,12,1.309,0.0,24.99,13.44,0.836,0,0,0
S02027,2026-09-13 08:19:00,haufiku,Information Technology,NA,0,0,0,0,1,4,0,0,10,15.791,2.181,22.13,14.64,1.388,0,0,0
S02028,2026-09-10 23:48:00,amupanda,Compliance,NA,0,0,0,0,1,4,0,0,7,6.48,0.0,16.39,7.07,3.642,0,0,0
S02029,2026-09-11 05:16:00,nduminga,Customer Service,ZA,0,0,0,0,1,2,0,0,11,9.579,0.0,17.48,14.68,0.589,0,0,0
S02030,2026-09-13 01:35:00,ntinda,Marketing,NA,0,0,1,0,1,2,0,0,16,19.776,0.69,10.47,36.94,0.799,0,0,0
S02031,2026-09-14 06:11:00,nnakale,Customer Service,NA,0,0,0,0,1,1,0,0,14,56.567,0.601,7.33,22.25,1.411,0,0,0
S02032,2026-09-12 13:41:00,nduminga,Customer Service,NA,0,0,0,0,0,2,0,0,11,1.374,0.0,8.35,7.5,0.752,0,0,0
S02033,2026-09-10 08:15:00,mbandeka,Legal,NA,0,0,1,1,0,3,0,0,22,5.985,2.341,22.98,16.86,0.192,0,0,0
S02034,2026-09-08 08:26:00,sankwasa,Procurement,NA,0,0,0,0,1,10,3,0,17,21.489,1.441,5.67,6.23,1.517,0,0,0
S02035,2026-09-11 16:18:00,jkavari,Finance,NA,0,0,1,1,1,1,0,0,14,4.809,1.399,6.3,39.19,3.27,0,0,0
S02036,2026-09-13 15:15:00,mbandeka,Legal,NA,0,0,1,0,1,3,0,0,14,7.36,0.0,22.97,14.07,0.9,0,0,0
S02037,2026-09-07 21:49:00,shapaka,Executive,NA,0,0,1,0,1,5,1,0,24,2.776,0.469,22.28,16.27,1.907,0,0,0
S02038,2026-09-12 07:57:00,amupanda,Compliance,NA,0,0,0,0,1,3,1,0,22,11.912,0.665,21.61,3.53,1.364,0,0,0
S02039,2026-09-11 08:33:00,sankwasa,Procurement,NA,0,0,1,1,1,5,0,0,10,11.7,0.233,42.38,13.39,1.858,0,0,0
S02040,2026-09-13 08:52:00,jkavari,Finance,NA,0,0,1,0,1,7,0,0,13,8.154,0.939,3.66,48.55,0.624,0,0,0
S02041,2026-09-11 15:35:00,nghifindaka,Information Technology,NA,0,0,1,2,1,6,1,1,14,20.54,0.0,10.17,9.79,3.128,0,0,0
S02042,2026-09-12 05:00:00,sankwasa,Procurement,BW,0,0,1,1,1,1,0,0,16,47.069,1.83,2.95,14.65,0.727,0,0,0
S02043,2026-09-10 04:59:00,jkavari,Finance,NA,0,1,0,0,1,2,0,0,14,4.387,0.19,8.06,3.31,2.478,0,0,0
S02044,2026-09-09 15:27:00,nghifindaka,Information Technology,NA,0,0,2,2,1,3,1,0,19,6.128,0.0,12.92,4.63,0.628,0,0,0
S02045,2026-09-09 13:51:00,pnakale,Human Resources,NA,0,0,0,0,1,1,0,0,14,3.75,0.0,32.68,34.08,3.565,0,0,0
S02046,2026-09-07 12:48:00,ntinda,Marketing,BW,1,0,3,3,1,3,1,0,14,17.954,0.841,8.53,2.37,2.406,0,0,1
S02047,2026-09-09 10:40:00,mbandeka,Legal,NA,0,0,0,0,1,3,1,1,12,29.606,0.226,9.87,9.4,6.122,0,1,1
S02048,2026-09-08 18:20:00,pnakale,Human Resources,NA,0,0,0,0,1,5,0,0,15,1.836,0.0,24.85,15.27,0.523,0,0,0
S02049,2026-09-11 09:28:00,katjiuongua,Information Technology,NA,0,0,1,0,1,3,1,0,11,2.309,0.0,17.86,9.74,1.244,0,0,0
S02050,2026-09-12 06:16:00,tkamati,Customer Service,NA,0,0,0,0,1,1,0,0,12,13.019,0.0,12.99,23.39,3.288,0,0,0
S02051,2026-09-09 11:06:00,sankwasa,Procurement,NA,0,1,0,0,1,3,0,0,12,8.441,0.804,5.97,30.99,2.155,0,0,0
S02052,2026-09-09 01:36:00,nnakale,Customer Service,NA,0,0,1,0,1,4,1,0,16,16.87,0.666,9.42,26.5,4.5,0,0,0
S02053,2026-09-07 11:28:00,amupanda,Compliance,NA,1,0,0,0,1,5,0,0,15,11.344,0.015,12.15,22.63,1.484,0,0,0
S02054,2026-09-13 10:42:00,tkamati,Customer Service,NA,0,1,0,0,1,4,0,0,11,4.4,0.0,27.58,6.55,1.933,0,0,0
S02055,2026-09-14 00:59:00,mbandeka,Legal,NA,0,0,1,0,1,2,0,0,15,4.711,0.429,10.2,11.76,1.207,0,0,0
S02056,2026-09-13 01:31:00,katjiuongua,Information Technology,NA,0,0,1,0,1,3,1,1,11,12.891,0.0,2.78,29.18,1.848,0,0,0
S02057,2026-09-08 22:56:00,tshivute,Finance,NA,0,0,0,0,1,1,0,0,15,3.378,0.963,20.48,6.88,2.969,0,0,0
S02058,2026-09-09 17:55:00,ndjaba,Customer Service,NA,0,0,0,0,1,6,0,0,10,4.812,0.0,39.32,10.0,0.95,0,0,0
S02059,2026-09-10 09:29:00,nnakale,Customer Service,NA,0,0,0,1,1,7,1,0,13,7.093,0.0,43.45,4.81,3.468,0,0,1
S02060,2026-09-09 02:16:00,shilongo,Loans,NA,0,0,1,0,1,1,0,0,14,4.85,1.916,11.41,16.9,0.572,0,0,0
S02061,2026-09-13 10:51:00,mhaingura,Customer Service,NA,0,0,0,0,1,1,0,0,7,12.954,0.0,24.85,20.54,0.62,0,0,0
S02062,2026-09-07 16:44:00,nambala,Loans,NA,0,0,0,0,1,3,0,0,13,23.03,0.263,1.47,20.17,0.755,0,0,0
S02063,2026-09-10 11:12:00,pnakale,Human Resources,NA,0,0,1,0,1,4,0,0,12,1.351,1.082,3.51,1.75,2.762,0,0,0
S02064,2026-09-09 16:08:00,nambala,Loans,NA,0,0,1,1,1,3,0,0,9,2.643,0.0,17.34,25.63,2.142,0,0,0
S02065,2026-09-13 18:38:00,mukwambi,Human Resources,NA,0,0,1,0,1,2,0,0,18,5.037,0.0,15.41,10.13,0.057,0,0,0
S02066,2026-09-12 01:21:00,nnakale,Customer Service,NA,0,0,0,0,1,1,0,0,14,4.383,0.132,4.16,6.35,0.89,0,0,0
S02067,2026-09-14 05:37:00,murorua,Risk,NA,0,0,0,1,1,3,0,0,10,8.704,0.577,36.63,10.93,1.318,0,0,0
S02068,2026-09-07 16:10:00,hamukwaya,Treasury,NA,0,0,0,0,0,3,0,0,14,17.838,2.345,8.02,5.44,0.863,0,0,0
S02069,2026-09-08 08:02:00,hamukwaya,Treasury,NA,0,0,0,0,1,4,0,0,15,2.733,0.0,14.3,21.36,0.389,0,0,0
S02070,2026-09-09 13:05:00,sihuhua,Customer Service,NA,0,0,2,1,1,4,0,0,13,5.565,0.039,1.1,16.92,3.955,0,0,0
S02071,2026-09-07 10:12:00,tkamati,Customer Service,BW,0,0,2,1,1,2,1,0,16,5.592,4.043,29.78,11.48,1.208,0,0,0
S02072,2026-09-13 04:22:00,sankwasa,Procurement,NA,0,1,1,1,1,1,1,1,22,3.178,0.0,7.4,5.54,1.697,0,1,1
S02073,2026-09-14 02:55:00,nnakale,Customer Service,NA,0,0,1,0,1,1,0,0,11,12.744,1.355,10.64,9.12,2.331,0,0,0
S02074,2026-09-10 14:38:00,shilongo,Loans,NA,0,0,1,0,1,2,0,0,9,12.184,3.677,12.46,14.14,2.67,0,0,0
S02075,2026-09-09 19:48:00,sihuhua,Customer Service,NA,0,0,0,1,1,2,1,0,19,3.978,1.001,29.77,43.87,0.497,0,0,0
S02076,2026-09-09 17:43:00,amupanda,Compliance,NA,0,0,1,1,1,5,0,0,12,21.71,1.509,14.23,13.61,0.199,0,0,0
S02077,2026-09-10 03:07:00,tkamati,Customer Service,NA,0,0,1,1,1,3,0,0,12,11.979,0.15,9.77,7.24,2.003,0,0,0
S02078,2026-09-07 17:32:00,jkavari,Finance,NA,0,0,0,0,1,4,1,0,7,13.004,0.468,10.72,18.7,0.787,0,0,0
S02079,2026-09-12 17:54:00,tjirera,Internal Audit,NA,0,0,0,0,1,1,0,0,12,30.154,0.073,40.39,11.24,0.193,0,0,0
S02080,2026-09-08 03:01:00,shilongo,Loans,BW,1,1,2,2,1,2,0,0,10,7.427,1.727,13.4,21.38,2.544,0,0,1
S02081,2026-09-12 16:31:00,ndjaba,Customer Service,BW,0,0,1,0,1,2,0,0,12,15.064,1.147,17.85,4.76,0.054,0,0,0
S02082,2026-09-12 20:25:00,nghifindaka,Information Technology,NA,0,0,0,0,0,2,1,0,14,7.928,0.0,15.19,6.8,2.213,0,0,0
S02083,2026-09-08 05:19:00,nambala,Loans,NA,0,0,1,2,1,4,0,0,14,5.376,0.117,23.15,18.78,0.979,0,0,0
S02084,2026-09-12 01:26:00,jkavari,Finance,NA,0,0,0,0,1,4,0,0,12,5.645,0.0,21.47,28.09,2.879,0,0,0
S02085,2026-09-08 17:31:00,tshivute,Finance,NA,0,0,1,1,1,3,0,0,14,8.359,0.0,32.48,4.24,1.179,0,0,1
S02086,2026-09-13 18:42:00,ntinda,Marketing,NA,1,0,0,0,1,3,1,0,15,11.458,1.697,23.93,6.26,2.087,0,1,1
S02087,2026-09-10 08:33:00,nambala,Loans,NA,0,0,0,0,1,3,0,0,13,5.589,0.0,6.91,18.18,4.078,0,0,0
S02088,2026-09-13 05:58:00,mhaingura,Customer Service,NA,0,0,0,0,1,3,0,0,12,4.852,0.178,11.08,17.11,0.754,0,0,0
S02089,2026-09-07 23:38:00,kndjavera,Compliance,NA,0,0,0,0,1,2,1,1,16,0.95,1.164,23.18,39.87,0.116,0,0,0
S02090,2026-09-09 17:03:00,tjirera,Internal Audit,NA,0,0,0,0,1,3,3,0,24,8.338,0.0,22.86,8.44,0.262,0,0,0
S02091,2026-09-13 12:09:00,sihuhua,Customer Service,NA,0,0,1,0,1,4,0,0,12,3.569,0.2,20.45,25.3,0.875,0,0,0
S02092,2026-09-08 22:01:00,kndjavera,Compliance,NA,0,0,0,1,1,3,1,0,17,13.192,0.0,6.94,22.72,1.299,0,0,0
S02093,2026-09-13 14:48:00,ndjaba,Customer Service,NA,0,0,0,0,1,4,0,0,12,8.702,0.0,22.46,4.01,1.017,0,0,0
S02094,2026-09-07 22:23:00,nduminga,Customer Service,ZA,0,0,0,0,1,8,3,0,19,19.97,0.0,34.73,5.81,2.232,0,0,0
S02095,2026-09-08 11:35:00,tjirera,Internal Audit,NA,0,0,0,0,1,3,1,0,20,8.295,1.014,18.99,2.23,0.706,0,0,0
S02096,2026-09-11 23:29:00,ndjaba,Customer Service,NA,0,0,0,0,1,2,0,0,8,14.908,3.792,21.96,3.95,0.792,0,0,0
S02097,2026-09-11 11:02:00,tkamati,Customer Service,NA,0,0,1,1,1,1,1,0,10,4.073,1.04,3.71,5.82,1.123,0,1,0
S02098,2026-09-07 10:24:00,haufiku,Information Technology,NA,0,0,0,0,1,2,0,0,11,4.459,1.15,3.04,2.04,1.419,0,0,0
S02099,2026-09-11 21:05:00,tkamati,Customer Service,NA,0,0,0,0,1,4,1,1,15,21.611,0.001,3.95,11.77,0.818,0,0,1
S02100,2026-09-11 23:21:00,hamukwaya,Treasury,NA,0,0,1,1,1,4,0,0,5,1.329,0.0,2.34,15.6,1.652,0,0,0
S02101,2026-09-07 00:08:00,hamukwaya,Treasury,NA,0,0,0,0,1,5,1,0,10,8.642,1.507,18.92,15.14,5.12,0,0,0
S02102,2026-09-11 06:20:00,tshivute,Finance,NA,0,0,3,1,1,2,0,0,9,35.691,0.0,7.11,19.76,0.795,0,0,0
S02103,2026-09-08 01:28:00,ndjaba,Customer Service,NA,0,0,2,0,1,3,0,1,13,1.692,0.0,42.16,14.24,0.098,0,0,0
S02104,2026-09-10 17:45:00,shilongo,Loans,NA,0,0,0,1,1,9,0,0,13,4.723,1.992,16.65,3.93,0.576,0,0,0
S02105,2026-09-07 06:57:00,hamukwaya,Treasury,NA,0,0,1,0,1,2,0,0,9,20.715,0.508,29.14,38.93,1.073,0,0,0
S02106,2026-09-08 02:49:00,tkamati,Customer Service,NA,0,0,1,0,1,5,1,0,16,8.031,0.019,8.01,16.24,0.299,0,0,0
S02107,2026-09-07 01:56:00,pnakale,Human Resources,NA,0,0,2,0,1,2,0,0,16,4.338,0.0,24.62,11.1,0.929,0,0,0
S02108,2026-09-07 07:01:00,shilongo,Loans,ZA,0,0,0,0,0,2,0,0,18,6.383,2.146,9.87,44.08,1.574,0,0,0
S02109,2026-09-10 03:26:00,shapaka,Executive,NA,0,1,0,0,1,4,0,0,13,3.352,3.217,10.07,5.15,3.814,0,0,0
S02110,2026-09-10 04:16:00,hamukwaya,Treasury,NA,0,0,1,0,1,3,0,0,18,7.766,0.216,6.44,5.26,1.3,0,0,0
S02111,2026-09-14 06:27:00,nambala,Loans,NA,0,0,0,0,1,2,0,0,11,1.393,0.333,24.55,7.56,4.817,0,0,0
S02112,2026-09-08 17:11:00,shapaka,Executive,NA,0,0,2,0,0,3,0,0,9,2.801,0.0,5.65,36.46,0.611,0,0,0
S02113,2026-09-13 10:59:00,tjirera,Internal Audit,NA,0,0,0,0,1,3,1,0,16,5.885,2.358,21.42,10.46,1.057,0,0,0
S02114,2026-09-11 14:45:00,mbandeka,Legal,NA,0,0,0,0,1,3,1,0,15,7.604,1.113,40.18,8.02,0.971,0,0,1
S02115,2026-09-07 10:44:00,nnakale,Customer Service,NA,0,0,0,0,0,5,0,0,7,7.331,0.0,23.81,31.78,1.774,0,0,0
S02116,2026-09-14 04:22:00,tshivute,Finance,ZA,0,0,2,2,1,1,0,0,13,13.825,1.975,6.06,15.08,0.906,0,0,0
S02117,2026-09-14 05:15:00,amupanda,Compliance,NA,0,0,0,0,1,4,1,1,14,27.748,1.479,5.06,29.84,6.385,0,0,1
S02118,2026-09-08 06:38:00,jkavari,Finance,NA,0,0,1,0,1,3,0,0,12,9.398,3.767,10.31,1.03,0.657,0,0,0
S02119,2026-09-07 11:26:00,mbandeka,Legal,NA,0,0,0,0,1,2,0,0,11,24.544,0.006,33.22,3.52,0.937,0,0,0
S02120,2026-09-12 02:03:00,katjiuongua,Information Technology,NA,0,0,2,1,1,4,1,1,12,21.129,0.099,7.21,3.96,2.801,0,0,0
S02121,2026-09-11 14:55:00,nambala,Loans,NA,0,0,0,0,1,3,0,0,6,4.421,0.0,11.3,16.73,0.342,0,0,0
S02122,2026-09-08 22:53:00,ntinda,Marketing,NA,0,0,0,0,1,6,1,0,22,6.168,9.6,30.05,0.32,0.898,0,1,0
S02123,2026-09-13 02:12:00,shilongo,Loans,NA,0,1,0,0,1,3,0,0,14,3.389,0.0,37.13,14.77,2.705,0,0,0
S02124,2026-09-07 06:38:00,kndjavera,Compliance,NA,1,0,0,0,1,5,2,0,20,12.156,0.04,9.01,21.25,0.547,0,0,0
S02125,2026-09-11 09:25:00,tkamati,Customer Service,NA,0,0,0,1,1,8,1,0,25,3.319,0.0,15.39,7.85,2.13,0,0,0
S02126,2026-09-08 05:14:00,mhaingura,Customer Service,NA,0,0,0,0,1,2,0,0,11,17.252,0.0,33.96,19.69,1.245,0,0,0
S02127,2026-09-09 01:28:00,shapaka,Executive,NA,0,0,1,0,1,3,0,0,14,6.025,0.0,14.8,12.4,3.001,0,0,0
S02128,2026-09-07 01:58:00,hamukwaya,Treasury,NA,0,0,0,0,1,2,0,0,11,6.888,0.383,12.89,20.46,0.857,0,0,0
S02129,2026-09-11 16:08:00,jkavari,Finance,NA,0,0,0,1,1,3,0,0,14,2.937,0.974,12.99,15.77,3.856,0,0,0
S02130,2026-09-12 11:43:00,amupanda,Compliance,NA,0,0,0,0,1,2,0,0,7,59.591,0.0,19.62,23.93,3.382,0,0,0
S02131,2026-09-13 05:09:00,hamukwaya,Treasury,NA,1,0,0,0,0,1,0,1,15,1.958,10.247,14.47,6.22,0.189,0,0,0
S02132,2026-09-07 05:12:00,nghifindaka,Information Technology,NA,0,0,1,0,1,4,1,2,14,14.709,1.058,58.69,17.74,0.931,0,0,0
S02133,2026-09-10 21:45:00,mhaingura,Customer Service,NA,0,0,0,0,1,2,0,0,18,22.413,0.086,32.13,12.11,0.914,0,0,0
S02134,2026-09-08 03:39:00,mbandeka,Legal,ZA,1,0,1,0,1,2,0,0,13,22.653,0.0,44.07,15.18,0.944,0,0,0
S02135,2026-09-11 14:31:00,murorua,Risk,NA,0,0,0,0,1,1,0,0,15,0.866,10.364,26.54,29.47,1.893,0,0,0
S02136,2026-09-08 09:07:00,nambala,Loans,NA,0,0,0,0,0,3,0,0,14,15.213,0.836,32.37,7.87,1.131,0,0,0
S02137,2026-09-12 04:27:00,murorua,Risk,NA,0,1,0,0,1,5,1,0,14,11.068,7.073,19.04,10.75,1.53,0,1,1
S02138,2026-09-09 09:56:00,jkavari,Finance,NA,0,0,0,0,1,4,0,0,10,10.869,0.0,3.73,11.84,3.977,0,0,0
S02139,2026-09-09 04:07:00,haufiku,Information Technology,NA,1,0,1,1,1,3,1,0,17,10.112,0.489,57.13,25.85,1.102,0,0,1
S02140,2026-09-08 12:23:00,sankwasa,Procurement,NA,0,0,0,0,1,4,1,1,10,7.52,2.421,23.54,9.93,3.732,0,0,0
S02141,2026-09-11 23:23:00,jkavari,Finance,NA,0,0,0,0,1,3,1,0,15,14.902,16.295,7.77,16.93,4.608,0,0,0
S02142,2026-09-12 08:38:00,sihuhua,Customer Service,NA,0,0,0,0,1,2,0,0,10,23.879,1.465,18.12,33.05,2.606,0,0,0
S02143,2026-09-08 13:33:00,mukwambi,Human Resources,ZA,0,0,1,1,1,3,0,1,7,1.881,0.74,11.54,17.0,1.132,0,0,0
S02144,2026-09-09 20:15:00,katjiuongua,Information Technology,BW,0,0,1,1,1,2,1,0,12,1.348,3.543,6.85,41.37,0.674,0,0,0
S02145,2026-09-07 22:19:00,kndjavera,Compliance,NA,0,0,1,0,1,4,0,0,8,2.865,0.536,11.06,7.35,0.311,0,0,0
S02146,2026-09-13 21:32:00,pnakale,Human Resources,NA,0,0,1,1,1,1,0,0,13,17.514,0.212,5.22,3.14,0.531,0,0,0
S02147,2026-09-07 14:56:00,nambala,Loans,NA,0,0,0,0,1,1,0,0,16,10.887,0.0,4.5,5.65,1.649,0,0,0
S02148,2026-09-12 05:43:00,nambala,Loans,NA,0,0,0,0,1,2,1,0,12,2.818,2.722,5.65,9.85,0.816,0,0,0
S02149,2026-09-11 18:27:00,mukwambi,Human Resources,NA,0,0,1,1,1,1,0,0,13,16.106,0.0,5.87,0.15,3.091,0,0,0
S02150,2026-09-14 02:45:00,haufiku,Information Technology,NA,0,0,1,1,0,2,0,0,11,18.381,2.109,33.49,9.29,0.401,0,0,0
S02151,2026-09-10 01:32:00,hamukwaya,Treasury,NA,0,0,0,0,1,1,0,0,15,6.957,0.0,3.57,7.51,0.788,0,0,0
S02152,2026-09-13 14:31:00,ndjaba,Customer Service,NA,0,0,0,0,1,2,0,0,9,4.411,0.071,43.18,3.92,1.038,0,0,0
S02153,2026-09-12 09:13:00,nambala,Loans,NA,0,0,1,1,1,2,1,0,9,8.13,0.0,8.96,21.94,1.161,0,0,0
S02154,2026-09-09 13:41:00,sihuhua,Customer Service,ZA,0,0,2,0,1,4,0,0,7,2.66,0.0,19.54,11.69,1.872,0,0,0
S02155,2026-09-09 23:34:00,sankwasa,Procurement,NA,0,0,0,0,1,4,1,0,15,34.753,0.839,24.1,1.9,2.043,0,1,0
S02156,2026-09-13 10:20:00,sankwasa,Procurement,NA,0,0,1,0,1,2,0,0,13,18.323,0.586,6.96,17.83,2.491,0,0,0
S02157,2026-09-13 02:14:00,mhaingura,Customer Service,NA,0,0,0,0,1,3,0,0,10,16.032,0.833,5.88,0.73,1.31,0,0,0
S02158,2026-09-11 19:51:00,tshivute,Finance,NA,0,0,0,0,0,2,0,0,18,7.702,0.0,16.6,50.56,1.076,0,0,0
S02159,2026-09-07 15:56:00,ndjaba,Customer Service,NA,0,0,0,0,1,3,0,0,16,3.899,1.211,12.66,27.33,0.427,0,0,0
S02160,2026-09-14 00:23:00,pnakale,Human Resources,NA,0,1,0,1,1,2,1,0,20,15.873,2.522,3.16,10.19,1.145,0,0,0
S02161,2026-09-13 20:36:00,tshivute,Finance,NA,0,0,0,1,1,1,1,0,17,33.309,0.285,9.96,17.88,1.942,0,0,0
S02162,2026-09-11 16:40:00,kndjavera,Compliance,NA,0,0,0,0,1,6,2,0,20,13.506,0.921,8.21,9.85,0.868,0,0,0
S02163,2026-09-10 11:21:00,mukwambi,Human Resources,NA,0,1,0,0,1,1,0,1,6,10.305,0.0,14.61,9.05,1.246,0,0,0
S02164,2026-09-12 13:15:00,murorua,Risk,NA,0,0,0,0,1,5,0,0,3,7.841,0.0,25.03,31.58,0.698,0,0,0
S02165,2026-09-10 04:04:00,hamukwaya,Treasury,ZA,0,0,3,0,1,4,1,1,15,14.841,0.639,31.92,9.88,3.872,0,0,0
S02166,2026-09-13 16:04:00,jkavari,Finance,NA,0,0,0,0,1,1,0,0,15,8.223,0.979,8.0,12.2,0.813,0,0,0
S02167,2026-09-09 12:35:00,kndjavera,Compliance,NA,0,0,0,0,1,3,2,1,13,17.776,0.0,17.17,10.84,0.46,0,0,0
S02168,2026-09-10 02:25:00,sihuhua,Customer Service,NA,0,1,0,0,1,2,0,1,5,6.166,0.433,9.43,16.7,0.966,0,0,0
S02169,2026-09-11 06:10:00,nnakale,Customer Service,NA,0,0,0,0,1,4,1,1,16,10.572,0.816,15.91,14.63,2.13,0,0,0
S02170,2026-09-13 01:45:00,murorua,Risk,BW,0,1,1,1,1,5,0,0,12,10.697,0.0,15.89,21.24,0.868,0,0,0
S02171,2026-09-13 18:39:00,nnakale,Customer Service,NA,0,1,0,0,1,4,0,0,11,15.635,0.503,14.63,5.42,4.463,0,0,1
S02172,2026-09-14 06:27:00,sihuhua,Customer Service,NA,0,0,1,1,1,2,0,0,15,12.111,2.024,6.06,5.75,2.914,0,0,0
S02173,2026-09-09 09:10:00,mukwambi,Human Resources,NA,0,0,0,0,1,5,0,0,8,15.91,0.723,25.92,29.85,1.511,0,0,0
S02174,2026-09-12 19:14:00,sankwasa,Procurement,NA,0,0,0,0,1,2,0,1,13,3.863,0.0,6.81,16.8,1.943,0,0,0
S02175,2026-09-07 12:48:00,kndjavera,Compliance,NA,0,0,0,0,1,4,0,0,15,37.019,0.0,23.18,2.85,0.547,0,0,0
S02176,2026-09-10 09:21:00,tkamati,Customer Service,NA,0,0,1,0,1,4,0,0,16,2.628,1.066,37.87,10.56,2.164,0,0,0
S02177,2026-09-07 12:56:00,sihuhua,Customer Service,NA,0,0,0,0,1,4,0,1,19,7.648,0.053,18.38,9.75,0.529,0,0,0
S02178,2026-09-09 16:32:00,tkamati,Customer Service,NA,0,0,0,0,1,4,1,0,14,13.391,0.442,5.44,4.4,0.741,0,1,0
S02179,2026-09-10 12:17:00,nduminga,Customer Service,ZA,0,0,2,2,1,5,0,0,10,15.729,0.298,36.84,5.19,3.857,0,0,1
S02180,2026-09-12 06:27:00,mbandeka,Legal,ZA,0,0,2,0,1,4,1,0,18,9.189,0.939,8.29,8.55,3.505,0,0,0
S02181,2026-09-10 09:36:00,sihuhua,Customer Service,NA,0,0,1,0,1,2,0,0,11,8.228,0.0,3.97,20.33,2.143,0,0,0
S02182,2026-09-12 23:16:00,katjiuongua,Information Technology,NA,0,0,1,0,1,3,0,0,17,57.626,1.838,25.28,53.82,1.23,0,0,0
S02183,2026-09-08 18:02:00,tjirera,Internal Audit,NA,0,0,1,1,1,2,1,0,17,7.755,0.39,14.42,25.93,1.054,0,0,0
S02184,2026-09-07 04:11:00,ndjaba,Customer Service,NA,0,1,0,0,1,2,1,0,14,20.062,0.0,43.92,2.54,1.285,0,0,0
S02185,2026-09-12 10:57:00,nnakale,Customer Service,NA,0,0,2,1,1,2,1,0,21,7.687,0.292,30.52,35.12,3.514,0,1,1
S02186,2026-09-13 22:51:00,sihuhua,Customer Service,NA,0,0,1,0,1,3,0,0,14,4.335,3.817,4.93,12.15,1.279,0,0,0
S02187,2026-09-09 11:23:00,katjiuongua,Information Technology,ZA,1,0,0,0,1,3,1,2,10,23.275,1.331,20.3,10.06,2.634,0,0,1
S02188,2026-09-07 23:38:00,nambala,Loans,NA,0,0,0,0,1,1,0,0,17,5.161,2.802,20.85,22.8,0.596,0,0,0
S02189,2026-09-13 17:46:00,ntinda,Marketing,NA,0,0,0,1,1,3,0,0,13,6.069,0.975,17.36,8.28,1.059,0,0,0
S02190,2026-09-11 23:10:00,shilongo,Loans,NA,0,0,0,0,1,1,0,0,11,2.136,4.671,15.16,37.96,0.836,0,0,0
S02191,2026-09-11 05:11:00,katjiuongua,Information Technology,NA,0,0,0,0,1,2,0,0,12,13.993,0.0,0.49,5.28,0.51,0,0,0
S02192,2026-09-09 18:24:00,kndjavera,Compliance,BW,0,0,1,0,1,3,0,1,14,17.917,0.0,21.45,3.91,0.467,0,0,0
S02193,2026-09-14 04:47:00,mhaingura,Customer Service,NA,0,0,0,1,1,3,1,0,16,13.164,0.047,15.29,4.46,1.081,0,1,0
S02194,2026-09-12 23:05:00,kndjavera,Compliance,NA,0,0,0,0,1,8,1,0,19,14.957,0.0,9.92,1.79,0.829,0,0,0
S02195,2026-09-14 01:13:00,jkavari,Finance,NA,0,1,0,0,1,5,0,0,14,2.77,5.664,17.99,11.36,0.157,0,0,0
S02196,2026-09-14 03:26:00,sankwasa,Procurement,NA,0,0,1,1,1,3,0,0,11,6.353,1.26,11.18,9.04,1.23,0,0,0
S02197,2026-09-09 03:24:00,shilongo,Loans,NA,0,0,0,0,1,7,0,0,13,28.208,0.0,10.02,4.83,1.481,0,0,0
S02198,2026-09-11 14:48:00,ntinda,Marketing,NA,0,0,0,0,1,8,2,0,17,27.99,0.843,15.31,6.27,2.483,0,0,0
S02199,2026-09-08 05:34:00,tkamati,Customer Service,NA,0,0,0,0,1,3,0,0,13,3.095,0.0,33.44,2.21,0.083,0,0,0
S02200,2026-09-09 01:10:00,mbandeka,Legal,NA,0,0,0,0,1,2,0,0,8,3.52,0.219,22.33,12.24,2.225,0,0,0
S02201,2026-09-10 15:29:00,mukwambi,Human Resources,NA,0,0,0,0,1,5,2,0,20,27.746,3.341,27.1,21.34,1.955,0,0,0
S02202,2026-09-14 04:21:00,tkamati,Customer Service,NA,0,0,0,0,1,4,1,0,19,17.408,0.098,19.61,19.87,0.828,0,0,0
S02203,2026-09-10 20:29:00,murorua,Risk,NA,0,0,1,1,1,3,1,0,13,7.572,0.681,5.47,24.34,0.269,0,0,0
S02204,2026-09-07 22:28:00,jkavari,Finance,NA,0,0,0,0,1,1,1,2,14,6.362,1.232,22.03,2.14,1.582,0,0,0
S02205,2026-09-09 00:55:00,haufiku,Information Technology,NA,0,0,1,1,1,4,1,0,16,7.813,0.0,9.75,4.17,1.693,0,0,0
S02206,2026-09-10 04:46:00,pnakale,Human Resources,NA,0,0,1,1,1,4,1,0,12,4.0,0.135,18.03,6.11,5.274,0,0,0
S02207,2026-09-11 19:06:00,sankwasa,Procurement,NA,0,0,1,0,1,1,0,0,10,1.822,0.639,2.08,10.46,1.481,0,0,0
S02208,2026-09-12 10:23:00,mhaingura,Customer Service,NA,0,0,1,1,1,3,0,1,7,2.122,0.0,7.21,33.72,2.227,0,0,0
S02209,2026-09-07 04:22:00,sihuhua,Customer Service,NA,0,0,1,1,0,3,0,0,17,6.926,0.279,9.22,10.17,0.199,0,0,1
S02210,2026-09-10 01:43:00,shapaka,Executive,ZA,0,0,5,0,1,3,0,0,13,3.837,0.0,23.02,14.32,2.63,0,0,0
S02211,2026-09-10 03:08:00,nghifindaka,Information Technology,NA,0,0,0,0,1,4,0,0,10,7.023,3.298,24.93,12.42,1.316,0,0,0
S02212,2026-09-13 06:51:00,murorua,Risk,NA,0,0,1,0,1,3,0,0,18,5.856,1.353,20.19,6.06,1.214,0,0,0
S02213,2026-09-13 07:20:00,shapaka,Executive,NA,0,0,0,0,1,3,0,0,16,12.062,4.973,9.78,3.11,1.347,0,0,0
S02214,2026-09-07 22:56:00,hamukwaya,Treasury,NA,0,0,0,0,1,4,0,0,8,5.203,5.705,2.89,14.39,6.518,0,0,0
S02215,2026-09-07 22:30:00,tshivute,Finance,NA,0,0,0,0,1,6,0,0,12,15.511,1.366,1.89,14.91,0.439,0,0,0
S02216,2026-09-10 02:21:00,tshivute,Finance,ZA,0,0,3,1,1,2,0,0,11,6.466,0.764,6.11,23.69,2.331,0,0,0
S02217,2026-09-10 08:35:00,ntinda,Marketing,NA,0,0,0,0,1,2,0,2,10,16.252,2.913,2.6,22.57,0.209,0,0,0
S02218,2026-09-12 14:10:00,murorua,Risk,NA,0,0,1,0,1,2,0,0,12,8.423,0.071,19.4,15.07,0.294,0,0,0
S02219,2026-09-12 22:14:00,kndjavera,Compliance,NA,0,0,1,1,1,4,1,0,16,10.865,0.0,13.69,20.6,0.206,0,0,0
S02220,2026-09-11 18:37:00,ndjaba,Customer Service,NA,0,0,1,0,1,5,0,0,14,6.039,0.121,17.39,9.84,8.64,0,0,1
S02221,2026-09-08 10:42:00,katjiuongua,Information Technology,NA,0,0,1,0,1,5,2,0,19,4.997,3.384,38.76,7.97,1.709,0,0,0
S02222,2026-09-12 05:32:00,shilongo,Loans,ZA,1,0,1,1,1,3,1,0,21,15.38,3.207,1.6,11.66,0.394,0,0,0
S02223,2026-09-07 19:57:00,ndjaba,Customer Service,NA,0,0,0,0,1,6,1,0,15,7.747,0.625,7.84,10.11,1.882,0,0,0
S02224,2026-09-10 11:04:00,shilongo,Loans,BW,1,0,0,1,1,3,0,0,6,3.968,1.286,32.71,17.45,2.347,0,0,1
S02225,2026-09-14 05:22:00,mhaingura,Customer Service,NA,0,0,3,2,1,8,0,1,15,22.95,0.0,4.33,15.32,2.855,0,0,0
S02226,2026-09-14 04:16:00,mbandeka,Legal,NA,0,0,0,0,0,2,1,0,19,21.959,0.331,10.25,1.41,0.419,0,0,0
S02227,2026-09-11 15:50:00,jkavari,Finance,ZA,0,0,0,0,1,4,0,0,16,1.523,1.624,38.74,13.16,0.816,0,0,0
S02228,2026-09-07 11:12:00,mbandeka,Legal,NA,0,0,0,0,1,3,0,0,11,4.827,0.264,35.79,20.85,1.511,0,0,0
S02229,2026-09-13 20:20:00,shilongo,Loans,NA,0,1,0,0,1,2,0,0,6,2.506,0.428,11.55,13.45,0.87,0,0,0
S02230,2026-09-13 11:36:00,ndjaba,Customer Service,NA,0,0,0,0,1,3,0,0,5,13.844,0.034,30.81,10.72,4.272,0,0,0
S02231,2026-09-07 01:32:00,hamukwaya,Treasury,NA,0,0,0,1,1,2,0,0,8,3.463,0.0,13.51,20.83,1.89,0,0,0
S02232,2026-09-14 03:06:00,shapaka,Executive,NA,0,0,0,0,1,1,0,0,6,30.525,2.308,21.62,6.07,1.728,0,0,0
S02233,2026-09-07 18:57:00,hamukwaya,Treasury,NA,0,0,0,0,1,4,0,0,6,2.935,0.0,3.69,5.15,1.279,0,0,0
S02234,2026-09-13 14:30:00,mhaingura,Customer Service,BW,0,0,1,0,1,4,0,0,11,2.546,0.0,17.92,24.88,0.542,0,0,0
S02235,2026-09-09 05:19:00,ndjaba,Customer Service,NA,0,0,2,0,1,4,0,0,13,1.701,0.192,43.4,2.03,2.15,0,0,1
S02236,2026-09-13 16:02:00,katjiuongua,Information Technology,NA,0,0,1,1,1,5,0,0,9,13.895,1.799,1.99,12.21,0.681,0,0,0
S02237,2026-09-11 16:25:00,hamukwaya,Treasury,NA,0,0,0,0,1,1,0,1,14,5.372,0.844,36.47,2.99,0.149,0,0,0
S02238,2026-09-09 04:48:00,nghifindaka,Information Technology,ZA,1,0,1,0,1,2,0,0,16,3.43,12.827,26.48,38.05,2.975,0,0,1
S02239,2026-09-14 04:25:00,mbandeka,Legal,NA,0,0,1,0,1,4,0,0,8,4.284,3.865,28.45,19.85,1.31,0,0,0
S02240,2026-09-12 21:38:00,nambala,Loans,NA,0,0,0,1,1,5,0,0,15,31.15,1.251,7.08,17.53,2.418,0,0,0
S02241,2026-09-09 05:12:00,amupanda,Compliance,NA,0,0,1,0,1,5,3,2,15,4.389,0.038,4.46,12.12,1.455,0,0,0
S02242,2026-09-12 16:32:00,mhaingura,Customer Service,NA,0,1,0,0,1,3,0,1,14,1.76,0.0,15.94,7.99,1.679,0,0,0
S02243,2026-09-14 02:35:00,ntinda,Marketing,NA,0,0,1,1,1,2,0,1,11,47.204,0.0,3.73,35.84,1.59,0,0,0
S02244,2026-09-14 01:32:00,pnakale,Human Resources,NA,0,0,0,0,1,3,0,0,7,10.923,0.0,11.2,21.33,1.816,0,0,0
S02245,2026-09-09 17:42:00,nghifindaka,Information Technology,NA,0,0,2,1,1,2,0,0,12,13.303,0.0,26.69,26.8,1.951,0,0,0
S02246,2026-09-11 03:35:00,hamukwaya,Treasury,NA,0,0,0,0,1,1,1,0,17,26.748,2.227,10.7,10.8,0.643,0,1,0
S02247,2026-09-10 19:24:00,ndjaba,Customer Service,NA,0,0,1,1,1,4,0,0,11,7.006,0.0,6.04,8.5,0.813,0,0,0
S02248,2026-09-10 02:21:00,amupanda,Compliance,NA,0,1,1,0,1,4,0,0,12,2.192,0.082,18.06,10.66,0.526,0,0,0
S02249,2026-09-13 22:17:00,tshivute,Finance,NA,0,1,1,0,1,4,1,0,17,19.95,0.0,14.54,35.1,1.672,0,0,1
S02250,2026-09-07 06:52:00,ndjaba,Customer Service,NA,0,0,0,0,1,5,0,0,16,27.958,0.406,18.18,30.41,5.044,0,0,1
S02251,2026-09-09 21:45:00,sankwasa,Procurement,NA,1,0,0,0,1,2,0,0,12,8.171,0.0,20.65,20.03,1.505,0,0,0
S02252,2026-09-08 02:24:00,mhaingura,Customer Service,NA,0,0,0,0,1,6,0,0,20,9.868,0.0,41.86,3.96,2.058,0,0,0
S02253,2026-09-12 08:25:00,ndjaba,Customer Service,NA,0,0,0,0,1,6,0,0,11,3.359,1.191,33.15,0.3,1.559,0,0,0
S02254,2026-09-09 22:25:00,haufiku,Information Technology,NA,0,1,0,0,0,2,0,0,9,3.293,0.4,15.92,21.21,2.134,0,0,0
S02255,2026-09-12 19:21:00,sankwasa,Procurement,NA,0,0,1,2,1,3,0,0,15,23.663,0.0,12.09,20.07,0.445,0,0,0
S02256,2026-09-07 06:12:00,sankwasa,Procurement,ZA,0,0,1,0,1,1,0,0,7,2.527,0.0,56.16,1.92,0.383,0,0,0
S02257,2026-09-12 09:11:00,amupanda,Compliance,NA,0,0,0,2,1,2,0,0,9,4.138,0.29,4.95,4.42,2.793,0,0,0
S02258,2026-09-12 16:29:00,jkavari,Finance,NA,0,0,1,0,1,4,2,0,23,2.198,0.0,17.26,38.08,3.353,0,0,1
S02259,2026-09-10 13:20:00,jkavari,Finance,NA,0,0,1,0,1,5,0,0,12,5.416,0.0,12.67,10.86,1.436,0,0,0
S02260,2026-09-09 06:00:00,nduminga,Customer Service,NA,0,0,0,0,0,1,0,0,13,3.167,2.136,5.54,36.06,0.592,0,0,0
S02261,2026-09-10 05:31:00,amupanda,Compliance,NA,0,0,0,0,1,1,0,0,10,14.54,3.128,9.98,12.06,1.699,0,0,0
S02262,2026-09-10 09:52:00,kndjavera,Compliance,NA,0,0,0,2,1,6,1,1,10,3.228,0.071,22.52,2.42,0.713,0,0,0
S02263,2026-09-08 01:28:00,kndjavera,Compliance,NA,0,0,1,0,1,1,0,0,14,4.436,0.0,16.88,15.28,0.409,0,0,0
S02264,2026-09-12 03:47:00,mhaingura,Customer Service,NA,0,0,0,0,0,2,0,0,14,9.643,0.0,22.53,29.68,0.173,0,0,0
S02265,2026-09-10 14:45:00,hamukwaya,Treasury,NA,0,0,1,0,1,3,0,0,13,3.274,1.716,40.38,16.66,3.156,0,0,0
S02266,2026-09-11 21:48:00,tkamati,Customer Service,NA,0,0,2,0,1,2,0,0,11,2.378,0.485,24.23,34.78,2.064,0,0,0
S02267,2026-09-13 05:52:00,nghifindaka,Information Technology,NA,0,0,0,0,1,2,1,0,12,21.038,0.077,33.99,6.27,1.109,0,0,0
S02268,2026-09-10 03:42:00,sankwasa,Procurement,NA,0,0,1,0,1,6,2,0,13,2.421,1.926,17.77,4.79,1.181,0,1,0
S02269,2026-09-11 07:13:00,shilongo,Loans,NA,0,0,0,0,1,1,0,0,20,10.345,0.0,15.6,18.73,3.148,0,0,0
S02270,2026-09-10 05:25:00,murorua,Risk,NA,0,0,0,1,1,2,0,0,8,2.9,0.0,20.37,5.5,0.456,0,0,0
S02271,2026-09-11 04:27:00,shapaka,Executive,NA,0,0,0,1,1,5,0,0,16,10.135,0.0,20.25,13.39,2.995,0,0,0
S02272,2026-09-09 13:59:00,ntinda,Marketing,NA,0,0,1,0,1,4,1,0,15,5.253,1.245,5.76,20.86,1.032,0,0,0
S02273,2026-09-11 16:45:00,sihuhua,Customer Service,NA,0,1,1,1,1,3,0,0,15,13.877,4.097,27.81,11.01,5.189,0,0,1
S02274,2026-09-13 04:01:00,tkamati,Customer Service,BW,0,0,1,0,1,7,0,0,7,11.387,0.0,33.63,3.29,0.097,0,0,0
S02275,2026-09-09 18:26:00,shapaka,Executive,NA,0,0,0,0,1,11,0,0,21,5.557,1.764,3.48,27.77,1.647,0,0,0
S02276,2026-09-08 00:02:00,tjirera,Internal Audit,NA,0,1,2,0,1,4,1,0,12,2.107,2.473,3.75,18.06,0.597,0,0,0
S02277,2026-09-10 17:42:00,tjirera,Internal Audit,NA,0,0,2,1,1,4,0,1,10,1.701,0.759,2.08,22.9,0.552,0,0,0
S02278,2026-09-12 19:13:00,nduminga,Customer Service,NA,0,0,0,0,0,5,0,0,12,4.438,0.945,8.24,4.46,0.713,0,0,0
S02279,2026-09-14 06:14:00,jkavari,Finance,NA,0,0,0,0,1,2,0,0,9,3.447,0.007,15.81,3.26,0.158,0,0,0
S02280,2026-09-11 16:09:00,kndjavera,Compliance,NA,0,0,0,0,1,6,2,0,22,0.975,0.684,11.33,12.16,3.078,0,0,0
S02281,2026-09-08 02:17:00,kndjavera,Compliance,NA,0,0,1,1,1,2,0,0,13,2.293,1.284,5.09,27.98,1.061,0,0,0
S02282,2026-09-11 14:19:00,mbandeka,Legal,NA,0,0,0,0,1,2,0,0,14,8.48,3.7,2.2,8.41,0.484,0,0,0
S02283,2026-09-12 15:23:00,shilongo,Loans,NA,0,0,0,0,1,4,0,0,13,4.295,0.37,26.25,5.77,0.437,0,0,0
S02284,2026-09-08 22:44:00,tshivute,Finance,NA,0,0,0,0,1,2,0,0,12,11.873,0.431,11.55,10.6,0.591,0,0,0
S02285,2026-09-14 05:33:00,pnakale,Human Resources,NA,0,0,0,0,0,1,0,0,20,6.778,2.104,3.06,10.42,1.004,0,0,0
S02286,2026-09-11 07:39:00,hamukwaya,Treasury,BW,1,0,0,1,1,10,0,0,9,18.372,0.0,12.37,23.44,6.223,0,0,1
S02287,2026-09-13 09:37:00,shapaka,Executive,NA,1,0,0,0,1,3,0,1,9,7.741,1.578,2.06,3.02,5.198,0,0,1
S02288,2026-09-09 14:42:00,mbandeka,Legal,NA,0,0,0,0,1,4,0,0,9,11.473,0.356,17.63,27.03,1.655,0,0,0
S02289,2026-09-08 13:22:00,ntinda,Marketing,NA,0,0,0,0,1,3,0,0,9,6.661,0.32,12.07,33.69,1.554,0,0,0
S02290,2026-09-07 18:30:00,haufiku,Information Technology,ZA,1,0,3,2,1,5,2,0,16,5.621,0.0,9.44,10.58,1.037,1,0,1
S02291,2026-09-10 23:30:00,tkamati,Customer Service,NA,0,0,0,0,1,2,0,0,11,13.698,0.0,4.2,23.89,0.292,0,0,0
S02292,2026-09-08 15:08:00,sankwasa,Procurement,NA,0,0,0,0,1,3,1,2,15,11.262,0.174,14.39,6.86,4.118,0,0,0
S02293,2026-09-12 09:38:00,jkavari,Finance,NA,0,1,2,1,0,2,0,0,14,13.657,2.56,18.87,17.49,4.034,0,0,1
S02294,2026-09-08 11:45:00,ndjaba,Customer Service,NA,0,1,0,0,1,1,0,1,12,2.663,0.0,24.53,18.48,0.954,0,0,0
S02295,2026-09-08 09:51:00,mbandeka,Legal,NA,0,0,0,0,1,5,1,1,22,2.01,6.584,4.16,2.97,2.31,0,1,0
S02296,2026-09-10 22:15:00,kndjavera,Compliance,NA,0,0,0,0,1,1,0,0,8,15.078,0.638,7.6,3.27,0.068,0,0,0
S02297,2026-09-07 03:07:00,katjiuongua,Information Technology,NA,0,0,2,0,1,1,1,0,18,5.2,0.0,7.66,7.5,3.989,0,0,0
S02298,2026-09-13 14:21:00,nambala,Loans,NA,0,0,0,0,1,4,0,0,8,7.067,0.0,1.89,3.97,0.814,0,0,0
S02299,2026-09-10 23:19:00,sankwasa,Procurement,NA,0,0,0,0,1,1,1,0,17,4.658,1.068,18.22,17.64,1.379,0,0,0
S02300,2026-09-08 07:28:00,ndjaba,Customer Service,NA,0,0,0,1,0,6,1,0,12,8.037,0.0,11.15,16.8,4.266,0,1,1
S02301,2026-09-13 01:00:00,kndjavera,Compliance,ZA,0,1,2,0,1,4,0,0,11,2.979,2.738,45.92,2.74,1.502,1,0,1
S02302,2026-09-12 18:17:00,katjiuongua,Information Technology,NA,0,1,0,0,1,1,0,0,12,7.149,0.0,5.32,9.33,2.517,0,0,0
S02303,2026-09-08 05:48:00,mhaingura,Customer Service,NA,0,0,0,0,1,4,0,0,10,11.177,0.0,3.56,30.86,0.608,0,0,0
S02304,2026-09-08 23:17:00,nnakale,Customer Service,NA,0,0,0,1,1,2,0,0,15,1.483,0.635,7.17,25.02,2.613,0,0,0
S02305,2026-09-11 18:33:00,ndjaba,Customer Service,NA,0,0,0,0,1,2,1,1,18,45.451,0.739,28.81,20.51,0.609,0,0,0
S02306,2026-09-07 22:30:00,tjirera,Internal Audit,NA,0,0,1,1,1,3,0,0,17,1.258,0.0,34.54,19.64,2.713,0,0,0
S02307,2026-09-10 07:55:00,hamukwaya,Treasury,NA,0,0,0,0,1,2,1,1,18,2.989,0.0,33.07,24.06,1.011,0,1,0
S02308,2026-09-08 03:28:00,nnakale,Customer Service,NA,0,0,1,0,1,3,0,0,8,3.215,1.694,18.86,11.14,0.484,0,0,0
S02309,2026-09-09 18:59:00,sankwasa,Procurement,NA,0,0,2,0,1,3,0,0,15,18.645,0.0,12.32,20.55,2.534,0,0,0
S02310,2026-09-07 01:52:00,nghifindaka,Information Technology,NA,0,0,1,1,1,6,3,0,21,25.158,0.0,15.87,7.09,6.665,0,0,1
S02311,2026-09-07 07:53:00,tshivute,Finance,NA,0,0,0,0,0,4,0,0,12,1.211,2.476,6.48,4.16,6.254,0,0,0
S02312,2026-09-07 16:54:00,sihuhua,Customer Service,ZA,0,0,2,1,1,4,0,1,9,4.218,0.0,40.65,13.66,2.438,0,0,1
S02313,2026-09-09 06:02:00,nnakale,Customer Service,NA,0,0,0,0,1,3,0,0,16,2.814,0.0,34.51,9.41,0.23,0,0,0
S02314,2026-09-12 04:03:00,tkamati,Customer Service,NA,0,0,0,0,1,6,2,0,20,10.288,0.242,17.22,15.84,0.414,0,1,0
S02315,2026-09-13 17:05:00,ntinda,Marketing,NA,0,0,0,0,1,3,0,0,17,34.39,0.0,3.43,10.28,2.365,0,0,0
S02316,2026-09-12 03:43:00,ndjaba,Customer Service,NA,0,0,0,0,1,4,0,0,15,21.217,0.359,9.11,12.09,2.57,0,0,0
S02317,2026-09-14 02:12:00,nghifindaka,Information Technology,NA,0,0,1,0,1,2,0,0,10,8.698,0.0,32.65,1.34,0.565,0,0,0
S02318,2026-09-07 01:35:00,katjiuongua,Information Technology,NA,0,0,1,0,1,1,1,0,12,17.866,0.541,9.33,7.63,2.464,0,0,0
S02319,2026-09-10 22:03:00,amupanda,Compliance,NA,0,0,0,0,1,7,2,1,12,3.037,0.0,25.85,49.87,0.777,0,0,0
S02320,2026-09-11 06:25:00,amupanda,Compliance,NA,0,0,0,0,1,5,2,0,20,4.373,0.409,38.8,8.33,2.57,0,0,0
S02321,2026-09-14 01:29:00,jkavari,Finance,NA,0,0,0,0,1,1,1,0,16,4.636,0.823,2.07,22.84,1.473,0,0,0
S02322,2026-09-08 13:17:00,nghifindaka,Information Technology,NA,0,0,0,0,1,1,0,0,17,31.559,0.0,25.42,34.1,1.705,0,0,0
S02323,2026-09-10 13:11:00,hamukwaya,Treasury,BW,1,0,1,0,1,3,0,0,13,4.033,4.751,2.43,29.51,3.13,0,0,1
S02324,2026-09-11 10:45:00,haufiku,Information Technology,NA,0,0,0,0,1,2,1,1,16,19.745,0.284,5.3,3.47,0.302,0,0,0
S02325,2026-09-08 01:37:00,haufiku,Information Technology,NA,0,0,2,0,1,4,2,0,25,8.835,7.479,3.84,1.61,1.799,0,0,0
S02326,2026-09-11 02:42:00,murorua,Risk,NA,0,0,0,0,1,2,0,0,12,8.907,0.0,22.17,25.94,0.517,0,0,0
S02327,2026-09-08 20:59:00,tshivute,Finance,NA,0,0,0,0,1,2,0,1,19,10.93,0.0,17.48,43.75,0.841,0,0,0
S02328,2026-09-09 16:48:00,ndjaba,Customer Service,NA,0,0,0,0,1,7,0,0,11,2.685,0.16,16.58,4.21,2.468,0,0,0
S02329,2026-09-10 23:21:00,tjirera,Internal Audit,NA,0,0,0,0,1,4,1,0,6,13.189,0.655,11.86,20.66,1.3,0,0,0
S02330,2026-09-10 08:14:00,ndjaba,Customer Service,NA,0,0,0,1,1,6,0,0,11,14.078,0.175,25.43,5.09,1.679,0,0,0
S02331,2026-09-08 12:27:00,hamukwaya,Treasury,NA,0,1,0,0,1,2,0,0,14,11.623,0.0,14.31,8.32,0.859,0,0,0
S02332,2026-09-13 04:37:00,kndjavera,Compliance,NA,0,0,0,0,1,3,0,0,12,28.024,0.019,3.21,0.94,0.541,0,0,0
S02333,2026-09-14 04:17:00,haufiku,Information Technology,NA,0,0,0,0,1,3,0,0,11,24.009,3.107,3.11,5.13,1.903,0,0,0
S02334,2026-09-11 15:29:00,jkavari,Finance,NA,0,0,1,0,1,2,0,0,16,13.555,0.391,14.39,3.28,1.087,0,0,0
S02335,2026-09-07 23:18:00,sankwasa,Procurement,NA,0,0,0,0,1,6,0,0,8,43.724,1.904,30.13,1.32,0.502,0,0,0
S02336,2026-09-08 16:02:00,nambala,Loans,NA,0,0,0,0,1,3,0,0,12,0.769,1.798,27.13,14.1,0.352,0,0,0
S02337,2026-09-08 12:33:00,murorua,Risk,NA,0,0,1,0,1,4,1,0,13,4.408,0.325,8.64,16.62,0.65,0,0,0
S02338,2026-09-09 16:07:00,haufiku,Information Technology,ZA,0,0,3,1,1,4,0,1,14,8.212,2.189,28.59,28.35,2.093,0,0,1
S02339,2026-09-07 07:17:00,nambala,Loans,NA,0,0,0,0,1,3,1,0,23,4.156,0.0,15.4,14.25,2.683,0,0,0
S02340,2026-09-12 16:42:00,pnakale,Human Resources,NA,0,1,1,1,0,6,0,1,9,26.512,0.508,9.02,7.73,2.332,0,0,1
S02341,2026-09-11 14:37:00,amupanda,Compliance,NA,0,0,1,1,1,4,1,0,24,5.609,0.0,15.67,4.39,0.954,0,0,0
S02342,2026-09-11 13:56:00,jkavari,Finance,NA,0,1,0,0,1,6,0,0,11,2.826,0.0,25.09,2.63,1.845,0,0,0
S02343,2026-09-14 01:09:00,nghifindaka,Information Technology,NA,0,0,0,3,1,2,1,0,16,2.582,0.208,17.71,1.75,1.045,0,0,0
S02344,2026-09-10 04:17:00,nambala,Loans,NA,0,0,1,0,1,3,0,0,16,4.345,0.0,7.71,10.61,2.251,0,0,0
S02345,2026-09-11 14:22:00,hamukwaya,Treasury,NA,0,0,0,0,1,2,0,0,10,16.419,9.729,9.28,14.5,3.551,0,0,0
S02346,2026-09-12 17:40:00,mhaingura,Customer Service,NA,1,0,1,1,1,6,0,0,5,7.067,0.656,46.73,6.27,0.951,0,0,1
S02347,2026-09-08 05:58:00,nduminga,Customer Service,NA,0,0,2,1,1,4,0,0,14,10.734,1.179,3.76,20.5,1.071,0,0,0
S02348,2026-09-11 23:07:00,jkavari,Finance,ZA,0,0,1,1,1,6,0,0,12,2.862,0.602,32.23,5.98,4.108,0,0,0
S02349,2026-09-07 16:45:00,sankwasa,Procurement,NA,0,0,1,0,1,3,0,0,13,2.926,0.227,7.7,6.1,1.34,0,0,0
S02350,2026-09-10 13:44:00,mhaingura,Customer Service,NA,0,0,0,1,1,2,0,0,12,7.569,3.298,15.75,6.55,0.469,0,0,0
S02351,2026-09-08 21:06:00,kndjavera,Compliance,NA,0,0,0,0,1,1,0,0,14,8.473,0.399,2.21,7.11,3.195,0,0,0
S02352,2026-09-09 14:32:00,jkavari,Finance,NA,0,0,0,1,1,5,0,0,8,2.281,1.478,28.22,25.87,0.761,0,0,0
S02353,2026-09-14 00:05:00,tkamati,Customer Service,NA,0,0,0,0,1,4,0,0,8,4.588,0.853,21.22,5.81,3.042,0,0,0
S02354,2026-09-08 06:14:00,tshivute,Finance,NA,0,0,0,0,1,2,1,1,12,2.788,4.886,13.67,13.04,2.392,0,0,0
S02355,2026-09-08 00:41:00,haufiku,Information Technology,NA,0,0,0,0,1,3,1,0,11,11.511,0.0,18.14,1.02,2.559,0,0,0
S02356,2026-09-12 19:50:00,jkavari,Finance,NA,1,1,0,0,1,2,0,0,11,3.398,0.0,17.47,7.97,0.55,0,0,0
S02357,2026-09-09 22:59:00,sihuhua,Customer Service,NA,0,0,0,0,1,5,0,0,16,19.703,2.244,30.36,16.87,1.731,0,0,0
S02358,2026-09-13 20:58:00,haufiku,Information Technology,NA,0,0,1,0,1,1,0,0,13,4.023,0.377,8.46,7.4,0.198,0,0,0
S02359,2026-09-08 23:59:00,hamukwaya,Treasury,NA,0,0,0,0,1,3,0,0,16,10.756,3.067,9.19,36.78,2.245,0,0,0
S02360,2026-09-12 04:04:00,nduminga,Customer Service,NA,0,0,0,0,1,3,0,0,13,6.109,0.0,26.42,20.83,0.624,0,0,0
S02361,2026-09-08 20:59:00,haufiku,Information Technology,NA,0,1,0,0,1,5,1,0,17,5.293,0.299,29.16,6.98,0.283,0,0,0
S02362,2026-09-07 01:52:00,mbandeka,Legal,NA,0,0,1,0,0,2,0,0,12,6.475,0.0,13.68,14.17,2.345,0,0,0
S02363,2026-09-11 07:02:00,ndjaba,Customer Service,NA,0,0,0,1,1,5,0,0,12,0.741,0.647,18.85,9.76,1.2,0,0,0
S02364,2026-09-13 17:47:00,pnakale,Human Resources,NA,0,0,0,0,1,6,0,0,9,37.955,0.0,19.82,6.05,1.008,0,0,0
S02365,2026-09-13 07:10:00,mhaingura,Customer Service,NA,0,0,0,0,1,1,0,0,14,3.821,0.0,6.06,22.13,4.638,0,0,0
S02366,2026-09-07 22:51:00,nambala,Loans,NA,0,0,0,0,1,1,0,0,5,13.687,4.534,18.37,9.06,2.067,0,0,0
S02367,2026-09-12 08:38:00,kndjavera,Compliance,NA,0,0,0,0,1,5,0,0,11,12.932,4.93,7.19,28.16,1.557,0,0,0
S02368,2026-09-07 22:46:00,nduminga,Customer Service,NA,0,0,0,0,1,3,0,0,14,6.203,0.0,14.96,24.2,1.787,0,0,0
S02369,2026-09-10 17:56:00,katjiuongua,Information Technology,NA,1,1,0,0,1,1,0,0,8,4.025,0.205,2.57,9.27,0.803,0,0,0
S02370,2026-09-13 21:50:00,nambala,Loans,NA,0,0,1,0,0,2,0,0,12,6.58,0.0,10.39,25.76,0.704,0,0,0
S02371,2026-09-13 21:47:00,haufiku,Information Technology,NA,0,0,0,0,1,1,0,0,12,24.98,0.752,13.55,26.96,1.517,0,0,0
S02372,2026-09-13 01:50:00,katjiuongua,Information Technology,NA,0,0,0,0,1,1,0,0,14,16.977,0.0,4.31,35.25,1.628,0,0,0
S02373,2026-09-09 16:43:00,sihuhua,Customer Service,NA,0,0,0,0,1,3,1,0,22,5.607,0.0,16.24,11.92,0.27,0,1,0
S02374,2026-09-07 23:10:00,tshivute,Finance,ZA,0,0,1,2,1,3,0,0,11,5.789,2.329,7.56,15.51,0.759,0,0,0
S02375,2026-09-12 11:31:00,hamukwaya,Treasury,NA,0,0,1,1,1,5,0,0,14,3.444,0.785,13.34,12.83,0.492,0,0,0
S02376,2026-09-11 11:32:00,nambala,Loans,NA,0,0,0,0,1,8,0,1,8,13.525,0.0,8.03,19.68,2.683,0,0,0
S02377,2026-09-14 01:07:00,tkamati,Customer Service,NA,0,0,0,0,1,6,0,0,19,3.633,0.0,11.24,12.67,3.365,0,0,0
S02378,2026-09-08 12:53:00,haufiku,Information Technology,ZA,0,0,0,0,1,6,1,1,5,11.182,2.995,0.8,9.48,2.375,0,0,0
S02379,2026-09-09 03:16:00,nambala,Loans,NA,0,0,3,1,1,4,1,0,10,4.028,0.051,22.74,12.0,0.886,0,1,1
S02380,2026-09-09 13:03:00,nghifindaka,Information Technology,BW,0,0,3,0,1,1,0,0,11,6.097,2.002,10.22,0.32,1.875,0,0,0
S02381,2026-09-12 06:34:00,shapaka,Executive,NA,0,1,0,0,1,6,2,1,17,8.992,0.0,19.68,11.44,1.134,0,1,1
S02382,2026-09-08 01:29:00,sankwasa,Procurement,NA,0,0,2,0,1,2,0,0,10,13.449,0.0,30.32,8.62,2.497,0,0,0
S02383,2026-09-07 11:06:00,ntinda,Marketing,NA,0,0,1,1,1,4,1,0,21,9.318,1.106,27.84,6.95,0.535,0,0,0
S02384,2026-09-13 05:49:00,kndjavera,Compliance,NA,0,0,0,0,1,6,2,0,22,6.675,1.818,17.42,4.32,0.53,0,0,0
S02385,2026-09-13 07:40:00,tjirera,Internal Audit,NA,0,0,1,1,1,3,1,2,15,11.748,0.0,11.5,17.65,0.637,0,0,0
S02386,2026-09-07 11:45:00,hamukwaya,Treasury,NA,0,0,0,1,1,3,0,0,12,2.301,0.261,13.0,6.59,0.056,0,0,0
S02387,2026-09-12 09:29:00,nghifindaka,Information Technology,NA,0,0,2,1,1,5,1,0,14,6.384,0.0,12.62,5.19,2.497,0,0,0
S02388,2026-09-07 11:07:00,sihuhua,Customer Service,NA,0,0,0,0,1,3,2,0,15,2.738,0.0,20.55,26.61,2.681,0,0,0
S02389,2026-09-13 17:27:00,ndjaba,Customer Service,NA,0,0,0,0,1,5,0,0,16,6.156,0.0,30.24,22.97,2.723,0,0,0
S02390,2026-09-08 08:17:00,kndjavera,Compliance,NA,0,0,0,0,1,7,3,2,29,5.991,0.0,21.91,7.44,2.057,0,0,0
S02391,2026-09-10 16:44:00,nambala,Loans,NA,0,0,1,0,1,3,0,0,7,21.65,0.117,6.62,12.76,0.528,0,0,0
S02392,2026-09-13 23:45:00,amupanda,Compliance,NA,0,1,1,1,1,3,0,0,9,11.266,0.0,25.7,15.14,6.115,0,0,1
S02393,2026-09-13 16:08:00,tshivute,Finance,NA,1,0,1,0,1,6,0,0,11,35.172,5.056,18.14,1.36,2.384,0,0,0
S02394,2026-09-07 12:40:00,shapaka,Executive,NA,0,0,1,0,1,5,0,0,17,6.799,1.15,38.54,25.38,2.206,0,0,0
S02395,2026-09-12 10:32:00,nnakale,Customer Service,NA,0,0,0,0,0,5,0,0,13,6.901,0.0,29.48,39.55,1.507,0,0,0
S02396,2026-09-14 00:39:00,ntinda,Marketing,NA,0,0,0,0,0,1,0,0,13,8.711,0.646,16.05,2.87,0.365,0,0,0
S02397,2026-09-11 08:32:00,mukwambi,Human Resources,NA,0,1,0,0,1,4,1,0,17,10.91,0.0,9.68,31.7,1.652,0,0,0
S02398,2026-09-11 17:29:00,jkavari,Finance,NA,0,0,0,0,1,2,0,0,17,18.712,0.0,23.92,3.0,4.267,0,0,0
S02399,2026-09-10 16:09:00,kndjavera,Compliance,NA,0,0,0,0,1,4,1,0,13,9.718,7.922,24.81,0.14,1.931,0,0,0
S02400,2026-09-11 20:15:00,nduminga,Customer Service,NA,0,0,0,0,1,8,1,1,23,35.486,0.0,7.5,12.24,2.391,0,1,0
S02401,2026-09-10 21:19:00,nnakale,Customer Service,ZA,0,0,0,0,1,5,1,1,19,16.253,2.011,19.2,6.14,2.385,0,0,0
S02402,2026-09-14 01:44:00,ndjaba,Customer Service,NA,0,0,0,0,1,4,0,0,11,18.857,0.198,8.33,14.04,0.983,0,0,0
S02403,2026-09-08 08:01:00,mukwambi,Human Resources,NA,0,0,1,0,1,2,0,0,18,8.543,1.004,5.82,19.16,1.486,0,0,0
S02404,2026-09-09 06:29:00,mbandeka,Legal,NA,0,0,0,0,1,4,1,0,17,3.841,0.417,20.64,30.53,1.861,0,0,0
S02405,2026-09-09 11:19:00,mbandeka,Legal,NA,0,0,0,0,1,2,0,0,12,36.508,0.237,12.15,25.53,3.468,0,0,0
S02406,2026-09-11 01:08:00,katjiuongua,Information Technology,NA,0,0,2,0,1,3,2,2,24,12.919,7.687,2.22,15.38,1.681,0,0,0
S02407,2026-09-08 08:36:00,tjirera,Internal Audit,NA,0,1,0,0,1,2,0,0,8,2.949,0.0,19.59,28.29,0.173,0,0,0
S02408,2026-09-08 02:00:00,nnakale,Customer Service,NA,0,0,2,1,1,2,0,0,9,29.539,0.0,6.37,20.39,2.058,0,0,1
S02409,2026-09-11 14:43:00,nambala,Loans,NA,0,0,1,2,1,3,0,0,11,0.856,0.0,26.37,7.35,1.815,0,0,0
S02410,2026-09-12 16:39:00,ndjaba,Customer Service,NA,1,0,0,0,1,6,0,0,11,12.167,2.71,7.75,7.84,0.842,0,0,0
S02411,2026-09-07 21:48:00,kndjavera,Compliance,NA,0,0,1,1,1,4,1,2,24,16.298,0.0,33.48,26.18,1.722,0,0,1
S02412,2026-09-11 04:31:00,pnakale,Human Resources,NA,0,0,0,0,1,2,1,0,12,2.598,0.0,18.86,34.3,0.306,0,0,0
S02413,2026-09-07 23:59:00,amupanda,Compliance,NA,0,0,1,2,1,3,0,0,15,8.745,2.281,25.38,3.38,4.961,0,0,1
S02414,2026-09-08 23:27:00,nnakale,Customer Service,BW,1,0,0,0,1,5,1,0,15,54.188,0.0,8.26,19.2,1.511,0,1,1
S02415,2026-09-12 11:18:00,tkamati,Customer Service,NA,0,0,1,0,1,3,0,0,20,5.603,1.253,41.9,7.88,1.445,0,0,0
S02416,2026-09-13 06:50:00,mukwambi,Human Resources,NA,0,1,0,0,1,1,0,0,9,14.472,0.0,26.49,2.4,0.701,0,0,0
S02417,2026-09-13 08:13:00,ndjaba,Customer Service,NA,1,0,2,0,1,3,0,0,12,5.125,0.0,2.64,10.52,3.25,0,0,1
S02418,2026-09-09 19:23:00,katjiuongua,Information Technology,NA,0,0,0,2,1,3,0,0,11,5.158,0.0,5.43,9.18,0.307,0,0,0
S02419,2026-09-10 04:38:00,mukwambi,Human Resources,NA,1,0,0,0,1,2,0,0,9,4.192,0.0,2.65,5.4,0.973,0,0,0
S02420,2026-09-12 17:26:00,shapaka,Executive,NA,0,0,1,0,1,4,0,0,13,6.2,0.0,19.5,14.51,2.948,0,0,0
S02421,2026-09-07 10:03:00,tkamati,Customer Service,NA,0,0,2,0,0,3,0,0,10,4.278,0.074,19.83,33.94,1.056,0,0,0
S02422,2026-09-10 04:35:00,ntinda,Marketing,NA,0,0,0,1,1,4,0,0,13,5.735,0.697,15.64,16.43,1.529,0,0,0
S02423,2026-09-13 10:43:00,nnakale,Customer Service,NA,0,0,1,0,1,8,0,0,5,4.156,0.0,26.19,16.35,1.333,0,0,0
S02424,2026-09-11 06:11:00,tshivute,Finance,NA,0,0,1,0,1,4,0,1,21,21.791,2.794,17.38,8.31,2.331,0,0,0
S02425,2026-09-12 19:34:00,mukwambi,Human Resources,NA,0,0,0,0,1,5,0,0,10,35.957,1.466,40.45,23.22,0.46,0,0,1
S02426,2026-09-10 18:57:00,haufiku,Information Technology,NA,0,0,0,0,1,1,1,0,27,15.543,2.856,23.67,16.54,0.899,0,0,0
S02427,2026-09-13 16:36:00,mhaingura,Customer Service,NA,0,0,0,0,1,1,0,0,15,11.875,3.994,14.99,1.42,0.326,0,0,0
S02428,2026-09-09 18:46:00,pnakale,Human Resources,NA,0,1,0,0,1,1,0,0,11,15.097,0.0,39.27,15.89,3.715,0,0,1
S02429,2026-09-10 14:45:00,sihuhua,Customer Service,NA,0,0,1,1,1,4,0,0,11,6.011,5.114,34.03,12.23,2.141,0,0,0
S02430,2026-09-07 11:17:00,tkamati,Customer Service,NA,0,0,2,1,1,1,0,0,10,11.975,0.227,42.51,16.89,0.23,0,0,0
S02431,2026-09-12 16:01:00,mhaingura,Customer Service,ZA,0,0,1,0,1,4,1,0,18,3.554,4.846,5.76,10.45,0.979,0,0,0
S02432,2026-09-10 00:56:00,katjiuongua,Information Technology,NA,0,0,0,0,1,1,0,0,9,2.56,0.618,28.8,22.71,0.692,0,0,0
S02433,2026-09-07 14:03:00,shilongo,Loans,NA,0,0,1,0,1,2,0,0,19,22.133,1.236,2.57,5.86,2.482,0,0,0
S02434,2026-09-08 19:05:00,haufiku,Information Technology,NA,0,0,0,0,0,2,0,0,14,5.002,0.0,6.63,2.85,2.819,0,0,0
S02435,2026-09-07 19:42:00,tkamati,Customer Service,NA,0,0,0,0,1,3,1,0,22,3.332,0.732,29.66,2.17,0.318,0,0,0
S02436,2026-09-09 19:37:00,sihuhua,Customer Service,NA,0,0,0,2,1,2,0,1,11,3.411,0.0,4.46,8.48,0.229,0,0,0
S02437,2026-09-11 23:56:00,hamukwaya,Treasury,NA,0,0,0,0,1,8,0,0,9,7.245,0.0,18.13,18.56,1.471,0,0,0
S02438,2026-09-11 13:49:00,kndjavera,Compliance,NA,0,0,1,0,1,2,1,1,12,7.137,0.053,10.92,27.59,7.801,0,0,1
S02439,2026-09-08 15:40:00,nambala,Loans,NA,0,0,1,0,1,2,0,0,15,2.42,0.877,11.72,9.87,0.657,0,0,0
S02440,2026-09-07 05:43:00,nduminga,Customer Service,NA,0,1,0,0,1,3,0,0,21,8.724,0.0,1.34,36.41,0.189,0,0,0
S02441,2026-09-07 20:31:00,mbandeka,Legal,NA,0,0,0,0,1,4,2,0,20,8.803,0.0,28.67,0.32,1.379,0,0,0
S02442,2026-09-12 22:30:00,tshivute,Finance,ZA,1,0,2,0,1,3,1,1,17,29.976,0.0,7.37,5.51,0.228,0,0,0
S02443,2026-09-14 03:03:00,sihuhua,Customer Service,NA,0,1,0,0,1,5,0,0,4,28.843,1.347,12.48,7.16,1.464,0,0,0
S02444,2026-09-07 16:00:00,shapaka,Executive,ZA,0,0,2,1,1,3,1,0,15,4.671,0.0,18.16,23.01,1.6,0,0,0
S02445,2026-09-09 22:10:00,sihuhua,Customer Service,BW,0,0,0,0,1,4,0,1,10,19.325,0.0,17.39,12.71,2.006,0,0,0
S02446,2026-09-10 13:07:00,sankwasa,Procurement,ZA,0,1,0,0,1,1,0,1,13,6.661,2.624,30.73,25.66,2.131,0,0,1
S02447,2026-09-09 19:52:00,ntinda,Marketing,NA,0,0,0,0,1,5,0,0,10,24.491,0.767,39.8,2.97,5.165,0,0,1
S02448,2026-09-09 20:39:00,sihuhua,Customer Service,NA,0,0,0,0,1,5,0,1,11,5.664,0.0,5.63,11.37,1.512,0,0,0
S02449,2026-09-11 09:09:00,pnakale,Human Resources,NA,0,0,1,0,1,2,0,0,15,7.691,0.0,19.09,44.62,3.55,0,0,0
S02450,2026-09-13 23:37:00,kndjavera,Compliance,NA,0,0,1,0,1,8,1,1,12,33.473,3.327,19.73,3.82,2.782,0,0,0
S02451,2026-09-07 19:41:00,ndjaba,Customer Service,NA,0,0,0,1,1,2,0,0,19,29.326,0.0,58.71,8.09,1.647,0,0,0
S02452,2026-09-10 19:44:00,pnakale,Human Resources,NA,0,0,0,0,1,5,0,0,13,2.95,3.296,21.16,14.95,0.715,0,0,0
S02453,2026-09-11 17:58:00,sankwasa,Procurement,NA,0,0,0,0,1,2,0,0,14,28.986,0.0,5.11,13.08,0.94,0,0,0
S02454,2026-09-14 06:22:00,nghifindaka,Information Technology,NA,0,0,0,0,1,6,2,0,14,20.206,0.408,11.53,17.57,1.202,0,0,0
S02455,2026-09-14 01:12:00,nambala,Loans,NA,0,0,0,0,1,3,0,0,12,4.759,0.0,1.44,14.19,0.582,0,0,0
S02456,2026-09-11 15:24:00,pnakale,Human Resources,NA,0,0,2,0,1,2,0,0,10,4.868,1.778,19.18,3.56,1.616,0,0,0
S02457,2026-09-08 22:42:00,haufiku,Information Technology,NA,0,0,1,1,1,3,1,0,20,3.83,0.0,10.98,0.51,4.178,0,0,0
S02458,2026-09-09 00:41:00,sihuhua,Customer Service,NA,0,0,0,0,1,2,0,0,15,2.323,0.546,51.49,8.25,1.235,0,0,1
S02459,2026-09-12 08:40:00,katjiuongua,Information Technology,NA,0,0,0,0,1,1,0,0,15,8.136,0.0,20.09,30.81,0.123,0,0,0
S02460,2026-09-13 18:39:00,ntinda,Marketing,NA,0,0,0,0,1,4,1,0,15,6.097,0.001,23.81,5.9,1.362,0,1,0
S02461,2026-09-09 18:13:00,shilongo,Loans,NA,0,0,1,0,1,2,0,0,11,2.39,4.681,16.0,9.21,1.477,0,0,0
S02462,2026-09-07 02:40:00,sankwasa,Procurement,NA,0,0,2,0,1,1,0,0,9,16.462,1.993,5.09,20.57,0.165,0,0,0
S02463,2026-09-09 21:41:00,hamukwaya,Treasury,NA,0,0,0,0,1,2,0,0,20,10.914,1.189,35.09,24.97,0.556,0,0,0
S02464,2026-09-08 21:49:00,kndjavera,Compliance,BW,1,0,2,1,1,1,0,0,9,32.103,0.0,9.84,40.37,2.665,0,0,1
S02465,2026-09-13 05:26:00,nghifindaka,Information Technology,NA,0,0,4,0,1,3,2,0,13,31.435,0.423,9.9,5.7,0.292,0,0,0
S02466,2026-09-07 21:36:00,mhaingura,Customer Service,NA,0,1,0,0,1,4,0,0,9,7.902,0.0,8.93,7.45,2.558,0,0,0
S02467,2026-09-09 04:17:00,mukwambi,Human Resources,NA,0,1,0,1,1,3,1,0,13,5.416,1.237,7.86,36.8,0.671,0,0,0
S02468,2026-09-09 21:18:00,amupanda,Compliance,NA,0,0,1,0,1,3,0,0,11,5.74,0.394,26.49,39.65,3.015,0,0,0
S02469,2026-09-11 03:16:00,haufiku,Information Technology,ZA,1,0,0,0,1,2,1,1,15,22.43,0.0,18.73,12.33,2.401,0,0,1
S02470,2026-09-07 04:29:00,mbandeka,Legal,NA,0,0,0,0,1,2,0,0,6,5.643,0.0,40.09,5.86,0.476,0,0,0
S02471,2026-09-07 15:50:00,jkavari,Finance,NA,0,0,1,0,1,4,0,0,13,3.225,0.0,16.88,4.67,1.317,0,0,0
S02472,2026-09-07 23:09:00,jkavari,Finance,NA,0,0,1,0,1,1,0,0,7,9.089,0.153,31.37,3.3,1.642,0,0,0
S02473,2026-09-13 14:01:00,jkavari,Finance,NA,0,0,0,0,1,3,0,0,8,7.696,0.0,5.65,35.11,0.718,0,0,0
S02474,2026-09-10 15:02:00,tshivute,Finance,NA,0,0,0,0,1,5,1,1,10,4.822,1.897,5.66,2.39,3.141,0,0,0
S02475,2026-09-09 05:25:00,mukwambi,Human Resources,NA,0,0,0,0,1,2,0,0,9,8.283,1.79,34.82,9.66,2.02,0,0,0
S02476,2026-09-13 16:27:00,shilongo,Loans,NA,0,0,1,0,1,4,0,0,16,11.386,0.651,16.56,4.37,1.09,0,0,0
S02477,2026-09-12 10:29:00,nnakale,Customer Service,NA,0,0,1,0,1,4,0,0,12,1.931,0.0,35.92,26.58,3.84,0,0,0
S02478,2026-09-11 09:54:00,tjirera,Internal Audit,NA,0,0,1,0,1,2,0,0,15,1.072,0.0,27.45,12.74,0.502,0,0,0
S02479,2026-09-08 19:04:00,nambala,Loans,NA,0,0,0,0,1,4,1,0,15,7.114,0.272,12.65,5.62,1.018,0,0,0
S02480,2026-09-08 13:16:00,mbandeka,Legal,NA,0,0,0,0,1,2,0,0,11,5.246,0.0,30.42,17.97,0.312,0,0,0
S02481,2026-09-07 14:24:00,sihuhua,Customer Service,NA,0,0,0,0,1,9,1,1,21,2.101,0.62,16.68,21.07,1.573,0,0,0
S02482,2026-09-10 13:23:00,ndjaba,Customer Service,NA,0,0,0,0,1,8,0,0,13,11.587,1.146,9.9,26.41,3.044,0,0,0
S02483,2026-09-10 05:26:00,hamukwaya,Treasury,NA,0,0,0,0,1,5,2,1,16,15.046,0.0,12.67,10.59,1.453,0,0,0
S02484,2026-09-13 16:21:00,katjiuongua,Information Technology,NA,1,0,0,0,1,3,0,0,8,2.921,0.689,12.66,15.59,1.084,0,0,0
S02485,2026-09-10 06:21:00,nduminga,Customer Service,NA,0,0,0,0,1,5,1,0,7,17.592,0.0,22.22,11.13,5.364,0,1,1
S02486,2026-09-11 22:17:00,shilongo,Loans,NA,0,0,1,1,1,2,0,0,16,4.78,1.731,6.44,24.55,2.228,0,0,0
S02487,2026-09-13 11:17:00,tkamati,Customer Service,NA,0,0,0,1,1,3,0,0,12,6.54,0.682,26.08,3.27,4.16,0,0,0
S02488,2026-09-12 19:58:00,katjiuongua,Information Technology,NA,0,0,1,0,1,4,2,2,19,12.826,0.0,42.02,6.64,1.595,0,0,0
S02489,2026-09-13 14:44:00,shilongo,Loans,NA,0,0,1,1,1,2,0,0,16,8.799,0.0,7.67,26.11,1.159,0,0,0
S02490,2026-09-07 00:14:00,hamukwaya,Treasury,NA,0,0,0,0,1,3,0,0,19,6.497,0.073,2.87,14.47,0.301,0,0,0
S02491,2026-09-08 04:07:00,tjirera,Internal Audit,NA,0,0,1,1,1,2,0,2,17,20.72,0.0,3.58,48.56,0.59,0,0,0
S02492,2026-09-08 11:10:00,shapaka,Executive,NA,0,0,0,0,0,5,0,0,11,2.549,0.0,14.71,21.07,0.718,0,0,0
S02493,2026-09-08 07:37:00,mukwambi,Human Resources,NA,0,0,0,0,1,6,1,2,19,3.849,0.0,4.57,5.02,0.178,0,0,0
S02494,2026-09-12 12:34:00,murorua,Risk,NA,0,0,0,1,1,5,0,0,16,3.798,0.06,11.38,48.47,0.299,0,0,0
S02495,2026-09-07 14:36:00,tjirera,Internal Audit,NA,0,0,0,0,1,2,0,0,21,3.558,0.0,25.39,10.5,5.746,0,0,0
S02496,2026-09-14 02:15:00,tshivute,Finance,NA,0,0,0,0,1,2,0,0,9,5.918,0.593,36.7,26.57,0.555,0,0,0
S02497,2026-09-08 09:53:00,nnakale,Customer Service,NA,0,0,1,0,1,1,0,0,15,7.526,0.0,20.74,8.11,5.962,0,0,1
S02498,2026-09-07 01:03:00,ndjaba,Customer Service,NA,0,0,0,0,1,2,0,0,14,10.803,0.889,8.75,8.16,3.292,0,0,0
S02499,2026-09-13 23:31:00,mhaingura,Customer Service,NA,0,1,0,0,1,2,0,0,11,16.828,0.717,7.82,12.38,3.356,0,0,0
S02500,2026-09-12 10:24:00,mukwambi,Human Resources,NA,0,0,2,1,1,3,0,0,14,4.286,0.0,19.69,10.1,3.925,0,0,0
S02501,2026-09-11 03:59:00,nambala,Loans,BW,0,0,2,1,0,3,0,0,14,5.897,0.0,13.67,15.55,0.999,0,0,0
S02502,2026-09-09 19:52:00,kndjavera,Compliance,NA,0,0,0,0,1,1,0,0,18,10.145,0.0,19.84,48.42,1.242,0,0,0
S02503,2026-09-12 11:33:00,sankwasa,Procurement,NA,0,0,0,0,1,8,1,0,13,31.758,0.402,3.85,11.62,1.344,0,1,0
S02504,2026-09-07 04:13:00,murorua,Risk,NA,0,0,0,1,1,6,1,0,16,7.503,3.413,10.84,4.94,5.507,0,0,1
S02505,2026-09-11 15:28:00,katjiuongua,Information Technology,NA,0,0,0,0,1,2,0,0,9,8.703,0.246,28.4,8.52,0.885,0,0,0
S02506,2026-09-13 01:14:00,nghifindaka,Information Technology,NA,0,0,0,0,1,2,1,0,15,5.102,0.992,43.8,2.37,1.063,0,0,0
S02507,2026-09-10 17:05:00,shilongo,Loans,ZA,0,0,1,0,1,1,0,0,4,1.145,0.0,5.52,15.94,0.637,0,0,0
S02508,2026-09-13 20:35:00,amupanda,Compliance,NA,0,0,0,0,0,4,1,0,16,28.831,0.0,8.01,7.28,3.521,0,0,0
S02509,2026-09-13 10:23:00,haufiku,Information Technology,NA,0,0,0,1,1,3,0,0,15,9.778,0.0,36.13,25.3,7.278,0,0,1
S02510,2026-09-09 09:48:00,mbandeka,Legal,NA,0,0,0,0,1,2,0,0,8,9.888,3.804,43.22,22.95,1.098,0,0,0
S02511,2026-09-09 17:01:00,jkavari,Finance,ZA,0,0,3,1,1,3,0,0,10,4.581,0.414,21.8,0.97,1.761,0,0,0
S02512,2026-09-12 01:36:00,katjiuongua,Information Technology,BW,1,0,0,0,1,3,1,1,15,1.963,0.212,59.43,15.54,0.96,0,0,1
S02513,2026-09-11 10:44:00,shilongo,Loans,NA,1,0,0,0,1,6,1,0,12,6.912,0.0,11.74,7.34,1.402,0,0,0
S02514,2026-09-09 05:07:00,pnakale,Human Resources,NA,0,0,0,0,1,3,1,1,21,21.404,0.617,18.78,11.06,3.195,0,0,0
S02515,2026-09-11 20:35:00,tshivute,Finance,ZA,0,0,3,0,1,5,0,0,8,2.853,0.245,13.24,1.53,2.852,0,0,0
S02516,2026-09-09 23:58:00,ntinda,Marketing,NA,0,0,1,0,1,3,0,0,13,9.484,4.132,3.55,10.87,5.204,0,0,0
S02517,2026-09-10 19:56:00,tkamati,Customer Service,NA,0,0,0,0,1,2,0,0,18,5.009,0.0,16.41,3.82,0.639,0,0,0
S02518,2026-09-11 03:32:00,nduminga,Customer Service,NA,0,0,1,0,0,6,1,2,11,29.841,0.263,38.13,6.76,0.602,0,0,0
S02519,2026-09-14 05:11:00,ndjaba,Customer Service,NA,0,0,1,0,1,4,0,0,16,2.645,1.014,28.99,45.14,3.037,0,0,0
S02520,2026-09-08 15:43:00,shapaka,Executive,NA,0,0,1,1,1,4,0,0,14,3.001,0.764,18.52,3.53,1.027,0,0,0
S02521,2026-09-10 16:56:00,ndjaba,Customer Service,NA,0,1,0,0,1,3,0,0,13,21.776,0.0,6.25,26.86,0.532,0,0,0
S02522,2026-09-07 12:56:00,ntinda,Marketing,NA,0,0,0,1,1,3,2,3,18,16.743,0.067,18.86,9.07,0.682,0,1,1
S02523,2026-09-12 14:02:00,tkamati,Customer Service,NA,0,0,0,0,1,1,1,0,16,7.894,1.631,5.67,21.52,2.51,0,1,1
S02524,2026-09-12 17:40:00,kndjavera,Compliance,BW,0,0,2,3,1,5,2,0,20,3.777,0.448,37.6,22.09,1.255,1,0,1
S02525,2026-09-12 12:22:00,shilongo,Loans,NA,0,0,0,0,1,2,0,1,10,11.317,0.194,36.61,21.7,4.124,0,0,1
S02526,2026-09-12 13:03:00,nnakale,Customer Service,NA,0,0,0,0,1,3,0,0,12,1.533,0.0,24.65,10.78,1.129,0,0,0
S02527,2026-09-08 11:54:00,kndjavera,Compliance,NA,0,0,1,0,1,5,0,0,14,4.192,0.0,45.38,6.41,0.813,0,0,0
S02528,2026-09-13 00:39:00,pnakale,Human Resources,NA,0,0,0,0,1,4,0,2,14,7.186,0.0,45.35,10.59,0.567,0,0,0
S02529,2026-09-14 05:29:00,hamukwaya,Treasury,NA,0,0,0,0,1,1,0,1,18,15.244,0.0,23.37,33.89,0.761,0,0,0
S02530,2026-09-08 22:44:00,ndjaba,Customer Service,NA,0,0,0,0,1,2,0,0,10,4.513,0.0,7.85,20.72,1.068,0,0,0
S02531,2026-09-12 20:55:00,sankwasa,Procurement,NA,0,0,0,0,1,6,0,0,11,11.85,0.0,11.94,49.07,0.506,0,0,0
S02532,2026-09-10 00:14:00,mbandeka,Legal,NA,0,0,2,2,1,4,1,0,13,5.233,0.564,5.03,1.72,1.519,0,0,0
S02533,2026-09-07 07:09:00,mukwambi,Human Resources,NA,0,0,1,0,1,5,0,0,7,13.284,0.0,2.78,10.05,0.672,0,0,0
S02534,2026-09-08 19:43:00,amupanda,Compliance,NA,0,0,3,0,1,2,1,1,12,3.254,0.0,16.11,4.38,6.906,0,0,1
S02535,2026-09-13 20:09:00,tkamati,Customer Service,NA,0,1,0,0,1,2,0,0,9,7.007,2.376,2.4,14.62,4.469,0,0,1
S02536,2026-09-08 06:54:00,mbandeka,Legal,NA,0,0,0,1,1,1,0,0,9,2.885,0.162,25.68,18.4,1.47,0,0,0
S02537,2026-09-08 02:13:00,ntinda,Marketing,NA,0,0,1,0,1,1,0,0,10,18.218,0.302,8.8,8.23,0.339,0,0,0
S02538,2026-09-12 12:02:00,sihuhua,Customer Service,NA,0,0,1,0,1,1,1,0,24,8.131,0.0,6.43,4.36,0.853,0,1,0
S02539,2026-09-08 23:21:00,ndjaba,Customer Service,NA,0,1,0,1,0,5,1,0,10,8.248,0.427,10.17,30.56,1.768,0,0,1
S02540,2026-09-11 13:08:00,ndjaba,Customer Service,NA,0,1,1,0,1,5,1,0,11,2.39,0.725,13.03,15.26,1.167,0,0,0
S02541,2026-09-09 06:14:00,shilongo,Loans,NA,0,0,0,0,1,1,0,0,12,11.093,9.241,6.96,7.02,2.588,0,0,0
S02542,2026-09-14 01:52:00,katjiuongua,Information Technology,NA,0,0,0,0,1,5,0,0,14,50.002,1.08,7.49,13.46,0.36,0,0,0
S02543,2026-09-07 17:31:00,hamukwaya,Treasury,NA,1,0,1,0,1,2,0,0,9,113.207,2.118,0.74,1.05,0.924,0,0,1
S02544,2026-09-11 09:27:00,nghifindaka,Information Technology,NA,0,0,1,0,1,6,2,1,19,7.174,0.873,12.04,18.93,2.81,0,0,0
S02545,2026-09-10 12:26:00,tshivute,Finance,NA,0,0,1,0,1,4,1,0,17,4.624,0.0,10.56,8.83,0.694,0,0,0
S02546,2026-09-09 05:44:00,nduminga,Customer Service,NA,0,0,1,0,1,3,0,0,7,6.057,0.0,13.08,24.2,0.823,0,0,0
S02547,2026-09-11 21:28:00,haufiku,Information Technology,NA,0,0,0,0,1,6,2,0,24,4.929,1.025,24.15,11.99,0.908,0,0,0
S02548,2026-09-13 16:16:00,ndjaba,Customer Service,NA,0,0,0,0,1,6,1,0,25,101.738,1.724,12.22,6.34,2.393,0,0,0
S02549,2026-09-12 13:25:00,mbandeka,Legal,NA,0,0,2,1,1,1,0,1,12,5.006,0.0,7.62,44.16,3.911,0,0,0
S02550,2026-09-10 01:10:00,sihuhua,Customer Service,NA,0,0,0,1,1,7,1,0,8,3.335,1.27,23.87,28.58,0.627,0,0,0
S02551,2026-09-13 00:33:00,sihuhua,Customer Service,NA,0,0,1,0,1,2,0,0,7,6.49,0.246,3.2,15.47,1.664,0,0,0
S02552,2026-09-07 23:34:00,tshivute,Finance,NA,0,0,2,0,0,2,0,0,15,36.048,2.144,17.61,22.87,3.623,0,0,0
S02553,2026-09-13 16:11:00,nghifindaka,Information Technology,NA,0,1,1,1,1,5,2,1,11,12.925,0.226,41.18,13.0,1.428,0,0,1
S02554,2026-09-09 12:42:00,sihuhua,Customer Service,NA,0,0,0,0,1,3,0,0,11,7.988,2.766,30.9,13.65,0.704,0,0,0
S02555,2026-09-07 00:48:00,nnakale,Customer Service,NA,0,0,0,0,1,6,0,0,10,11.698,1.201,25.07,5.21,1.269,0,0,0
S02556,2026-09-11 10:21:00,hamukwaya,Treasury,NA,0,0,0,0,1,2,0,0,16,2.507,2.377,22.38,4.27,0.511,0,0,0
S02557,2026-09-09 10:50:00,nnakale,Customer Service,NA,0,1,0,0,1,4,0,0,12,9.739,0.081,13.59,23.24,1.212,0,0,0
S02558,2026-09-09 00:39:00,nambala,Loans,NA,0,0,1,0,1,1,0,0,12,7.838,0.194,5.33,36.19,1.194,0,0,0
S02559,2026-09-08 17:44:00,ndjaba,Customer Service,NA,0,0,1,0,1,2,0,1,8,4.929,0.709,32.85,26.25,1.035,0,0,0
S02560,2026-09-12 08:45:00,pnakale,Human Resources,NA,0,0,2,1,1,2,0,0,16,8.933,4.12,36.25,1.64,0.733,0,0,0
S02561,2026-09-10 13:03:00,sihuhua,Customer Service,NA,0,1,0,0,1,5,1,1,14,47.201,0.13,3.72,9.77,0.749,0,0,0
S02562,2026-09-11 02:45:00,mbandeka,Legal,NA,0,0,1,1,1,3,0,0,9,28.666,1.52,2.31,20.28,1.677,0,0,0
S02563,2026-09-08 08:26:00,hamukwaya,Treasury,NA,0,0,1,0,1,2,0,0,8,9.284,0.0,23.19,3.78,0.627,0,0,0
S02564,2026-09-09 13:46:00,shilongo,Loans,NA,1,0,2,2,1,2,0,0,9,10.595,3.0,4.48,7.02,4.471,0,0,1
S02565,2026-09-07 20:28:00,pnakale,Human Resources,NA,0,0,1,0,1,3,1,0,12,11.123,1.016,19.05,34.6,0.608,0,0,0
S02566,2026-09-13 13:22:00,nambala,Loans,NA,0,0,1,0,1,4,0,1,15,5.173,0.0,0.44,24.43,2.37,0,0,0
S02567,2026-09-09 16:20:00,jkavari,Finance,NA,0,0,0,0,0,2,1,1,16,7.018,0.105,40.95,9.59,2.318,0,0,0
S02568,2026-09-10 20:28:00,ntinda,Marketing,NA,0,0,0,0,1,2,0,0,10,1.147,2.08,5.07,3.34,0.546,0,0,0
S02569,2026-09-08 05:55:00,murorua,Risk,NA,0,0,0,0,1,1,0,0,8,2.914,0.198,16.77,13.89,0.538,0,0,0
S02570,2026-09-13 03:23:00,murorua,Risk,NA,0,0,0,0,1,3,1,0,17,1.694,0.309,7.78,2.98,3.454,0,0,0
S02571,2026-09-11 22:17:00,sihuhua,Customer Service,NA,0,0,0,0,1,4,0,0,15,9.582,0.849,5.65,3.47,3.524,0,0,0
S02572,2026-09-11 06:36:00,kndjavera,Compliance,NA,0,0,0,2,1,2,2,1,15,33.667,1.292,8.42,13.38,2.382,0,0,0
S02573,2026-09-08 10:26:00,mukwambi,Human Resources,NA,0,0,0,0,1,6,0,0,12,2.903,0.0,47.78,7.33,2.773,0,0,0
S02574,2026-09-11 23:36:00,haufiku,Information Technology,NA,0,1,0,0,1,3,1,0,13,2.971,3.178,6.36,32.15,2.161,0,0,0
S02575,2026-09-10 21:13:00,tjirera,Internal Audit,NA,0,0,0,0,1,3,1,0,17,3.673,1.977,12.35,12.06,1.163,0,0,1
S02576,2026-09-10 18:58:00,sankwasa,Procurement,NA,0,0,0,0,0,1,0,0,15,16.274,1.471,14.95,24.05,4.518,0,0,0
S02577,2026-09-12 00:52:00,hamukwaya,Treasury,NA,0,0,1,2,1,2,1,0,18,12.129,0.48,26.83,16.81,0.971,0,0,1
S02578,2026-09-09 09:03:00,amupanda,Compliance,NA,0,1,0,0,1,2,0,0,19,6.372,0.0,9.02,6.43,0.187,0,0,0
S02579,2026-09-12 08:27:00,shapaka,Executive,NA,0,0,0,1,1,2,0,0,15,10.142,0.0,16.14,20.92,1.652,0,0,0
S02580,2026-09-13 15:13:00,mhaingura,Customer Service,NA,0,0,0,0,1,3,0,0,9,7.183,0.362,3.1,8.04,1.259,0,0,0
S02581,2026-09-13 08:42:00,nambala,Loans,ZA,0,1,1,0,1,2,0,0,10,3.231,0.0,11.18,24.05,2.154,0,0,0
S02582,2026-09-11 03:44:00,nduminga,Customer Service,NA,0,1,1,0,1,3,0,0,10,7.287,2.204,5.63,5.59,1.704,0,0,0
S02583,2026-09-09 08:20:00,sihuhua,Customer Service,NA,0,0,0,0,1,2,0,0,16,1.602,0.0,18.46,28.12,3.543,0,0,0
S02584,2026-09-11 09:06:00,nnakale,Customer Service,NA,0,0,1,0,1,1,0,0,14,10.905,4.235,26.95,23.01,1.68,0,0,0
S02585,2026-09-10 20:27:00,mhaingura,Customer Service,NA,0,1,0,1,1,2,0,0,12,7.439,1.287,34.87,20.49,0.896,0,0,0
S02586,2026-09-07 17:53:00,hamukwaya,Treasury,NA,0,1,1,1,1,5,2,1,18,9.429,0.0,11.79,27.21,0.668,0,0,1
S02587,2026-09-08 17:00:00,shilongo,Loans,ZA,0,1,1,1,1,2,0,0,9,4.229,1.55,9.97,10.54,2.411,0,0,0
S02588,2026-09-13 03:17:00,mukwambi,Human Resources,NA,0,0,2,0,1,1,0,0,10,15.994,0.479,20.6,16.56,0.947,0,0,0
S02589,2026-09-10 12:46:00,sihuhua,Customer Service,ZA,0,0,2,0,1,2,0,0,15,7.838,0.891,12.69,14.13,3.824,0,0,0
S02590,2026-09-10 16:38:00,sankwasa,Procurement,NA,0,0,0,0,1,3,0,0,14,10.856,0.0,11.13,8.42,0.627,0,0,0
S02591,2026-09-07 12:14:00,haufiku,Information Technology,NA,0,0,1,0,1,2,0,0,18,16.532,0.249,6.86,2.86,5.709,0,0,1
S02592,2026-09-11 15:48:00,sihuhua,Customer Service,NA,0,0,0,1,1,3,0,0,13,22.587,0.508,15.09,0.32,0.319,0,0,0
S02593,2026-09-08 03:31:00,pnakale,Human Resources,NA,0,0,0,0,1,5,1,0,19,10.851,0.378,37.12,4.77,0.9,0,0,0
S02594,2026-09-08 20:35:00,hamukwaya,Treasury,NA,0,0,0,0,1,4,1,0,21,15.042,0.0,14.65,11.85,1.121,0,0,0
S02595,2026-09-10 01:16:00,jkavari,Finance,NA,1,0,0,1,1,3,2,1,17,5.502,0.109,32.37,22.09,1.856,0,0,1
S02596,2026-09-10 03:54:00,mbandeka,Legal,BW,1,0,0,0,1,3,0,0,11,3.061,0.008,14.05,39.15,0.163,0,0,0
S02597,2026-09-08 10:06:00,tshivute,Finance,NA,0,1,0,0,1,6,0,0,15,50.499,2.946,8.4,1.84,1.01,0,0,0
S02598,2026-09-10 15:53:00,nduminga,Customer Service,NA,0,0,0,0,1,3,0,0,7,2.39,3.565,33.46,14.32,0.889,0,0,1
S02599,2026-09-07 18:07:00,jkavari,Finance,NA,0,0,0,0,1,3,0,0,11,21.99,2.046,14.52,7.77,1.239,0,0,0
S02600,2026-09-10 06:49:00,haufiku,Information Technology,NA,0,0,1,0,1,5,0,0,13,22.271,1.982,5.94,3.57,0.059,0,0,0
S02601,2026-09-12 20:52:00,kndjavera,Compliance,NA,0,0,0,1,1,5,0,0,7,11.744,0.0,0.83,4.73,1.922,0,0,0
S02602,2026-09-12 01:00:00,jkavari,Finance,NA,0,0,1,0,1,6,0,0,13,4.198,0.19,30.54,13.4,1.565,0,0,0
S02603,2026-09-08 08:37:00,nnakale,Customer Service,NA,0,0,0,0,1,6,0,0,12,3.08,0.132,15.24,3.09,1.444,0,0,0
S02604,2026-09-10 06:15:00,katjiuongua,Information Technology,NA,0,0,0,0,1,3,1,2,15,7.164,0.156,32.21,4.88,4.887,0,0,1
S02605,2026-09-11 19:33:00,mhaingura,Customer Service,NA,0,0,1,2,1,4,0,0,9,9.391,0.0,0.37,13.07,1.78,0,0,0
S02606,2026-09-13 20:58:00,ndjaba,Customer Service,NA,0,0,1,1,1,3,1,0,13,4.568,0.216,15.26,26.6,1.249,0,0,0
S02607,2026-09-10 07:05:00,haufiku,Information Technology,NA,0,1,2,0,1,5,0,0,15,8.131,0.964,12.37,12.86,2.791,0,0,1
S02608,2026-09-12 06:43:00,nnakale,Customer Service,BW,0,0,2,0,1,5,0,0,15,7.743,0.257,9.35,2.55,1.977,0,0,0
S02609,2026-09-14 00:53:00,ntinda,Marketing,NA,0,0,0,0,1,1,0,0,14,2.741,2.598,23.19,5.33,5.205,0,0,0
S02610,2026-09-10 06:23:00,tkamati,Customer Service,ZA,0,0,2,2,1,3,0,0,12,4.05,0.0,1.71,18.56,1.706,0,0,0
S02611,2026-09-13 16:37:00,tshivute,Finance,NA,0,0,0,0,1,3,0,0,9,30.8,0.338,21.0,43.31,6.779,0,0,1
S02612,2026-09-12 15:34:00,haufiku,Information Technology,NA,0,1,0,0,1,3,2,1,20,26.553,2.973,14.34,10.39,0.278,0,0,0
S02613,2026-09-10 03:28:00,mbandeka,Legal,NA,0,0,0,0,1,3,1,2,13,12.521,0.357,31.78,16.53,0.921,0,0,0
S02614,2026-09-11 16:28:00,mhaingura,Customer Service,NA,0,0,0,0,1,2,1,1,11,3.875,2.112,11.58,18.6,0.188,0,0,0
S02615,2026-09-08 02:09:00,pnakale,Human Resources,NA,0,0,1,0,1,4,0,0,22,13.507,0.2,17.28,4.84,4.425,0,0,0
S02616,2026-09-10 21:16:00,haufiku,Information Technology,NA,0,0,0,0,0,2,0,0,15,4.47,0.575,7.59,16.58,1.843,0,0,0
S02617,2026-09-08 23:58:00,tkamati,Customer Service,ZA,0,0,3,1,1,5,0,2,13,18.447,1.766,7.83,1.2,4.008,0,0,1
S02618,2026-09-13 12:22:00,kndjavera,Compliance,NA,0,0,1,1,1,3,1,0,22,12.179,0.393,22.13,47.34,2.655,0,0,1
S02619,2026-09-10 19:18:00,nambala,Loans,NA,0,0,1,0,1,3,0,0,10,7.437,0.0,19.9,8.97,3.208,0,0,0
S02620,2026-09-09 03:58:00,mhaingura,Customer Service,NA,0,0,1,0,1,4,3,2,15,20.295,0.296,29.47,4.22,0.908,0,0,0
S02621,2026-09-10 15:41:00,pnakale,Human Resources,NA,0,0,0,0,1,4,0,0,13,10.352,0.135,4.64,25.8,0.387,0,0,0
S02622,2026-09-11 03:06:00,ndjaba,Customer Service,NA,0,0,1,0,1,3,0,0,12,1.896,14.589,41.22,13.47,0.228,0,0,0
S02623,2026-09-11 16:48:00,katjiuongua,Information Technology,NA,1,0,1,0,0,4,1,0,18,11.779,0.845,20.93,8.64,3.213,0,0,1
S02624,2026-09-07 11:44:00,murorua,Risk,NA,0,0,2,0,1,5,0,0,15,3.528,1.731,19.05,34.32,1.91,0,0,0
S02625,2026-09-08 23:34:00,ndjaba,Customer Service,NA,0,0,0,1,1,6,0,0,9,11.345,0.0,23.54,25.74,2.051,0,0,0
S02626,2026-09-08 05:27:00,nnakale,Customer Service,NA,0,0,1,1,0,5,0,0,17,7.521,0.0,3.16,20.51,2.515,0,0,0
S02627,2026-09-11 13:30:00,tkamati,Customer Service,NA,0,0,0,0,1,1,0,0,13,3.471,0.0,17.96,14.2,1.287,0,0,0
S02628,2026-09-13 08:22:00,haufiku,Information Technology,NA,0,0,1,0,1,8,1,0,9,2.308,0.0,15.63,57.3,0.637,0,0,0
S02629,2026-09-14 03:50:00,tjirera,Internal Audit,NA,0,0,1,1,1,3,1,0,14,8.167,0.411,5.33,4.85,1.862,0,0,0
S02630,2026-09-11 00:58:00,katjiuongua,Information Technology,NA,0,0,0,0,1,3,0,0,6,18.269,0.0,20.43,9.34,0.939,0,0,0
S02631,2026-09-11 04:08:00,tshivute,Finance,NA,0,0,0,0,1,3,0,0,14,3.726,1.57,6.64,2.16,1.308,0,0,0
S02632,2026-09-11 10:13:00,ndjaba,Customer Service,NA,0,0,1,0,1,4,1,0,13,5.378,0.0,7.07,43.7,0.846,0,0,0
S02633,2026-09-07 07:14:00,mhaingura,Customer Service,BW,0,0,4,1,1,5,0,0,10,10.917,0.0,7.71,10.98,1.477,0,0,0
S02634,2026-09-09 01:29:00,tkamati,Customer Service,NA,0,0,0,0,1,4,0,0,14,25.774,0.0,9.53,1.77,3.569,0,0,0
S02635,2026-09-09 23:17:00,kndjavera,Compliance,NA,0,0,1,0,1,3,0,0,10,8.446,0.479,22.01,7.23,1.017,0,0,0
S02636,2026-09-11 03:53:00,murorua,Risk,NA,0,0,1,1,1,2,0,0,11,4.597,3.905,14.25,23.15,1.102,0,0,0
S02637,2026-09-11 12:01:00,nduminga,Customer Service,NA,0,0,0,0,0,7,0,1,9,23.899,0.692,29.43,11.71,0.542,0,0,0
S02638,2026-09-12 06:33:00,pnakale,Human Resources,NA,0,0,0,0,1,4,1,0,17,12.006,1.166,7.68,1.99,1.118,0,0,0
S02639,2026-09-08 23:09:00,shilongo,Loans,ZA,0,0,2,0,1,2,0,0,10,10.63,0.0,20.72,13.5,0.83,0,0,0
S02640,2026-09-11 16:29:00,ndjaba,Customer Service,NA,0,0,2,0,0,7,0,1,14,3.599,2.739,40.24,20.28,1.417,0,0,0
S02641,2026-09-08 08:33:00,nnakale,Customer Service,NA,0,0,0,1,1,3,0,0,15,33.737,0.179,32.66,6.41,3.065,0,0,0
S02642,2026-09-10 14:49:00,mhaingura,Customer Service,ZA,0,0,0,0,1,5,1,1,15,6.134,0.093,7.39,5.34,0.206,0,0,0
S02643,2026-09-07 04:08:00,sihuhua,Customer Service,NA,0,0,0,0,1,4,0,0,14,3.918,0.28,13.47,17.84,2.467,0,0,0
S02644,2026-09-07 05:03:00,sankwasa,Procurement,NA,0,0,1,0,1,3,0,0,13,12.834,0.291,9.88,18.77,1.039,0,0,0
S02645,2026-09-12 19:39:00,nambala,Loans,NA,0,0,0,0,0,4,1,0,23,4.637,1.101,15.69,25.99,1.072,0,0,0
S02646,2026-09-12 16:14:00,tkamati,Customer Service,NA,0,1,1,1,1,3,1,1,12,24.49,0.263,10.14,5.45,1.365,0,0,0
S02647,2026-09-12 04:25:00,kndjavera,Compliance,NA,0,0,0,0,1,3,1,0,16,5.882,0.131,17.1,43.27,0.011,0,0,0
S02648,2026-09-13 00:49:00,pnakale,Human Resources,NA,0,0,0,0,1,6,1,0,21,10.698,0.0,13.38,10.39,1.152,0,0,0
S02649,2026-09-13 10:00:00,mhaingura,Customer Service,NA,1,0,0,0,1,2,0,1,19,5.646,0.563,8.28,14.32,1.407,0,0,0
S02650,2026-09-10 18:28:00,kndjavera,Compliance,NA,0,0,1,0,1,6,1,0,15,5.68,0.0,17.71,18.5,0.366,0,0,0
S02651,2026-09-11 09:45:00,jkavari,Finance,NA,1,0,0,0,1,2,1,0,13,27.259,1.308,9.64,20.92,0.412,0,0,0
S02652,2026-09-08 10:46:00,tshivute,Finance,NA,0,1,1,0,1,5,0,0,5,2.032,3.257,28.14,38.48,3.18,0,0,1
S02653,2026-09-09 04:40:00,shilongo,Loans,BW,0,0,0,0,1,4,0,0,6,8.854,0.0,17.04,10.42,0.587,0,0,0
S02654,2026-09-08 02:52:00,shapaka,Executive,NA,0,0,1,0,1,3,0,0,9,15.768,0.0,8.26,9.92,0.624,0,0,0
S02655,2026-09-13 00:12:00,kndjavera,Compliance,NA,0,0,0,1,1,1,0,0,7,6.739,0.0,7.87,10.71,0.376,0,0,0
S02656,2026-09-09 17:38:00,shilongo,Loans,NA,0,0,1,0,1,4,0,0,12,2.796,0.627,8.55,14.52,1.893,0,0,0
S02657,2026-09-12 01:24:00,kndjavera,Compliance,NA,0,0,0,0,0,3,0,1,10,9.84,0.0,17.73,2.56,0.916,0,0,0
S02658,2026-09-11 13:35:00,shapaka,Executive,NA,1,0,0,0,1,6,0,0,12,9.74,1.166,16.27,29.86,4.516,0,0,0
S02659,2026-09-13 19:21:00,mhaingura,Customer Service,NA,0,0,1,0,1,3,1,1,19,13.856,1.48,34.01,10.07,0.792,0,0,0
S02660,2026-09-10 17:42:00,mbandeka,Legal,NA,0,0,1,0,1,1,0,2,18,4.238,0.0,27.88,11.78,3.906,0,0,0
S02661,2026-09-11 09:25:00,murorua,Risk,ZA,0,1,0,0,0,1,0,0,10,3.682,0.0,3.2,16.69,2.148,0,0,0
S02662,2026-09-12 18:07:00,tkamati,Customer Service,NA,0,0,0,0,1,1,0,0,11,4.737,0.0,3.15,17.01,0.757,0,0,0
S02663,2026-09-09 03:34:00,shilongo,Loans,NA,0,0,0,0,1,1,0,1,10,7.895,0.0,16.12,11.63,0.967,0,0,0
S02664,2026-09-09 03:59:00,shapaka,Executive,NA,0,0,0,0,1,1,0,0,14,2.315,0.0,4.06,9.8,1.159,0,0,0
S02665,2026-09-07 03:46:00,tjirera,Internal Audit,NA,0,0,1,1,1,4,1,0,19,34.711,0.393,27.4,2.63,2.417,0,0,0
S02666,2026-09-11 14:06:00,mukwambi,Human Resources,NA,0,0,0,1,1,2,0,0,11,5.435,0.016,7.55,6.71,2.141,0,0,0
S02667,2026-09-11 09:04:00,nghifindaka,Information Technology,ZA,1,0,0,0,1,1,0,0,10,18.072,1.037,55.34,5.27,2.484,0,0,1
S02668,2026-09-07 19:12:00,ntinda,Marketing,NA,0,0,0,0,0,1,0,0,16,11.607,0.0,25.55,6.15,2.556,0,0,0
S02669,2026-09-14 01:20:00,nghifindaka,Information Technology,NA,0,0,2,1,1,7,0,0,13,4.429,0.009,15.41,7.05,1.191,0,0,0
S02670,2026-09-14 03:35:00,mbandeka,Legal,NA,0,0,0,0,1,3,0,0,19,13.302,0.0,10.04,19.05,2.575,0,0,0
S02671,2026-09-12 21:58:00,mbandeka,Legal,NA,0,0,1,0,1,4,0,0,19,8.725,0.887,17.65,10.79,0.641,0,0,0
S02672,2026-09-11 19:37:00,shapaka,Executive,NA,0,0,0,0,1,5,0,0,20,7.353,2.682,18.43,18.01,2.484,0,0,0
S02673,2026-09-07 15:37:00,tshivute,Finance,NA,0,1,1,1,0,5,2,0,17,26.802,0.0,15.97,45.18,1.915,0,0,1
S02674,2026-09-14 06:01:00,katjiuongua,Information Technology,NA,0,0,0,1,1,2,0,0,11,5.696,1.707,11.65,4.23,2.226,0,0,0
S02675,2026-09-13 05:42:00,ntinda,Marketing,NA,0,1,0,0,1,3,1,0,10,6.926,2.15,12.08,35.43,1.268,0,0,1
S02676,2026-09-11 08:44:00,jkavari,Finance,ZA,0,0,2,0,1,6,0,0,7,4.637,4.932,22.29,4.17,9.906,0,0,1
S02677,2026-09-12 10:39:00,hamukwaya,Treasury,NA,0,0,2,1,1,2,0,0,9,2.359,0.0,5.5,33.4,0.229,0,0,0
S02678,2026-09-10 21:37:00,haufiku,Information Technology,NA,0,0,0,0,1,8,3,2,18,4.722,0.751,2.26,18.25,0.321,0,0,0
S02679,2026-09-07 06:51:00,sihuhua,Customer Service,NA,0,0,0,0,1,4,1,0,9,31.183,1.199,4.21,23.57,0.603,0,1,0
S02680,2026-09-13 00:55:00,shilongo,Loans,NA,0,0,0,1,1,3,0,0,8,9.111,1.552,3.29,26.68,0.199,0,0,0
S02681,2026-09-12 07:01:00,mhaingura,Customer Service,NA,0,0,0,0,1,3,0,0,16,5.738,0.0,1.32,7.4,0.614,0,0,0
S02682,2026-09-08 20:07:00,hamukwaya,Treasury,NA,0,0,0,0,1,3,0,1,15,1.519,1.96,21.04,16.78,3.213,0,0,0
S02683,2026-09-11 18:28:00,hamukwaya,Treasury,NA,0,0,1,0,1,3,0,0,8,9.61,0.0,31.92,38.26,1.118,0,0,0
S02684,2026-09-07 21:03:00,katjiuongua,Information Technology,NA,0,1,0,0,1,3,0,0,12,18.555,0.647,10.37,10.93,0.586,0,0,0
S02685,2026-09-11 03:42:00,nghifindaka,Information Technology,NA,0,0,0,0,1,2,1,0,14,4.553,0.738,1.13,20.3,3.779,0,0,0
S02686,2026-09-14 02:49:00,mhaingura,Customer Service,NA,0,0,1,0,1,3,0,1,14,6.388,0.0,32.26,14.37,4.17,0,0,0
S02687,2026-09-10 02:53:00,jkavari,Finance,NA,0,0,1,0,1,5,1,1,15,5.521,2.789,14.1,5.21,3.132,0,0,1
S02688,2026-09-07 14:06:00,nghifindaka,Information Technology,NA,0,0,1,0,1,1,0,0,9,12.978,0.532,8.93,6.13,3.166,0,0,0
S02689,2026-09-10 13:39:00,nduminga,Customer Service,NA,0,0,2,0,1,2,0,0,21,5.349,0.842,37.34,11.21,1.301,0,0,0
S02690,2026-09-11 19:20:00,katjiuongua,Information Technology,NA,0,0,0,1,1,4,0,0,14,2.113,5.464,15.93,14.78,1.68,0,0,0
S02691,2026-09-09 13:02:00,hamukwaya,Treasury,NA,0,0,0,0,1,1,0,0,14,30.281,0.0,18.89,9.12,0.803,0,0,0
S02692,2026-09-07 17:27:00,tshivute,Finance,NA,0,0,1,0,1,3,0,0,8,6.129,0.272,41.91,11.19,1.431,0,0,0
S02693,2026-09-09 16:13:00,mhaingura,Customer Service,ZA,0,0,1,1,1,2,0,0,17,6.891,1.929,11.94,31.99,3.834,0,0,0
S02694,2026-09-10 21:38:00,nduminga,Customer Service,NA,0,0,0,0,1,6,1,0,10,17.656,0.349,5.14,3.37,0.084,0,0,0
S02695,2026-09-11 19:45:00,tjirera,Internal Audit,NA,0,0,0,0,1,3,0,1,12,1.461,0.099,37.2,14.47,2.444,0,0,0
S02696,2026-09-11 14:07:00,murorua,Risk,NA,0,0,1,1,1,3,1,0,19,2.982,0.227,6.76,6.23,2.714,0,0,0
S02697,2026-09-07 13:04:00,ndjaba,Customer Service,NA,0,0,1,1,1,6,1,0,15,14.108,1.738,51.11,12.46,1.52,0,0,0
S02698,2026-09-08 14:52:00,katjiuongua,Information Technology,NA,0,0,0,0,1,3,3,0,16,19.421,3.058,13.39,5.26,0.499,0,0,0
S02699,2026-09-10 08:11:00,nghifindaka,Information Technology,NA,0,1,0,0,1,5,1,0,18,8.016,0.0,4.7,10.18,1.781,0,0,0
S02700,2026-09-13 18:11:00,mhaingura,Customer Service,NA,0,0,0,0,1,1,0,0,13,15.119,0.073,4.87,23.1,5.61,0,0,0
S02701,2026-09-11 16:42:00,ndjaba,Customer Service,NA,0,0,0,0,1,1,0,0,12,13.707,0.0,30.08,36.87,2.717,0,0,0
S02702,2026-09-13 00:34:00,shapaka,Executive,NA,0,0,1,1,1,3,0,0,12,14.981,0.507,8.08,29.1,6.337,0,0,1
S02703,2026-09-12 03:28:00,nduminga,Customer Service,NA,0,0,0,0,1,4,0,0,8,3.788,0.194,13.94,8.66,1.48,0,0,0
S02704,2026-09-10 08:35:00,katjiuongua,Information Technology,NA,0,0,1,0,1,3,0,0,13,2.109,2.784,7.5,20.63,4.08,0,0,1
S02705,2026-09-12 20:20:00,kndjavera,Compliance,NA,0,0,1,1,1,5,1,2,16,7.556,1.398,20.57,12.95,0.959,0,0,0
S02706,2026-09-08 04:00:00,sihuhua,Customer Service,NA,0,0,0,0,0,1,0,0,7,1.739,0.0,4.78,9.27,1.859,0,0,0
S02707,2026-09-11 00:19:00,amupanda,Compliance,NA,0,0,1,0,1,1,0,0,9,34.028,0.211,7.05,5.22,0.57,0,0,0
S02708,2026-09-09 09:39:00,sankwasa,Procurement,NA,0,0,0,0,1,5,0,0,11,1.206,2.994,9.71,3.94,0.355,0,0,0
S02709,2026-09-08 18:28:00,amupanda,Compliance,NA,0,1,1,1,0,1,0,0,14,14.142,0.0,4.04,7.03,2.1,0,0,0
S02710,2026-09-08 15:16:00,pnakale,Human Resources,NA,0,0,2,0,1,6,0,0,15,7.616,0.0,5.42,17.37,1.319,0,0,0
S02711,2026-09-12 15:23:00,nnakale,Customer Service,NA,0,0,1,1,1,2,0,0,11,4.633,0.321,20.77,7.82,3.447,0,0,0
S02712,2026-09-08 11:20:00,sihuhua,Customer Service,BW,0,0,2,1,1,3,0,0,14,6.67,0.085,3.66,13.63,0.128,0,0,0
S02713,2026-09-10 02:15:00,nambala,Loans,BW,0,0,0,0,1,5,1,0,12,2.782,0.0,33.06,11.25,0.652,0,0,0
S02714,2026-09-13 06:22:00,sihuhua,Customer Service,ZA,1,0,0,0,1,3,0,0,13,8.954,0.0,28.47,20.54,0.766,0,0,0
S02715,2026-09-10 07:29:00,tjirera,Internal Audit,NA,0,1,0,0,1,2,0,0,11,2.262,1.101,29.32,12.78,1.307,0,0,0
S02716,2026-09-07 07:37:00,mukwambi,Human Resources,NA,0,1,2,1,1,3,0,0,12,5.895,0.246,5.73,2.57,0.765,0,0,0
S02717,2026-09-11 06:41:00,ntinda,Marketing,NA,1,0,0,0,1,2,0,0,7,6.57,0.0,10.8,1.49,1.424,0,0,0
S02718,2026-09-12 23:43:00,nghifindaka,Information Technology,NA,0,0,1,0,1,6,1,0,10,8.153,1.043,18.48,4.78,1.246,0,0,0
S02719,2026-09-07 15:27:00,ntinda,Marketing,NA,0,0,0,1,1,2,0,0,16,9.186,7.441,26.94,1.84,4.078,0,0,0
S02720,2026-09-10 19:58:00,jkavari,Finance,NA,0,1,0,0,1,5,0,0,7,6.007,1.11,23.69,7.32,2.714,0,0,0
S02721,2026-09-07 15:35:00,shilongo,Loans,NA,0,0,2,0,1,4,0,0,10,17.778,0.379,18.32,3.49,1.856,0,0,0
S02722,2026-09-11 18:55:00,sankwasa,Procurement,NA,0,0,0,0,1,3,0,0,13,45.36,0.0,24.52,3.03,2.299,0,0,0
S02723,2026-09-09 13:48:00,shapaka,Executive,NA,0,0,1,0,1,1,0,0,13,6.039,3.74,14.63,13.61,3.924,0,0,0
S02724,2026-09-10 22:52:00,tjirera,Internal Audit,NA,0,0,0,0,1,2,0,0,9,5.824,0.235,2.98,9.31,1.242,0,0,0
S02725,2026-09-13 16:15:00,ndjaba,Customer Service,NA,0,0,0,0,1,7,1,1,15,4.949,4.482,19.39,19.07,1.748,0,0,0
S02726,2026-09-08 22:20:00,amupanda,Compliance,NA,0,0,1,0,1,3,0,0,13,2.103,0.0,9.52,3.91,0.595,0,0,0
S02727,2026-09-07 21:48:00,amupanda,Compliance,NA,0,0,1,0,1,3,0,0,13,21.938,0.999,11.23,11.85,3.819,0,0,0
S02728,2026-09-13 08:30:00,sankwasa,Procurement,NA,0,0,2,1,1,2,0,1,6,8.625,0.0,2.89,23.9,1.501,0,0,0
S02729,2026-09-09 22:41:00,ndjaba,Customer Service,NA,0,0,0,0,1,3,0,0,12,9.124,0.811,8.68,45.89,1.777,0,0,0
S02730,2026-09-09 14:49:00,shilongo,Loans,NA,0,0,0,1,1,2,0,0,15,7.511,1.052,12.23,14.15,0.994,0,0,0
S02731,2026-09-10 15:47:00,nnakale,Customer Service,NA,0,0,0,1,1,5,2,0,18,45.895,0.0,4.97,6.74,0.769,0,0,0
S02732,2026-09-13 12:30:00,nambala,Loans,NA,0,0,1,0,1,4,0,0,13,2.449,2.026,26.18,2.85,0.422,0,0,0
S02733,2026-09-10 08:16:00,mukwambi,Human Resources,NA,0,0,0,1,1,6,2,0,14,16.453,1.215,22.93,21.44,0.751,0,0,0
S02734,2026-09-12 13:20:00,ndjaba,Customer Service,NA,0,1,0,0,1,1,0,0,7,22.91,0.0,26.61,8.93,1.429,0,0,0
S02735,2026-09-07 15:24:00,hamukwaya,Treasury,NA,0,0,0,1,1,2,0,0,5,2.739,0.0,6.15,15.61,1.503,0,0,0
S02736,2026-09-07 14:36:00,nambala,Loans,NA,0,0,0,0,1,1,0,0,9,4.636,1.516,22.79,4.73,1.374,0,0,0
S02737,2026-09-09 05:05:00,hamukwaya,Treasury,NA,0,0,1,1,1,4,0,0,8,4.302,0.0,4.14,14.15,2.706,0,0,0
S02738,2026-09-09 03:10:00,pnakale,Human Resources,NA,1,0,0,0,1,4,0,1,10,3.878,0.0,10.69,25.06,1.771,0,0,1
S02739,2026-09-12 11:24:00,murorua,Risk,NA,0,0,0,0,1,2,0,0,11,6.406,1.058,7.01,5.43,0.624,0,0,0
S02740,2026-09-12 01:31:00,tjirera,Internal Audit,NA,0,0,2,1,1,4,1,1,15,8.669,0.0,37.76,24.87,2.432,0,0,1
S02741,2026-09-08 14:18:00,jkavari,Finance,ZA,0,0,1,1,1,3,0,0,14,2.199,0.0,27.81,14.9,2.427,0,0,0
S02742,2026-09-13 14:35:00,nghifindaka,Information Technology,NA,0,0,0,0,1,6,3,0,23,3.753,0.375,15.79,7.16,0.702,0,0,0
S02743,2026-09-08 03:39:00,mukwambi,Human Resources,NA,0,0,0,0,1,4,0,0,6,2.965,0.0,58.43,11.77,0.956,0,0,0
S02744,2026-09-08 21:18:00,nduminga,Customer Service,NA,0,0,0,0,1,3,0,0,8,3.585,0.0,16.76,1.64,2.958,0,0,0
S02745,2026-09-08 02:24:00,tkamati,Customer Service,NA,0,0,0,1,1,2,1,0,16,65.829,0.011,11.78,1.78,1.487,0,0,0
S02746,2026-09-12 13:24:00,nnakale,Customer Service,NA,0,0,0,0,1,1,0,0,10,3.664,0.117,17.28,45.04,0.365,0,0,0
S02747,2026-09-12 08:26:00,pnakale,Human Resources,NA,0,0,0,0,0,1,0,0,13,7.074,0.299,34.26,5.62,0.79,0,0,0
S02748,2026-09-13 14:49:00,haufiku,Information Technology,NA,0,0,0,0,1,9,1,1,24,5.299,2.909,3.89,47.5,0.935,0,0,0
S02749,2026-09-09 15:53:00,sankwasa,Procurement,NA,0,0,0,1,1,1,0,0,15,2.617,0.439,32.11,4.14,0.884,0,0,0
S02750,2026-09-10 20:21:00,pnakale,Human Resources,NA,0,0,0,0,1,5,0,0,13,15.13,0.136,10.16,4.82,2.245,0,0,0
S02751,2026-09-10 13:32:00,sihuhua,Customer Service,NA,0,0,1,0,1,4,0,0,14,2.537,0.0,27.99,18.22,2.941,0,0,0
S02752,2026-09-12 02:33:00,nnakale,Customer Service,NA,0,0,0,0,0,4,0,0,8,2.508,0.23,10.77,2.12,1.201,0,0,0
S02753,2026-09-07 19:44:00,shilongo,Loans,NA,0,0,1,1,1,2,1,0,9,29.877,0.874,24.93,28.49,0.236,0,1,1
S02754,2026-09-07 16:17:00,haufiku,Information Technology,NA,0,0,2,1,1,5,1,0,15,7.434,2.539,11.31,17.04,3.142,0,0,0
S02755,2026-09-09 05:20:00,haufiku,Information Technology,NA,0,0,1,0,1,6,0,0,16,9.071,0.296,17.09,40.98,0.898,0,0,0
S02756,2026-09-08 05:56:00,ntinda,Marketing,NA,0,0,1,0,1,1,0,0,15,6.443,1.608,25.43,24.24,0.342,0,0,0
S02757,2026-09-07 02:17:00,shapaka,Executive,NA,0,0,1,0,1,3,1,0,11,13.659,4.119,5.53,24.89,1.992,0,1,1
S02758,2026-09-12 03:46:00,jkavari,Finance,NA,0,0,0,0,1,2,0,0,11,2.862,0.0,25.46,26.56,3.507,0,0,0
S02759,2026-09-10 20:37:00,haufiku,Information Technology,NA,0,0,1,0,0,2,0,1,15,3.336,0.291,2.22,10.55,1.285,0,0,0
S02760,2026-09-07 21:53:00,haufiku,Information Technology,NA,1,0,0,1,1,5,0,0,9,9.671,0.621,37.3,20.78,0.688,0,0,0
S02761,2026-09-11 04:39:00,mukwambi,Human Resources,NA,0,0,1,0,1,2,0,3,10,22.027,0.0,15.95,21.72,1.476,0,0,0
S02762,2026-09-10 12:38:00,katjiuongua,Information Technology,ZA,0,0,0,1,1,1,1,1,15,3.054,1.028,37.81,6.27,1.403,0,0,0
S02763,2026-09-10 20:02:00,tshivute,Finance,NA,0,1,2,0,1,2,0,0,12,4.489,0.0,27.42,1.04,2.083,0,0,0
S02764,2026-09-11 16:47:00,ndjaba,Customer Service,NA,0,0,0,0,1,4,1,1,13,2.018,0.495,14.09,2.52,1.394,0,0,0
S02765,2026-09-12 13:10:00,sihuhua,Customer Service,NA,0,1,0,0,1,6,0,0,13,2.022,0.536,3.26,10.57,0.511,0,0,0
S02766,2026-09-08 00:10:00,pnakale,Human Resources,NA,0,0,0,2,1,4,0,0,15,25.769,0.0,37.57,1.94,3.702,0,0,0
S02767,2026-09-09 03:04:00,murorua,Risk,NA,0,1,0,0,1,2,0,0,10,30.97,0.7,29.6,19.01,0.695,0,0,0
S02768,2026-09-11 14:25:00,murorua,Risk,BW,0,0,5,2,0,4,1,0,11,12.592,1.528,5.21,12.35,0.666,0,1,1
S02769,2026-09-10 11:43:00,sihuhua,Customer Service,ZA,0,0,1,0,1,2,0,0,10,9.539,0.773,27.24,11.81,2.039,0,0,0
S02770,2026-09-09 20:12:00,tshivute,Finance,NA,0,1,0,0,1,2,0,0,12,10.418,0.882,35.78,11.75,0.902,0,0,0
S02771,2026-09-11 10:12:00,mbandeka,Legal,NA,0,0,0,0,1,3,1,0,17,8.261,0.0,18.53,9.05,0.712,0,0,0
S02772,2026-09-13 02:07:00,hamukwaya,Treasury,ZA,0,0,2,0,1,2,0,0,18,4.252,0.399,54.32,21.42,2.477,1,0,1
S02773,2026-09-12 12:06:00,ntinda,Marketing,NA,0,0,0,0,1,6,0,0,12,4.994,0.472,20.63,20.59,1.003,0,0,0
S02774,2026-09-10 13:21:00,nambala,Loans,NA,0,0,0,0,1,4,0,0,12,5.235,6.436,32.85,22.38,2.887,0,0,0
S02775,2026-09-10 15:34:00,kndjavera,Compliance,NA,0,0,2,0,1,5,1,0,13,7.758,3.03,4.12,14.84,0.461,0,0,0
S02776,2026-09-13 14:35:00,ndjaba,Customer Service,NA,0,0,0,0,1,5,0,0,12,8.353,0.0,9.44,1.15,0.215,0,0,0
S02777,2026-09-10 04:00:00,sankwasa,Procurement,NA,0,0,0,0,1,3,0,0,8,5.498,2.013,9.02,7.65,2.702,0,0,0
S02778,2026-09-09 11:12:00,mbandeka,Legal,ZA,0,0,1,1,1,1,1,0,16,18.843,0.08,23.28,26.59,2.238,0,0,0
S02779,2026-09-09 21:01:00,pnakale,Human Resources,ZA,0,0,2,2,1,4,0,1,15,17.869,0.294,15.45,33.17,2.779,0,0,1
S02780,2026-09-12 21:03:00,nambala,Loans,NA,0,0,0,0,1,6,1,1,10,3.88,1.926,7.73,13.95,0.822,0,1,0
S02781,2026-09-10 19:49:00,hamukwaya,Treasury,NA,0,0,0,1,1,2,1,0,21,9.16,0.0,21.78,42.87,1.67,0,0,0
S02782,2026-09-10 03:19:00,katjiuongua,Information Technology,ZA,0,0,1,0,1,6,1,1,16,2.144,0.139,5.19,10.34,5.469,0,0,1
S02783,2026-09-08 07:52:00,mhaingura,Customer Service,NA,0,1,1,0,1,1,0,0,12,1.971,0.476,8.52,33.62,2.746,0,0,1
S02784,2026-09-07 05:34:00,ntinda,Marketing,NA,0,0,0,0,1,3,0,0,10,6.023,0.0,16.69,19.94,3.043,0,0,0
S02785,2026-09-07 08:14:00,mbandeka,Legal,NA,0,0,1,0,1,4,2,1,20,15.833,0.752,42.16,14.97,4.265,0,0,1
S02786,2026-09-10 05:01:00,tshivute,Finance,NA,0,0,0,0,1,1,0,0,11,14.207,0.287,19.61,0.21,1.281,0,0,0
S02787,2026-09-07 04:18:00,ndjaba,Customer Service,NA,0,0,2,2,1,1,0,0,15,21.989,0.398,5.04,12.51,1.189,0,0,0
S02788,2026-09-13 03:58:00,murorua,Risk,NA,0,0,0,0,1,6,1,0,7,39.582,0.0,3.21,25.57,1.557,0,0,0
S02789,2026-09-13 21:53:00,katjiuongua,Information Technology,NA,1,0,0,0,1,5,1,0,19,2.885,0.0,2.18,17.06,2.504,0,0,0
S02790,2026-09-12 06:18:00,shapaka,Executive,NA,0,1,0,0,1,3,0,0,11,3.18,0.0,10.28,3.44,1.167,0,0,0
S02791,2026-09-07 15:28:00,pnakale,Human Resources,NA,0,0,0,0,1,2,0,0,13,2.656,0.0,20.51,29.88,1.631,0,0,0
S02792,2026-09-13 03:26:00,sihuhua,Customer Service,NA,0,0,0,0,1,4,0,0,8,6.376,0.472,12.54,18.49,3.055,0,0,0
S02793,2026-09-13 02:46:00,nghifindaka,Information Technology,NA,0,1,0,0,1,2,0,0,9,8.827,1.085,51.22,10.27,3.029,0,0,1
S02794,2026-09-10 13:56:00,mukwambi,Human Resources,NA,0,0,2,0,0,1,0,0,12,10.588,0.0,16.29,27.88,0.761,0,0,0
S02795,2026-09-08 12:01:00,haufiku,Information Technology,NA,0,1,1,0,1,3,1,0,16,7.17,1.507,14.38,24.59,3.916,0,0,1
S02796,2026-09-11 19:18:00,kndjavera,Compliance,NA,0,0,0,0,1,6,0,0,6,6.798,0.206,4.8,36.67,1.907,0,0,0
S02797,2026-09-09 13:52:00,mukwambi,Human Resources,NA,0,0,0,0,1,3,0,0,8,11.917,0.0,8.62,34.2,2.659,0,0,0
S02798,2026-09-11 17:12:00,nghifindaka,Information Technology,NA,0,1,0,0,1,3,0,0,7,2.111,0.0,2.59,25.73,0.24,0,0,0
S02799,2026-09-12 15:51:00,tshivute,Finance,NA,0,0,0,0,1,4,0,0,11,18.503,0.0,17.86,13.19,3.576,0,0,0
S02800,2026-09-10 13:54:00,pnakale,Human Resources,NA,0,0,0,0,1,1,0,0,13,9.374,0.0,19.64,19.35,0.12,0,0,0
S02801,2026-09-11 02:28:00,katjiuongua,Information Technology,NA,0,0,1,0,1,5,0,0,10,6.472,3.123,38.77,4.58,1.506,0,0,0
S02802,2026-09-14 01:57:00,ntinda,Marketing,NA,0,0,0,0,1,4,0,0,17,5.276,0.043,38.31,16.78,1.318,0,0,0
S02803,2026-09-12 12:54:00,nghifindaka,Information Technology,NA,0,0,0,0,1,2,1,0,24,26.987,6.371,28.66,23.26,0.78,0,0,0
S02804,2026-09-08 22:41:00,haufiku,Information Technology,NA,0,0,0,0,1,1,1,1,11,8.511,0.0,20.38,6.67,0.947,0,0,0
S02805,2026-09-09 16:36:00,ndjaba,Customer Service,NA,0,0,2,1,1,3,0,0,8,9.622,0.0,10.8,12.82,2.354,0,0,0
S02806,2026-09-08 11:32:00,amupanda,Compliance,NA,0,0,0,1,1,2,1,1,13,10.348,2.828,8.88,37.24,4.439,0,0,1
S02807,2026-09-10 12:39:00,murorua,Risk,NA,0,0,0,0,0,1,0,0,14,4.298,0.0,15.58,7.8,2.778,0,0,0
S02808,2026-09-07 03:12:00,murorua,Risk,NA,0,0,0,1,1,5,2,0,13,11.309,0.0,8.07,3.38,0.714,0,1,0
S02809,2026-09-13 09:46:00,ndjaba,Customer Service,NA,1,0,0,1,1,4,0,1,11,2.082,0.143,5.83,19.33,0.93,0,0,0
S02810,2026-09-11 04:04:00,sankwasa,Procurement,NA,0,1,0,0,1,6,0,0,14,5.757,2.655,31.79,4.18,2.003,0,0,0
S02811,2026-09-09 23:06:00,nduminga,Customer Service,NA,0,0,0,0,1,1,0,0,7,9.594,0.932,34.49,6.15,1.23,0,0,0
S02812,2026-09-10 00:44:00,jkavari,Finance,NA,0,0,0,0,0,6,0,0,12,12.767,0.549,17.07,10.41,0.227,0,0,0
S02813,2026-09-14 05:51:00,jkavari,Finance,NA,0,0,0,0,1,3,1,1,15,2.476,0.0,20.09,19.51,2.906,0,0,0
S02814,2026-09-12 01:31:00,tkamati,Customer Service,ZA,0,0,0,0,1,3,0,0,17,11.839,2.532,22.7,11.46,4.622,0,0,0
S02815,2026-09-08 02:09:00,nghifindaka,Information Technology,NA,0,0,1,0,1,3,2,1,18,16.02,0.0,24.77,9.74,4.106,0,0,1
S02816,2026-09-12 04:55:00,ntinda,Marketing,NA,0,0,0,0,1,2,0,0,12,2.498,0.0,41.5,9.3,2.344,0,0,0
S02817,2026-09-11 02:26:00,mhaingura,Customer Service,NA,0,1,2,0,1,3,0,0,10,24.617,0.0,9.79,2.03,0.442,0,0,0
S02818,2026-09-10 09:43:00,pnakale,Human Resources,NA,0,0,0,0,1,3,0,0,11,7.944,1.049,1.12,4.05,2.134,0,0,0
S02819,2026-09-14 06:17:00,tkamati,Customer Service,NA,0,0,1,0,1,2,1,1,19,15.907,2.132,3.27,3.08,0.246,0,0,0
S02820,2026-09-12 21:33:00,kndjavera,Compliance,NA,0,0,1,0,1,6,1,0,15,5.222,2.702,15.79,0.23,2.889,0,0,1
S02821,2026-09-09 05:28:00,hamukwaya,Treasury,NA,0,0,1,0,1,4,1,1,16,3.435,0.557,0.69,21.36,1.464,0,1,0
S02822,2026-09-07 06:41:00,pnakale,Human Resources,NA,1,1,0,1,1,1,0,0,13,7.052,0.0,7.95,17.96,0.335,0,0,1
S02823,2026-09-09 21:04:00,ndjaba,Customer Service,NA,0,0,1,1,1,7,0,0,15,56.453,0.0,49.41,19.12,3.226,0,0,1
S02824,2026-09-13 16:39:00,ntinda,Marketing,BW,1,0,3,2,1,2,0,1,14,11.017,0.652,20.55,4.17,2.392,0,0,1
S02825,2026-09-11 10:46:00,ndjaba,Customer Service,NA,0,0,0,1,1,2,0,0,10,6.151,0.345,22.64,7.57,8.032,0,0,1
S02826,2026-09-07 01:35:00,ndjaba,Customer Service,NA,0,0,2,0,0,3,0,0,11,59.476,0.601,31.95,14.07,3.504,0,0,0
S02827,2026-09-09 18:10:00,mukwambi,Human Resources,NA,1,0,0,1,1,1,0,0,10,3.396,0.451,14.19,7.98,1.964,0,0,0
S02828,2026-09-08 02:27:00,mukwambi,Human Resources,NA,0,0,1,2,1,3,1,1,11,3.085,4.807,15.39,1.75,0.965,0,0,0
S02829,2026-09-08 05:59:00,nduminga,Customer Service,NA,0,1,1,0,1,3,0,0,10,6.54,0.0,28.26,16.03,0.52,0,0,0
S02830,2026-09-09 15:47:00,nambala,Loans,ZA,0,1,1,0,1,5,0,0,13,5.954,1.306,7.81,11.35,1.572,0,0,0
S02831,2026-09-11 03:04:00,tkamati,Customer Service,NA,0,0,0,1,1,6,0,1,10,15.101,0.0,0.22,10.33,3.328,0,0,0
S02832,2026-09-12 04:09:00,kndjavera,Compliance,NA,0,0,0,1,1,4,0,0,15,3.209,1.234,47.83,3.85,1.236,0,0,0
S02833,2026-09-13 16:34:00,mhaingura,Customer Service,NA,0,0,1,0,1,7,0,0,5,2.132,0.742,25.37,10.63,0.692,0,0,0
S02834,2026-09-09 23:12:00,sihuhua,Customer Service,NA,0,0,0,0,1,3,0,0,11,2.338,0.0,16.42,24.19,0.695,0,0,0
S02835,2026-09-09 06:45:00,jkavari,Finance,NA,0,0,0,0,1,5,1,0,17,4.334,0.0,28.14,15.01,1.488,0,0,0
S02836,2026-09-08 10:18:00,sankwasa,Procurement,NA,0,0,0,0,1,4,0,0,15,3.966,0.666,43.44,11.06,2.242,0,0,0
S02837,2026-09-07 01:35:00,amupanda,Compliance,NA,0,0,1,2,1,3,0,0,10,3.159,0.427,18.23,7.53,2.587,0,0,0
S02838,2026-09-11 02:03:00,mukwambi,Human Resources,ZA,1,0,1,1,1,1,0,0,17,15.8,4.553,4.06,24.62,1.144,0,0,0
S02839,2026-09-12 00:41:00,tshivute,Finance,NA,0,0,1,1,1,6,1,0,20,7.747,3.585,2.45,12.93,0.812,0,0,0
S02840,2026-09-11 19:58:00,hamukwaya,Treasury,NA,0,1,1,1,1,4,0,0,5,2.871,0.216,18.8,6.81,2.131,0,0,0
S02841,2026-09-13 01:02:00,shilongo,Loans,NA,0,0,0,0,1,5,0,1,8,5.015,0.0,13.44,16.65,3.014,0,0,0
S02842,2026-09-08 14:45:00,mbandeka,Legal,NA,0,0,1,0,1,5,0,0,12,7.649,0.599,45.26,9.15,1.69,0,0,0
S02843,2026-09-13 04:52:00,haufiku,Information Technology,NA,0,0,1,0,1,4,1,0,18,26.272,1.371,25.33,55.53,1.04,0,0,0
S02844,2026-09-14 04:15:00,tshivute,Finance,NA,0,0,2,0,1,4,0,0,8,25.649,0.0,7.16,4.59,0.679,0,0,0
S02845,2026-09-13 00:11:00,nnakale,Customer Service,NA,0,0,2,2,1,5,0,0,14,13.451,0.904,41.83,0.19,1.475,0,0,0
S02846,2026-09-10 10:34:00,mukwambi,Human Resources,NA,0,1,0,0,0,5,0,0,13,27.612,0.0,4.97,3.78,1.518,0,0,0
S02847,2026-09-08 12:05:00,shapaka,Executive,NA,0,0,0,0,1,2,0,0,10,2.158,1.772,1.79,9.53,0.338,0,0,0
S02848,2026-09-11 21:26:00,tjirera,Internal Audit,NA,0,0,0,0,1,1,0,0,12,19.182,0.205,25.28,1.52,1.188,0,0,0
S02849,2026-09-12 08:16:00,ndjaba,Customer Service,NA,0,0,0,0,1,2,0,0,10,5.272,0.874,9.22,4.33,1.493,0,0,0
S02850,2026-09-13 23:02:00,hamukwaya,Treasury,NA,0,0,1,0,1,3,1,0,16,11.79,0.023,6.24,14.8,6.319,0,1,1
S02851,2026-09-09 00:46:00,katjiuongua,Information Technology,NA,0,0,1,1,1,1,0,0,24,5.487,0.073,9.91,10.34,0.741,0,0,0
S02852,2026-09-08 07:54:00,ntinda,Marketing,NA,0,0,0,0,0,3,0,0,8,2.919,1.486,12.53,37.59,0.854,0,0,0
S02853,2026-09-07 00:34:00,ndjaba,Customer Service,BW,1,0,2,1,1,3,0,0,17,3.187,12.036,12.4,27.13,1.211,0,0,1
S02854,2026-09-08 06:54:00,ntinda,Marketing,NA,0,0,0,0,1,1,0,0,11,13.281,0.618,5.02,10.56,2.732,0,0,0
S02855,2026-09-12 13:55:00,amupanda,Compliance,NA,0,0,0,0,1,1,0,0,12,2.77,0.0,9.39,11.15,0.835,0,0,0
S02856,2026-09-11 08:43:00,nambala,Loans,ZA,0,0,3,0,1,3,0,0,13,4.986,0.024,30.41,7.73,2.917,0,0,0
S02857,2026-09-13 14:46:00,mbandeka,Legal,NA,0,0,0,0,1,1,0,0,12,3.172,1.996,11.87,9.92,0.606,0,0,0
S02858,2026-09-11 09:17:00,haufiku,Information Technology,NA,0,0,0,0,1,1,1,1,14,39.688,0.276,3.16,9.83,0.485,0,0,0
S02859,2026-09-10 07:17:00,tkamati,Customer Service,NA,0,0,0,1,1,6,0,0,6,14.633,0.0,25.66,17.87,1.313,0,0,0
S02860,2026-09-07 08:06:00,ntinda,Marketing,NA,0,0,1,0,0,4,1,0,17,10.317,0.326,15.12,0.54,0.382,0,0,0
S02861,2026-09-13 19:23:00,haufiku,Information Technology,NA,0,0,1,0,1,9,2,0,12,7.001,0.0,4.74,27.21,1.549,0,0,0
S02862,2026-09-07 16:31:00,murorua,Risk,NA,0,0,0,0,1,6,1,0,20,19.815,2.508,27.5,21.0,1.186,0,0,0
S02863,2026-09-09 04:58:00,pnakale,Human Resources,ZA,1,0,1,0,1,6,0,0,12,1.566,1.276,14.06,38.24,1.574,1,0,0
S02864,2026-09-10 14:38:00,haufiku,Information Technology,NA,0,0,0,0,1,3,0,0,12,5.391,0.913,18.93,22.25,0.432,0,0,0
S02865,2026-09-13 10:42:00,pnakale,Human Resources,NA,0,0,1,0,1,5,1,0,15,4.514,0.0,48.11,30.9,0.685,0,0,0
S02866,2026-09-11 10:22:00,shilongo,Loans,ZA,1,0,3,0,1,2,0,0,13,2.224,0.784,25.57,28.59,0.609,0,0,0
S02867,2026-09-09 13:17:00,kndjavera,Compliance,NA,1,0,2,0,1,1,0,0,18,2.885,0.019,18.1,18.95,1.042,0,0,0
S02868,2026-09-07 04:19:00,mhaingura,Customer Service,NA,0,1,0,0,1,2,0,0,8,2.713,1.969,11.31,27.03,0.874,0,0,0
S02869,2026-09-11 03:53:00,tjirera,Internal Audit,NA,0,0,0,0,1,1,0,0,12,9.187,0.0,17.39,5.25,0.925,0,0,0
S02870,2026-09-12 18:40:00,sihuhua,Customer Service,NA,0,0,0,0,1,3,0,0,8,2.309,1.308,6.19,22.2,4.422,0,0,0
S02871,2026-09-14 00:38:00,ntinda,Marketing,NA,0,0,0,0,1,2,0,2,13,5.335,0.0,7.19,4.05,3.318,0,0,1
S02872,2026-09-10 06:09:00,nnakale,Customer Service,BW,1,0,1,2,1,1,0,1,19,6.877,0.0,21.95,1.07,1.218,0,0,1
S02873,2026-09-13 21:35:00,nduminga,Customer Service,NA,0,0,2,0,1,4,0,0,5,8.104,1.32,27.47,15.62,0.568,0,0,0
S02874,2026-09-13 17:19:00,ndjaba,Customer Service,NA,0,0,0,0,1,4,0,0,13,7.915,0.0,12.85,20.93,1.589,0,0,0
S02875,2026-09-08 06:33:00,kndjavera,Compliance,NA,0,1,0,0,1,2,1,0,13,12.929,0.603,6.94,9.59,2.942,0,0,0
S02876,2026-09-07 03:37:00,tjirera,Internal Audit,NA,1,0,0,0,1,6,1,0,12,8.369,0.0,35.1,16.8,1.403,0,0,0
S02877,2026-09-11 03:20:00,jkavari,Finance,NA,0,0,0,0,1,5,0,0,13,0.735,0.0,11.84,4.08,1.516,0,0,0
S02878,2026-09-13 06:39:00,hamukwaya,Treasury,NA,0,0,0,0,1,5,0,0,10,27.635,0.0,5.44,5.4,0.845,0,0,0
S02879,2026-09-10 16:02:00,nduminga,Customer Service,NA,0,0,0,0,1,5,1,0,16,8.69,0.55,67.25,4.67,2.329,0,0,0
S02880,2026-09-09 03:05:00,tjirera,Internal Audit,NA,0,0,0,0,1,2,0,0,18,3.879,0.869,26.65,8.68,1.016,0,0,0
S02881,2026-09-09 21:53:00,sankwasa,Procurement,NA,0,0,0,0,1,2,0,0,11,19.428,1.47,25.13,9.06,1.708,0,0,0
S02882,2026-09-10 06:03:00,shapaka,Executive,NA,0,0,0,0,1,1,0,0,12,9.609,0.0,9.13,14.27,0.268,0,0,0
S02883,2026-09-12 03:31:00,amupanda,Compliance,NA,0,0,0,0,1,3,0,0,13,5.48,0.0,21.0,0.02,0.651,0,0,0
S02884,2026-09-08 15:03:00,tjirera,Internal Audit,NA,0,0,0,0,1,1,1,2,7,16.356,1.718,39.37,3.81,2.973,0,0,0
S02885,2026-09-11 21:12:00,tshivute,Finance,NA,0,0,1,0,1,3,0,0,10,18.035,0.0,15.89,4.33,0.123,0,0,0
S02886,2026-09-09 05:02:00,murorua,Risk,BW,1,0,1,0,1,5,0,0,17,9.384,3.183,39.27,9.36,0.535,0,0,0
S02887,2026-09-09 23:20:00,shilongo,Loans,BW,1,0,1,1,1,4,0,0,12,11.847,0.0,26.24,17.69,3.504,1,0,1
S02888,2026-09-11 20:51:00,katjiuongua,Information Technology,NA,0,0,0,1,0,8,1,0,17,7.995,1.999,4.85,6.01,4.367,0,0,0
S02889,2026-09-10 18:37:00,ndjaba,Customer Service,NA,0,1,2,0,1,3,1,0,11,26.438,0.087,18.21,18.26,1.617,0,0,1
S02890,2026-09-11 00:09:00,ndjaba,Customer Service,NA,0,0,0,0,1,1,0,1,14,9.851,0.036,3.51,11.41,0.225,0,0,0
S02891,2026-09-13 19:48:00,hamukwaya,Treasury,BW,0,0,1,0,1,4,0,1,12,4.361,0.306,16.32,1.52,0.823,1,0,0
S02892,2026-09-09 08:46:00,mukwambi,Human Resources,NA,0,0,3,0,1,3,1,1,14,17.634,1.285,26.08,34.16,0.806,0,0,0
S02893,2026-09-14 05:44:00,pnakale,Human Resources,NA,0,0,0,0,1,4,0,0,18,33.849,0.141,19.5,4.57,0.188,0,0,0
S02894,2026-09-12 05:07:00,nnakale,Customer Service,NA,1,0,1,0,1,8,1,0,12,7.779,0.0,14.42,18.72,0.691,0,0,0
S02895,2026-09-10 04:11:00,tkamati,Customer Service,BW,1,0,0,1,1,1,0,0,17,1.507,1.254,15.98,19.24,1.945,0,0,0
S02896,2026-09-13 17:12:00,pnakale,Human Resources,BW,0,0,2,0,1,3,0,0,18,1.953,8.287,12.98,18.37,2.812,0,0,0
S02897,2026-09-11 02:00:00,nghifindaka,Information Technology,NA,0,0,0,0,1,2,1,0,12,8.617,0.058,10.48,12.42,0.417,0,0,0
S02898,2026-09-08 18:23:00,sihuhua,Customer Service,NA,0,0,0,0,0,3,1,0,11,10.721,5.119,53.87,1.15,2.461,0,0,0
S02899,2026-09-12 08:25:00,sihuhua,Customer Service,NA,0,0,0,0,1,4,0,0,15,12.279,0.051,37.06,14.09,0.403,0,0,0
S02900,2026-09-08 09:36:00,sankwasa,Procurement,NA,0,0,0,0,1,5,1,1,7,16.485,0.0,17.38,6.83,1.049,0,1,0
S02901,2026-09-12 21:58:00,mhaingura,Customer Service,NA,0,0,1,1,1,1,0,0,18,1.947,1.583,8.35,33.16,0.442,0,0,0
S02902,2026-09-08 12:49:00,mukwambi,Human Resources,NA,0,0,1,0,1,2,0,0,7,11.013,0.0,21.79,28.18,3.065,0,0,0
S02903,2026-09-09 16:32:00,mhaingura,Customer Service,NA,0,0,2,0,1,4,1,0,17,23.937,1.681,31.12,45.78,4.031,0,1,1
S02904,2026-09-07 04:45:00,sihuhua,Customer Service,NA,0,0,0,0,1,5,0,0,6,14.104,0.161,34.61,6.45,0.519,0,0,0
S02905,2026-09-11 09:53:00,amupanda,Compliance,NA,0,0,0,0,1,4,0,1,8,2.976,0.721,14.4,8.03,5.083,0,0,0
S02906,2026-09-11 11:38:00,haufiku,Information Technology,NA,0,0,1,0,1,4,0,0,11,35.591,0.0,10.97,37.16,2.381,0,0,0
S02907,2026-09-07 18:35:00,haufiku,Information Technology,NA,0,0,1,1,1,5,1,0,18,8.003,3.628,42.28,18.35,0.686,0,0,0
S02908,2026-09-11 11:10:00,mbandeka,Legal,NA,0,1,0,0,1,4,0,0,7,19.269,0.0,19.23,48.58,1.217,0,0,0
S02909,2026-09-14 05:42:00,sankwasa,Procurement,NA,0,0,0,0,1,3,0,0,13,6.731,0.0,13.06,18.19,2.765,0,0,0
S02910,2026-09-11 23:53:00,nduminga,Customer Service,NA,0,0,0,0,1,1,0,0,12,3.584,0.0,31.46,4.16,2.134,0,0,0
S02911,2026-09-08 06:30:00,tjirera,Internal Audit,NA,0,0,0,0,1,5,2,1,20,1.561,0.0,6.74,9.04,0.542,0,0,0
S02912,2026-09-11 15:35:00,nambala,Loans,NA,0,0,1,0,0,2,0,0,10,3.756,0.643,8.68,11.34,1.468,0,0,0
S02913,2026-09-07 14:16:00,shilongo,Loans,NA,0,0,2,0,1,1,0,0,11,8.276,1.9,27.3,37.45,0.332,0,0,0
S02914,2026-09-13 00:28:00,nduminga,Customer Service,NA,0,0,1,1,1,2,0,1,13,2.664,0.0,19.86,22.74,0.6,0,0,0
S02915,2026-09-12 03:38:00,katjiuongua,Information Technology,NA,0,1,0,0,0,2,1,1,18,4.229,1.555,2.15,8.68,0.151,0,0,0
S02916,2026-09-08 12:16:00,ntinda,Marketing,NA,0,0,0,0,1,6,0,0,19,26.165,0.0,16.54,55.16,0.355,0,0,0
S02917,2026-09-10 01:24:00,haufiku,Information Technology,NA,0,1,2,0,1,5,1,0,14,9.874,1.597,55.86,44.39,3.189,0,0,1
S02918,2026-09-09 19:48:00,nghifindaka,Information Technology,NA,0,0,0,0,1,1,0,0,14,21.625,0.746,31.96,30.51,0.341,0,0,0
S02919,2026-09-08 01:07:00,kndjavera,Compliance,NA,0,0,1,0,1,4,0,0,11,1.279,1.454,14.18,1.58,3.342,0,0,0
S02920,2026-09-11 14:33:00,shapaka,Executive,NA,1,0,1,1,1,3,1,0,11,1.412,2.473,0.39,28.44,3.924,0,1,1
S02921,2026-09-07 21:51:00,ndjaba,Customer Service,NA,0,0,0,0,1,3,0,0,10,5.869,2.914,31.39,0.69,2.611,0,0,0
S02922,2026-09-13 01:16:00,shapaka,Executive,NA,0,0,1,1,1,3,1,0,13,7.344,0.0,9.93,12.69,0.975,0,1,0
S02923,2026-09-13 01:28:00,katjiuongua,Information Technology,NA,0,0,0,0,1,2,0,0,7,4.57,0.325,44.97,23.43,0.484,0,0,0
S02924,2026-09-08 11:32:00,katjiuongua,Information Technology,NA,0,0,0,0,1,2,0,0,13,3.86,2.713,41.83,14.37,1.526,0,0,0
S02925,2026-09-11 21:30:00,shapaka,Executive,NA,0,0,0,0,0,1,0,0,9,3.201,0.0,46.7,9.75,1.968,0,0,0
S02926,2026-09-13 10:56:00,nnakale,Customer Service,NA,0,0,1,0,1,5,0,0,12,4.126,0.647,20.29,15.51,0.608,0,0,0
S02927,2026-09-08 07:59:00,mbandeka,Legal,NA,0,0,0,0,1,3,0,0,16,32.686,0.381,36.67,9.1,0.576,0,0,0
S02928,2026-09-13 21:53:00,katjiuongua,Information Technology,NA,0,0,1,2,1,2,0,0,12,12.152,0.0,10.28,2.96,0.474,0,0,0
S02929,2026-09-14 06:28:00,katjiuongua,Information Technology,NA,0,0,0,0,1,1,0,0,14,6.994,0.53,4.57,26.1,0.56,0,0,0
S02930,2026-09-13 10:40:00,pnakale,Human Resources,NA,0,1,1,1,1,3,0,0,13,2.988,1.322,17.19,30.79,0.666,0,0,0
S02931,2026-09-12 10:31:00,murorua,Risk,NA,0,0,0,0,1,3,0,0,17,5.826,2.924,40.87,0.66,3.01,0,0,0
S02932,2026-09-11 02:54:00,nnakale,Customer Service,NA,0,0,0,0,1,3,2,0,18,6.566,0.0,35.24,12.92,0.164,0,1,0
S02933,2026-09-10 21:12:00,sankwasa,Procurement,NA,0,0,2,0,1,2,0,0,11,10.023,0.0,14.13,32.56,1.204,0,0,0
S02934,2026-09-11 04:24:00,hamukwaya,Treasury,NA,0,0,0,0,1,3,0,0,9,1.828,0.424,46.22,24.96,0.927,0,0,0
S02935,2026-09-10 20:15:00,mukwambi,Human Resources,NA,0,0,2,0,1,1,0,0,12,11.73,0.0,30.51,13.83,5.579,0,0,1
S02936,2026-09-09 06:43:00,kndjavera,Compliance,NA,0,0,1,0,1,2,2,0,21,29.372,4.834,12.7,7.53,1.983,0,0,1
S02937,2026-09-12 15:07:00,ndjaba,Customer Service,BW,0,0,3,1,1,2,0,0,9,11.754,0.489,10.95,8.86,0.615,0,0,0
S02938,2026-09-09 18:06:00,sankwasa,Procurement,NA,0,0,0,0,1,3,1,1,17,15.281,0.673,60.08,10.83,0.558,0,1,1
S02939,2026-09-11 19:51:00,mukwambi,Human Resources,NA,0,0,0,0,1,3,0,0,14,25.17,0.486,15.55,4.62,1.906,0,0,0
S02940,2026-09-07 08:33:00,tshivute,Finance,NA,0,0,0,0,1,4,0,1,13,5.991,0.0,8.05,8.12,1.08,0,0,1
S02941,2026-09-08 18:49:00,katjiuongua,Information Technology,NA,0,0,0,0,1,1,0,0,9,13.075,2.997,24.78,12.13,0.154,0,0,0
S02942,2026-09-13 21:46:00,katjiuongua,Information Technology,NA,0,0,1,0,1,2,1,1,18,23.613,0.0,37.72,11.39,2.175,0,0,0
S02943,2026-09-10 15:45:00,shapaka,Executive,NA,0,0,0,0,1,3,0,0,11,1.996,0.0,39.02,32.99,0.596,0,0,0
S02944,2026-09-13 18:23:00,tkamati,Customer Service,NA,0,0,0,0,1,4,1,2,19,2.738,1.645,24.05,19.05,1.362,0,1,0
S02945,2026-09-09 09:30:00,nghifindaka,Information Technology,NA,0,1,0,1,1,4,2,0,14,15.143,1.026,15.88,32.78,0.695,0,0,1
S02946,2026-09-14 00:14:00,katjiuongua,Information Technology,NA,0,0,1,1,1,3,0,0,18,4.685,0.0,32.7,10.35,0.303,0,0,0
S02947,2026-09-09 10:16:00,murorua,Risk,ZA,0,0,1,0,0,3,0,0,10,14.278,0.0,30.43,1.1,1.67,0,0,0
S02948,2026-09-13 11:31:00,nghifindaka,Information Technology,NA,0,0,0,0,1,2,0,0,10,8.271,0.0,5.21,9.2,2.425,0,0,0
S02949,2026-09-09 15:40:00,kndjavera,Compliance,NA,0,0,1,0,1,5,0,1,13,8.203,0.0,4.92,15.36,0.48,0,0,0
S02950,2026-09-08 16:29:00,mhaingura,Customer Service,NA,0,0,3,0,1,3,0,0,21,4.142,0.0,34.57,1.46,1.904,0,0,0
S02951,2026-09-09 06:11:00,tshivute,Finance,NA,0,0,2,0,1,2,0,0,13,5.555,4.541,59.38,4.69,0.65,0,0,0
S02952,2026-09-12 12:22:00,nduminga,Customer Service,NA,0,0,0,0,0,3,1,1,13,2.595,0.248,28.12,2.27,2.553,0,1,1
S02953,2026-09-07 19:03:00,mhaingura,Customer Service,NA,0,1,1,0,1,3,0,0,14,26.056,0.0,9.9,12.07,1.513,0,0,0
S02954,2026-09-07 10:31:00,nghifindaka,Information Technology,NA,0,0,0,0,1,1,0,0,15,1.71,0.0,2.17,3.72,2.643,0,0,0
S02955,2026-09-10 18:24:00,murorua,Risk,NA,0,0,2,0,1,2,0,1,14,27.342,0.745,0.91,15.43,0.229,0,0,0
S02956,2026-09-11 12:21:00,shilongo,Loans,NA,0,0,1,1,1,4,0,0,15,6.839,0.0,8.79,14.29,0.66,0,0,0
S02957,2026-09-09 06:04:00,nambala,Loans,NA,0,1,1,0,1,3,0,0,14,9.768,0.0,11.26,12.72,0.682,0,0,0
S02958,2026-09-09 14:31:00,sihuhua,Customer Service,NA,0,0,1,0,1,4,2,2,23,35.131,0.521,10.05,2.42,0.634,0,0,0
S02959,2026-09-09 04:48:00,tkamati,Customer Service,NA,0,0,0,0,1,3,0,0,22,7.141,0.444,15.17,13.25,1.977,0,0,0
S02960,2026-09-13 15:59:00,nghifindaka,Information Technology,BW,0,1,1,0,1,2,1,0,15,5.08,1.372,6.0,13.74,1.539,0,0,0
S02961,2026-09-11 07:00:00,amupanda,Compliance,NA,0,0,1,0,1,3,2,2,15,2.298,0.0,5.51,9.11,2.983,0,0,0
S02962,2026-09-09 22:29:00,tshivute,Finance,NA,0,0,1,0,1,4,0,1,10,10.993,0.0,4.88,1.11,2.156,0,0,0
S02963,2026-09-09 09:56:00,nnakale,Customer Service,NA,0,0,0,0,1,1,0,0,18,10.366,0.0,4.96,20.64,3.406,0,0,0
S02964,2026-09-08 06:14:00,hamukwaya,Treasury,NA,0,0,1,0,1,2,0,0,13,10.076,0.0,24.21,3.3,0.425,0,0,0
S02965,2026-09-09 06:58:00,tshivute,Finance,NA,0,0,0,0,1,2,0,0,14,5.236,0.245,10.17,36.67,3.307,0,0,0
S02966,2026-09-10 09:50:00,tkamati,Customer Service,ZA,1,0,2,0,1,1,0,0,14,3.21,0.0,1.49,26.04,4.852,0,0,1
S02967,2026-09-13 17:10:00,jkavari,Finance,NA,0,0,0,0,1,4,1,0,24,28.438,0.0,41.04,18.11,1.534,0,0,0
S02968,2026-09-08 00:35:00,shilongo,Loans,NA,0,0,2,0,1,1,0,0,14,4.57,0.259,2.25,10.46,2.407,0,0,0
S02969,2026-09-08 06:04:00,kndjavera,Compliance,NA,0,0,0,0,1,2,0,0,13,6.877,0.56,5.84,18.72,2.151,0,0,0
S02970,2026-09-07 09:13:00,mukwambi,Human Resources,ZA,0,0,1,0,1,2,1,0,17,14.409,0.0,35.51,24.46,4.204,0,0,1
S02971,2026-09-07 14:17:00,nnakale,Customer Service,NA,1,0,0,0,1,6,1,1,10,7.449,0.0,2.44,12.59,4.226,0,1,1
S02972,2026-09-07 16:26:00,nambala,Loans,NA,0,0,1,0,1,4,0,0,11,1.624,0.797,16.44,6.12,1.017,0,0,0
S02973,2026-09-09 02:58:00,haufiku,Information Technology,NA,0,1,0,0,1,4,0,0,11,9.636,0.0,3.28,25.53,3.564,0,0,0
S02974,2026-09-11 17:40:00,sihuhua,Customer Service,NA,0,0,0,0,1,1,0,0,13,5.819,0.0,6.93,13.71,0.318,0,0,0
S02975,2026-09-11 16:25:00,shapaka,Executive,NA,0,0,0,0,1,4,1,0,16,23.723,0.444,19.76,3.5,2.167,0,0,0
S02976,2026-09-13 20:03:00,mbandeka,Legal,NA,0,0,0,1,1,2,0,0,9,22.297,0.0,24.5,12.73,1.138,0,0,0
S02977,2026-09-07 03:19:00,kndjavera,Compliance,NA,0,0,0,0,1,1,0,0,10,1.478,2.353,1.02,0.79,1.452,0,0,1
S02978,2026-09-11 23:41:00,sankwasa,Procurement,NA,0,0,0,0,1,2,0,0,15,15.719,1.931,44.97,4.44,1.907,0,0,0
S02979,2026-09-11 03:45:00,ntinda,Marketing,NA,0,0,1,1,1,4,0,0,13,11.053,0.0,28.68,9.72,0.063,0,0,0
S02980,2026-09-09 15:42:00,jkavari,Finance,NA,0,0,0,1,1,6,0,0,9,14.688,0.484,15.36,0.87,4.055,0,0,0
S02981,2026-09-13 21:29:00,sihuhua,Customer Service,NA,0,0,0,1,1,5,0,0,12,6.032,0.0,0.6,5.29,0.461,0,0,0
S02982,2026-09-11 09:58:00,sihuhua,Customer Service,NA,1,0,0,0,1,1,1,1,26,6.383,0.203,29.95,4.49,0.211,0,1,1
S02983,2026-09-11 16:19:00,sankwasa,Procurement,NA,0,0,0,1,1,4,1,0,10,6.323,0.0,15.0,4.94,4.494,0,0,0
S02984,2026-09-13 18:57:00,ntinda,Marketing,NA,0,0,1,1,1,2,0,0,10,19.026,1.395,12.14,10.24,1.48,0,0,0
S02985,2026-09-13 01:20:00,pnakale,Human Resources,NA,0,0,1,0,1,3,0,0,15,13.508,3.649,8.01,40.83,1.89,0,0,0
S02986,2026-09-10 21:16:00,shapaka,Executive,NA,0,0,1,1,1,8,0,0,15,4.89,0.0,1.4,5.03,1.791,0,0,0
S02987,2026-09-09 15:14:00,nduminga,Customer Service,NA,0,0,0,0,1,4,0,0,15,7.354,0.0,24.67,26.24,1.368,0,0,0
S02988,2026-09-10 06:56:00,shapaka,Executive,NA,0,0,0,0,1,7,1,1,10,23.739,1.498,27.0,19.95,2.973,0,1,1
S02989,2026-09-10 21:14:00,nghifindaka,Information Technology,NA,0,0,1,0,1,7,0,0,11,2.472,0.093,5.41,7.19,4.337,0,0,0
S02990,2026-09-13 09:17:00,sihuhua,Customer Service,NA,0,0,0,1,1,3,0,0,16,10.424,1.035,20.36,1.53,0.938,0,0,0
S02991,2026-09-08 21:03:00,amupanda,Compliance,NA,0,0,0,0,1,1,0,0,11,15.489,2.912,31.97,37.57,1.238,0,0,0
S02992,2026-09-09 05:00:00,murorua,Risk,NA,0,0,0,0,1,2,0,0,13,17.978,1.858,23.4,7.17,2.808,0,0,0
S02993,2026-09-13 14:20:00,haufiku,Information Technology,NA,0,0,1,0,1,1,1,0,10,29.458,0.0,0.77,17.72,0.405,0,0,0
S02994,2026-09-08 16:56:00,haufiku,Information Technology,NA,0,0,0,1,1,1,1,0,18,12.375,0.411,20.33,16.81,2.045,0,0,0
S02995,2026-09-13 00:42:00,mbandeka,Legal,NA,0,0,1,0,1,6,0,0,15,9.584,0.503,45.06,9.91,0.92,0,0,0
S02996,2026-09-13 23:42:00,tkamati,Customer Service,NA,0,0,1,1,1,3,0,0,12,2.559,0.0,18.83,49.11,0.526,0,0,0
S02997,2026-09-12 05:13:00,nnakale,Customer Service,NA,0,0,0,0,1,3,1,0,16,9.05,1.94,12.39,12.0,2.738,0,0,0
S02998,2026-09-12 21:00:00,nnakale,Customer Service,NA,0,0,0,0,1,1,0,0,12,19.669,0.0,1.97,14.53,2.908,0,0,0
S02999,2026-09-07 12:36:00,tjirera,Internal Audit,NA,0,0,1,1,1,1,0,0,9,2.81,0.077,16.01,7.41,1.378,0,0,0
S03000,2026-09-08 08:12:00,hamukwaya,Treasury,NA,0,0,0,0,1,4,0,0,10,10.359,0.53,13.14,28.3,0.399,0,0,0
