event_id,timestamp,user_id,source_asset,target_asset,resource_path,resource_group,action,status,bytes_transferred,sensitivity
X00001,2026-09-07 06:02:49,mhaingura,WKST-CS-017,DB-CRM-01,/crm/customer/profile/record-3497.json,CRM_BASIC,DOWNLOAD,SUCCESS,15023,Internal
X00002,2026-09-07 06:11:48,pnakale,WKST-HR-002,FS-FIN-01,/payroll/monthly/2026-08/record-3391.json,PAYROLL_READ,READ,SUCCESS,19832,Confidential
X00003,2026-09-07 06:14:10,shilongo,WKST-LOAN-018,FS-KYC-01,/customer/records/individual/record-8262.json,CUSTOMER_BASIC,READ,SUCCESS,19403,Confidential
X00004,2026-09-07 06:16:08,nghifindaka,WKST-IT-005,FS-FIN-01,/audit/security/record-5467.json,AUDIT,DOWNLOAD,SUCCESS,5236,Restricted
X00005,2026-09-07 06:24:42,tkamati,WKST-CS-011,DB-CRM-01,/crm/interactions/today/record-5748.json,CRM_BASIC,UPDATE,SUCCESS,2514,Internal
X00006,2026-09-07 06:25:15,kndjavera,WKST-CMP-009,FS-KYC-01,/customer/kyc/high-risk/record-3944.json,CUSTOMER_EXPORT,UPDATE,SUCCESS,3013,Restricted
X00007,2026-09-07 06:37:04,sihuhua,WKST-SWK-008,DB-CRM-01,/crm/interactions/today/record-9412.json,CRM_BASIC,UPDATE,SUCCESS,2332,Internal
X00008,2026-09-07 06:38:09,jkavari,WKST-FIN-021,FS-FIN-01,/finance/general-ledger/record-7590.json,FINANCE,READ,SUCCESS,72180,Confidential
X00009,2026-09-07 07:00:45,kndjavera,WKST-CMP-009,FS-FIN-01,/audit/security/record-1186.json,AUDIT,LIST,SUCCESS,2738,Restricted
X00010,2026-09-07 07:19:58,hamukwaya,WKST-TRY-007,DB-CRM-01,/crm/customer/profile/record-2410.json,CRM_BASIC,READ,SUCCESS,4512,Internal
X00011,2026-09-07 07:21:02,kndjavera,WKST-CMP-009,FS-FIN-01,/audit/security/record-2965.json,AUDIT,LIST,SUCCESS,3667,Restricted
X00012,2026-09-07 07:25:29,mukwambi,WKST-HR-014,FS-FIN-01,/payroll/monthly/2026-08/record-9603.json,PAYROLL_READ,UPDATE,SUCCESS,111,Confidential
X00013,2026-09-07 07:30:12,ndjaba,WKST-OND-004,DB-CRM-01,/crm/interactions/today/record-4447.json,CRM_BASIC,UPDATE,SUCCESS,1891,Internal
X00014,2026-09-07 07:30:41,tjirera,WKST-AUD-004,FS-HR-01,/hr/recruitment/record-7169.json,HR,READ,SUCCESS,4924,Confidential
X00015,2026-09-07 07:44:28,pnakale,WKST-HR-002,FS-HR-01,/hr/terminations/record-2946.json,HR_CONFIDENTIAL,UPDATE,DENIED,3535,Restricted
X00016,2026-09-07 07:48:08,sihuhua,WKST-SWK-008,DB-CRM-01,/crm/interactions/today/record-4807.json,CRM_BASIC,UPDATE,SUCCESS,3502,Internal
X00017,2026-09-07 07:49:25,mbandeka,WKST-LGL-005,FS-KYC-01,/customer/contacts/recent/record-1014.json,CUSTOMER_BASIC,READ,SUCCESS,27013,Confidential
X00018,2026-09-07 07:50:34,ndjaba,WKST-OND-004,FS-KYC-01,/customer/contacts/recent/record-8265.json,CUSTOMER_BASIC,UPDATE,SUCCESS,1840,Confidential
X00019,2026-09-07 07:50:49,shapaka,WKST-EXE-002,DB-CRM-01,/crm/cases/open/record-9714.json,CRM_BASIC,READ,SUCCESS,5073,Internal
X00020,2026-09-07 08:01:13,pnakale,WKST-HR-002,FS-HR-01,/hr/terminations/record-4747.json,HR_CONFIDENTIAL,READ,SUCCESS,19726,Restricted
X00021,2026-09-07 08:04:05,hamukwaya,WKST-TRY-007,DB-CRM-01,/crm/cases/open/record-9219.json,CRM_BASIC,LIST,SUCCESS,2127,Internal
X00022,2026-09-07 08:15:18,nnakale,WKST-CS-006,DB-CRM-01,/crm/cases/open/record-1385.json,CRM_BASIC,READ,SUCCESS,7695,Internal
X00023,2026-09-07 08:17:59,jkavari,WKST-FIN-021,FS-FIN-01,/finance/budgets/2026/record-3469.json,FINANCE,READ,SUCCESS,4112,Confidential
X00024,2026-09-07 08:28:03,mukwambi,WKST-HR-014,FS-FIN-01,/payroll/allowances/record-2658.json,PAYROLL_READ,READ,SUCCESS,4225,Confidential
X00025,2026-09-07 08:44:22,haufiku,WKST-SOC-003,FS-KYC-01,/customer/exports/regulatory/record-1713.json,CUSTOMER_EXPORT,LIST,SUCCESS,4251,Restricted
X00026,2026-09-07 08:49:19,nghifindaka,WKST-IT-005,FS-FIN-01,/audit/security/record-1707.json,AUDIT,DOWNLOAD,SUCCESS,5745,Restricted
X00027,2026-09-07 08:50:23,nduminga,WKST-SWK-002,DB-CRM-01,/crm/customer/profile/record-9762.json,CRM_BASIC,UPDATE,SUCCESS,879,Internal
X00028,2026-09-07 08:54:26,nnakale,WKST-CS-006,FS-KYC-01,/customer/records/individual/record-2836.json,CUSTOMER_BASIC,UPDATE,SUCCESS,865,Confidential
X00029,2026-09-07 09:04:29,sankwasa,WKST-PRC-008,DB-CRM-01,/crm/customer/profile/record-2075.json,CRM_BASIC,READ,SUCCESS,5049,Internal
X00030,2026-09-07 09:22:54,haufiku,WKST-SOC-003,FS-KYC-01,/customer/exports/regulatory/record-4218.json,CUSTOMER_EXPORT,UPDATE,SUCCESS,1141,Restricted
X00031,2026-09-07 09:34:23,nghifindaka,WKST-IT-005,FS-FIN-01,/audit/security/record-7752.json,AUDIT,READ,SUCCESS,2503,Restricted
X00032,2026-09-07 09:40:05,nambala,WKST-SWK-012,FS-KYC-01,/customer/records/individual/record-4037.json,CUSTOMER_BASIC,READ,SUCCESS,2491,Confidential
X00033,2026-09-07 09:44:55,mukwambi,WKST-HR-014,FS-FIN-01,/payroll/monthly/2026-08/record-8510.json,PAYROLL_READ,READ,SUCCESS,5718,Confidential
X00034,2026-09-07 09:45:45,ntinda,WKST-MKT-010,DB-CRM-01,/crm/cases/open/record-4855.json,CRM_BASIC,READ,SUCCESS,9465,Internal
X00035,2026-09-07 09:53:27,mhaingura,WKST-CS-017,FS-KYC-01,/customer/records/individual/record-6990.json,CUSTOMER_BASIC,UPDATE,SUCCESS,2807,Confidential
X00036,2026-09-07 09:57:25,hamukwaya,WKST-TRY-007,DB-CRM-01,/crm/customer/profile/record-8760.json,CRM_BASIC,READ,SUCCESS,3166,Internal
X00037,2026-09-07 10:01:27,nambala,WKST-SWK-012,FS-KYC-01,/customer/contacts/recent/record-9598.json,CUSTOMER_BASIC,READ,SUCCESS,8166,Confidential
X00038,2026-09-07 10:04:23,tjirera,WKST-AUD-004,FS-FIN-01,/audit/security/record-8678.json,AUDIT,LIST,SUCCESS,4380,Restricted
X00039,2026-09-07 10:05:29,ntinda,WKST-MKT-010,DB-CRM-01,/crm/cases/open/record-6958.json,CRM_BASIC,READ,SUCCESS,14962,Internal
X00040,2026-09-07 10:13:32,mukwambi,WKST-HR-014,FS-HR-01,/hr/leave/record-5481.json,HR,READ,SUCCESS,13168,Confidential
X00041,2026-09-07 10:18:43,murorua,WKST-RSK-006,FS-FIN-01,/audit/access-reviews/record-1253.json,AUDIT,READ,SUCCESS,1022,Restricted
X00042,2026-09-07 10:24:45,nnakale,WKST-CS-006,DB-CRM-01,/crm/interactions/today/record-9522.json,CRM_BASIC,DOWNLOAD,SUCCESS,4759,Internal
X00043,2026-09-07 10:26:08,mukwambi,WKST-HR-014,FS-FIN-01,/payroll/monthly/2026-08/record-4838.json,PAYROLL_READ,DOWNLOAD,SUCCESS,12438,Confidential
X00044,2026-09-07 10:30:04,kndjavera,WKST-CMP-009,FS-FIN-01,/audit/access-reviews/record-2900.json,AUDIT,READ,SUCCESS,3147,Restricted
X00045,2026-09-07 10:30:58,nghifindaka,WKST-IT-005,FS-FIN-01,/admin/server-config/record-1003.json,IT_ADMIN,READ,SUCCESS,5252,Restricted
X00046,2026-09-07 10:43:09,murorua,WKST-RSK-006,FS-FIN-01,/audit/security/record-1897.json,AUDIT,READ,SUCCESS,3063,Restricted
X00047,2026-09-07 10:43:50,murorua,WKST-RSK-006,FS-FIN-01,/audit/security/record-3794.json,AUDIT,LIST,SUCCESS,4678,Restricted
X00048,2026-09-07 10:47:13,sihuhua,WKST-SWK-008,FS-KYC-01,/customer/records/individual/record-3781.json,CUSTOMER_BASIC,UPDATE,SUCCESS,644,Confidential
X00049,2026-09-07 10:47:29,nduminga,WKST-SWK-002,FS-KYC-01,/customer/kyc/high-risk/record-2837.json,CUSTOMER_EXPORT,UPDATE,SUCCESS,690,Restricted
X00050,2026-09-07 10:47:49,sankwasa,WKST-PRC-008,DB-CRM-01,/crm/interactions/today/record-7066.json,CRM_BASIC,UPDATE,SUCCESS,340,Internal
X00051,2026-09-07 10:50:32,mhaingura,WKST-CS-017,FS-KYC-01,/customer/records/individual/record-4397.json,CUSTOMER_BASIC,READ,SUCCESS,6209,Confidential
X00052,2026-09-07 10:55:38,ntinda,WKST-MKT-010,DB-CRM-01,/crm/cases/open/record-3013.json,CRM_BASIC,UPDATE,SUCCESS,3010,Internal
X00053,2026-09-07 10:55:38,jkavari,WKST-FIN-021,FS-FIN-01,/finance/budgets/2026/record-4820.json,FINANCE,READ,SUCCESS,7880,Confidential
X00054,2026-09-07 10:59:24,jkavari,WKST-FIN-021,FS-FIN-01,/finance/general-ledger/record-5629.json,FINANCE,READ,SUCCESS,6563,Confidential
X00055,2026-09-07 11:02:08,shapaka,WKST-EXE-002,DB-CRM-01,/crm/interactions/today/record-2044.json,CRM_BASIC,READ,SUCCESS,22806,Internal
X00056,2026-09-07 11:02:40,sankwasa,WKST-PRC-008,DB-CRM-01,/crm/customer/profile/record-9979.json,CRM_BASIC,UPDATE,SUCCESS,3003,Internal
X00057,2026-09-07 11:05:42,murorua,WKST-RSK-006,FS-FIN-01,/audit/security/record-5516.json,AUDIT,UPDATE,SUCCESS,276,Restricted
X00058,2026-09-07 11:08:52,shilongo,WKST-LOAN-018,FS-KYC-01,/customer/contacts/recent/record-5069.json,CUSTOMER_BASIC,READ,SUCCESS,14971,Confidential
X00059,2026-09-07 11:12:32,amupanda,WKST-CMP-003,FS-KYC-01,/customer/exports/regulatory/record-1108.json,CUSTOMER_EXPORT,UPDATE,SUCCESS,2375,Restricted
X00060,2026-09-07 11:13:18,mbandeka,WKST-LGL-005,FS-KYC-01,/customer/contacts/recent/record-2768.json,CUSTOMER_BASIC,READ,SUCCESS,1779,Confidential
X00061,2026-09-07 11:16:56,nduminga,WKST-SWK-002,FS-KYC-01,/customer/kyc/high-risk/record-3829.json,CUSTOMER_EXPORT,UPDATE,SUCCESS,3386,Restricted
X00062,2026-09-07 11:18:22,nghifindaka,WKST-IT-005,FS-FIN-01,/audit/security/record-6431.json,AUDIT,DOWNLOAD,SUCCESS,16119,Restricted
X00063,2026-09-07 11:23:27,tjirera,WKST-AUD-004,FS-KYC-01,/customer/exports/regulatory/record-2049.json,CUSTOMER_EXPORT,READ,SUCCESS,17113,Restricted
X00064,2026-09-07 11:29:34,tjirera,WKST-AUD-004,FS-FIN-01,/audit/security/record-3173.json,AUDIT,UPDATE,SUCCESS,1425,Restricted
X00065,2026-09-07 11:29:57,ndjaba,WKST-OND-004,DB-CRM-01,/crm/customer/profile/record-8202.json,CRM_BASIC,READ,SUCCESS,15018,Internal
X00066,2026-09-07 11:33:47,ntinda,WKST-MKT-010,DB-CRM-01,/crm/interactions/today/record-5723.json,CRM_BASIC,READ,SUCCESS,1579,Internal
X00067,2026-09-07 11:34:28,tshivute,WKST-FIN-004,FS-FIN-01,/payroll/allowances/record-8738.json,PAYROLL_READ,LIST,SUCCESS,3151,Confidential
X00068,2026-09-07 11:34:46,mukwambi,WKST-HR-014,FS-HR-01,/hr/recruitment/record-2279.json,HR,READ,SUCCESS,7313,Confidential
X00069,2026-09-07 11:37:29,sankwasa,WKST-PRC-008,DB-CRM-01,/crm/customer/profile/record-3298.json,CRM_BASIC,READ,SUCCESS,7171,Internal
X00070,2026-09-07 11:38:38,tkamati,WKST-CS-011,FS-KYC-01,/customer/records/individual/record-7693.json,CUSTOMER_BASIC,READ,SUCCESS,12179,Confidential
X00071,2026-09-07 11:45:17,nnakale,WKST-CS-006,FS-KYC-01,/customer/kyc/high-risk/record-3181.json,CUSTOMER_EXPORT,UPDATE,SUCCESS,473,Restricted
X00072,2026-09-07 11:45:40,tshivute,WKST-FIN-004,FS-FIN-01,/payroll/allowances/record-6490.json,PAYROLL_READ,READ,SUCCESS,27387,Confidential
X00073,2026-09-07 11:48:58,tkamati,WKST-CS-011,FS-KYC-01,/customer/records/individual/record-5864.json,CUSTOMER_BASIC,READ,SUCCESS,11687,Confidential
X00074,2026-09-07 11:52:48,katjiuongua,WKST-IT-012,FS-FIN-01,/admin/directory/record-2254.json,IT_ADMIN,READ,SUCCESS,23531,Restricted
X00075,2026-09-07 12:05:20,sankwasa,WKST-PRC-008,DB-CRM-01,/crm/customer/profile/record-6465.json,CRM_BASIC,READ,SUCCESS,1066,Internal
X00076,2026-09-07 12:08:38,tkamati,WKST-CS-011,DB-CRM-01,/crm/interactions/today/record-6570.json,CRM_BASIC,LIST,SUCCESS,3345,Internal
X00077,2026-09-07 12:11:40,kndjavera,WKST-CMP-009,FS-KYC-01,/customer/kyc/high-risk/record-5432.json,CUSTOMER_EXPORT,LIST,SUCCESS,4210,Restricted
X00078,2026-09-07 12:14:53,ntinda,WKST-MKT-010,DB-CRM-01,/crm/customer/profile/record-7545.json,CRM_BASIC,READ,SUCCESS,6070,Internal
X00079,2026-09-07 12:15:51,shilongo,WKST-LOAN-018,FS-KYC-01,/customer/records/individual/record-3679.json,CUSTOMER_BASIC,READ,SUCCESS,6623,Confidential
X00080,2026-09-07 12:18:20,nnakale,WKST-CS-006,FS-KYC-01,/customer/exports/regulatory/record-3977.json,CUSTOMER_EXPORT,READ,SUCCESS,15306,Restricted
X00081,2026-09-07 12:18:29,ntinda,WKST-MKT-010,DB-CRM-01,/crm/interactions/today/record-4999.json,CRM_BASIC,READ,SUCCESS,48029,Internal
X00082,2026-09-07 12:19:47,ntinda,WKST-MKT-010,DB-CRM-01,/crm/interactions/today/record-2786.json,CRM_BASIC,READ,DENIED,16177,Internal
X00083,2026-09-07 12:25:27,tjirera,WKST-AUD-004,FS-FIN-01,/finance/budgets/2026/record-8623.json,FINANCE,READ,SUCCESS,16923,Confidential
X00084,2026-09-07 12:29:24,shapaka,WKST-EXE-002,DB-CRM-01,/crm/cases/open/record-9244.json,CRM_BASIC,LIST,SUCCESS,2222,Internal
X00085,2026-09-07 12:35:48,pnakale,WKST-HR-002,FS-HR-01,/hr/disciplinary/record-9175.json,HR_CONFIDENTIAL,READ,SUCCESS,16350,Restricted
X00086,2026-09-07 12:35:56,haufiku,WKST-SOC-003,FS-FIN-01,/audit/access-reviews/record-8137.json,AUDIT,DOWNLOAD,SUCCESS,25700,Restricted
X00087,2026-09-07 12:39:55,tkamati,WKST-CS-011,DB-CRM-01,/crm/interactions/today/record-9956.json,CRM_BASIC,READ,SUCCESS,39383,Internal
X00088,2026-09-07 12:42:58,tjirera,WKST-AUD-004,FS-KYC-01,/customer/kyc/exports/2026-Q3/record-7909.json,CUSTOMER_EXPORT,UPDATE,SUCCESS,4143,Restricted
X00089,2026-09-07 12:46:37,tshivute,WKST-FIN-004,FS-FIN-01,/finance/budgets/2026/record-3895.json,FINANCE,READ,SUCCESS,123034,Confidential
X00090,2026-09-07 12:46:56,shilongo,WKST-LOAN-018,FS-KYC-01,/customer/contacts/recent/record-4420.json,CUSTOMER_BASIC,DOWNLOAD,SUCCESS,43146,Confidential
X00091,2026-09-07 12:51:51,hamukwaya,WKST-TRY-007,DB-CRM-01,/crm/customer/profile/record-9214.json,CRM_BASIC,READ,SUCCESS,29318,Internal
X00092,2026-09-07 12:56:55,murorua,WKST-RSK-006,FS-FIN-01,/audit/security/record-4447.json,AUDIT,READ,SUCCESS,4106,Restricted
X00093,2026-09-07 12:59:46,tjirera,WKST-AUD-004,FS-HR-01,/hr/leave/record-5454.json,HR,LIST,SUCCESS,4486,Confidential
X00094,2026-09-07 13:14:01,pnakale,WKST-HR-002,FS-HR-01,/hr/disciplinary/record-1946.json,HR_CONFIDENTIAL,LIST,SUCCESS,704,Restricted
X00095,2026-09-07 13:18:32,nnakale,WKST-CS-006,FS-KYC-01,/customer/records/individual/record-7450.json,CUSTOMER_BASIC,LIST,SUCCESS,581,Confidential
X00096,2026-09-07 13:20:48,pnakale,WKST-HR-002,FS-HR-01,/hr/recruitment/record-4097.json,HR,LIST,SUCCESS,3488,Confidential
X00097,2026-09-07 13:22:03,mukwambi,WKST-HR-014,FS-HR-01,/hr/leave/record-8122.json,HR,LIST,SUCCESS,536,Confidential
X00098,2026-09-07 13:24:11,mukwambi,WKST-HR-014,FS-HR-01,/hr/recruitment/record-4011.json,HR,LIST,SUCCESS,1396,Confidential
X00099,2026-09-07 13:24:56,jkavari,WKST-FIN-021,FS-FIN-01,/finance/general-ledger/record-7412.json,FINANCE,READ,SUCCESS,66202,Confidential
X00100,2026-09-07 13:29:57,hamukwaya,WKST-TRY-007,DB-CRM-01,/crm/customer/profile/record-8041.json,CRM_BASIC,READ,SUCCESS,11448,Internal
X00101,2026-09-07 13:31:03,mukwambi,WKST-HR-014,FS-FIN-01,/payroll/allowances/record-3174.json,PAYROLL_READ,LIST,SUCCESS,1583,Confidential
X00102,2026-09-07 13:44:49,tjirera,WKST-AUD-004,FS-FIN-01,/audit/security/record-6822.json,AUDIT,READ,DENIED,7043,Restricted
X00103,2026-09-07 13:47:33,nnakale,WKST-CS-006,FS-KYC-01,/customer/kyc/exports/2026-Q3/record-2330.json,CUSTOMER_EXPORT,DOWNLOAD,SUCCESS,3576,Restricted
X00104,2026-09-07 13:47:53,murorua,WKST-RSK-006,FS-FIN-01,/audit/security/record-1740.json,AUDIT,READ,SUCCESS,8790,Restricted
X00105,2026-09-07 13:55:38,katjiuongua,WKST-IT-012,FS-FIN-01,/admin/directory/record-6335.json,IT_ADMIN,UPDATE,SUCCESS,3123,Restricted
X00106,2026-09-07 13:56:18,hamukwaya,WKST-TRY-007,DB-CRM-01,/crm/customer/profile/record-9222.json,CRM_BASIC,READ,SUCCESS,1405,Internal
X00107,2026-09-07 14:01:18,sihuhua,WKST-SWK-008,DB-CRM-01,/crm/customer/profile/record-8739.json,CRM_BASIC,READ,SUCCESS,19653,Internal
X00108,2026-09-07 14:02:59,mbandeka,WKST-LGL-005,FS-KYC-01,/customer/contacts/recent/record-3649.json,CUSTOMER_BASIC,READ,SUCCESS,11591,Confidential
X00109,2026-09-07 14:03:16,katjiuongua,WKST-IT-012,FS-FIN-01,/admin/directory/record-7070.json,IT_ADMIN,READ,SUCCESS,5418,Restricted
X00110,2026-09-07 14:07:08,tkamati,WKST-CS-011,DB-CRM-01,/crm/cases/open/record-9620.json,CRM_BASIC,DOWNLOAD,SUCCESS,142778,Internal
X00111,2026-09-07 14:08:45,haufiku,WKST-SOC-003,FS-FIN-01,/audit/security/record-8382.json,AUDIT,READ,DENIED,48276,Restricted
X00112,2026-09-07 14:20:14,tkamati,WKST-CS-011,DB-CRM-01,/crm/customer/profile/record-6778.json,CRM_BASIC,READ,DENIED,94987,Internal
X00113,2026-09-07 14:23:21,nambala,WKST-SWK-012,FS-KYC-01,/customer/records/individual/record-7070.json,CUSTOMER_BASIC,READ,SUCCESS,24039,Confidential
X00114,2026-09-07 14:32:56,ntinda,WKST-MKT-010,DB-CRM-01,/crm/customer/profile/record-9102.json,CRM_BASIC,LIST,SUCCESS,1102,Internal
X00115,2026-09-07 14:41:17,nambala,WKST-SWK-012,FS-KYC-01,/customer/contacts/recent/record-9120.json,CUSTOMER_BASIC,READ,SUCCESS,25730,Confidential
X00116,2026-09-07 14:45:45,shapaka,WKST-EXE-002,DB-CRM-01,/crm/cases/open/record-9208.json,CRM_BASIC,UPDATE,DENIED,3223,Internal
X00117,2026-09-07 14:52:51,nduminga,WKST-SWK-002,FS-KYC-01,/customer/exports/regulatory/record-7331.json,CUSTOMER_EXPORT,READ,SUCCESS,9269,Restricted
X00118,2026-09-07 14:55:01,murorua,WKST-RSK-006,FS-FIN-01,/audit/security/record-4172.json,AUDIT,LIST,SUCCESS,3094,Restricted
X00119,2026-09-07 15:05:38,shapaka,WKST-EXE-002,DB-CRM-01,/crm/cases/open/record-2011.json,CRM_BASIC,READ,SUCCESS,21249,Internal
X00120,2026-09-07 15:17:44,ntinda,WKST-MKT-010,DB-CRM-01,/crm/interactions/today/record-4292.json,CRM_BASIC,DOWNLOAD,SUCCESS,23057,Internal
X00121,2026-09-07 15:29:24,ntinda,WKST-MKT-010,DB-CRM-01,/crm/cases/open/record-7890.json,CRM_BASIC,READ,SUCCESS,17411,Internal
X00122,2026-09-07 15:31:19,mbandeka,WKST-LGL-005,FS-KYC-01,/customer/contacts/recent/record-8058.json,CUSTOMER_BASIC,UPDATE,SUCCESS,4505,Confidential
X00123,2026-09-07 15:35:47,mukwambi,WKST-HR-014,FS-FIN-01,/payroll/allowances/record-1028.json,PAYROLL_READ,LIST,SUCCESS,3448,Confidential
X00124,2026-09-07 15:43:45,murorua,WKST-RSK-006,FS-FIN-01,/audit/access-reviews/record-1565.json,AUDIT,UPDATE,SUCCESS,2236,Restricted
X00125,2026-09-07 15:44:50,sihuhua,WKST-SWK-008,FS-KYC-01,/customer/contacts/recent/record-6640.json,CUSTOMER_BASIC,UPDATE,DENIED,1046,Confidential
X00126,2026-09-07 15:45:18,shilongo,WKST-LOAN-018,FS-KYC-01,/customer/records/individual/record-6709.json,CUSTOMER_BASIC,READ,SUCCESS,1280,Confidential
X00127,2026-09-07 16:02:34,nambala,WKST-SWK-012,FS-KYC-01,/customer/records/individual/record-6350.json,CUSTOMER_BASIC,READ,SUCCESS,6641,Confidential
X00128,2026-09-07 16:03:57,tkamati,WKST-CS-011,DB-CRM-01,/crm/customer/profile/record-9647.json,CRM_BASIC,DOWNLOAD,SUCCESS,500,Internal
X00129,2026-09-07 16:10:01,mhaingura,WKST-CS-017,DB-CRM-01,/crm/customer/profile/record-5190.json,CRM_BASIC,UPDATE,SUCCESS,1757,Internal
X00130,2026-09-07 16:12:00,nambala,WKST-SWK-012,FS-KYC-01,/customer/contacts/recent/record-4106.json,CUSTOMER_BASIC,LIST,SUCCESS,2758,Confidential
X00131,2026-09-07 16:28:43,tkamati,WKST-CS-011,DB-CRM-01,/crm/customer/profile/record-9542.json,CRM_BASIC,UPDATE,SUCCESS,4133,Internal
X00132,2026-09-07 16:30:15,nambala,WKST-SWK-012,FS-KYC-01,/customer/contacts/recent/record-3891.json,CUSTOMER_BASIC,READ,SUCCESS,7067,Confidential
X00133,2026-09-07 16:34:14,mbandeka,WKST-LGL-005,FS-KYC-01,/customer/contacts/recent/record-1067.json,CUSTOMER_BASIC,DOWNLOAD,SUCCESS,6745,Confidential
X00134,2026-09-07 16:40:12,kndjavera,WKST-CMP-009,FS-FIN-01,/audit/security/record-7058.json,AUDIT,READ,SUCCESS,5738,Restricted
X00135,2026-09-07 16:44:12,shilongo,WKST-LOAN-018,FS-KYC-01,/customer/records/individual/record-3181.json,CUSTOMER_BASIC,READ,SUCCESS,70240,Confidential
X00136,2026-09-07 16:50:17,tjirera,WKST-AUD-004,FS-FIN-01,/finance/general-ledger/record-1136.json,FINANCE,READ,SUCCESS,9511,Confidential
X00137,2026-09-07 16:59:06,shilongo,WKST-LOAN-018,FS-KYC-01,/customer/records/individual/record-2878.json,CUSTOMER_BASIC,READ,SUCCESS,5810,Confidential
X00138,2026-09-07 17:00:00,mhaingura,WKST-CS-017,FS-KYC-01,/customer/records/individual/record-8316.json,CUSTOMER_BASIC,READ,SUCCESS,14067,Confidential
X00139,2026-09-07 17:02:12,tjirera,WKST-AUD-004,FS-FIN-01,/finance/general-ledger/record-9358.json,FINANCE,READ,SUCCESS,9866,Confidential
X00140,2026-09-07 17:16:22,haufiku,WKST-SOC-003,FS-KYC-01,/customer/exports/regulatory/record-3674.json,CUSTOMER_EXPORT,READ,SUCCESS,4631,Restricted
X00141,2026-09-07 17:22:02,tjirera,WKST-AUD-004,FS-KYC-01,/customer/kyc/exports/2026-Q3/record-2459.json,CUSTOMER_EXPORT,READ,SUCCESS,11179,Restricted
X00142,2026-09-07 17:24:38,nghifindaka,WKST-IT-005,FS-FIN-01,/audit/security/record-8424.json,AUDIT,READ,SUCCESS,9585,Restricted
X00143,2026-09-07 17:25:25,sihuhua,WKST-SWK-008,DB-CRM-01,/crm/cases/open/record-8315.json,CRM_BASIC,READ,SUCCESS,1505,Internal
X00144,2026-09-07 17:34:44,sihuhua,WKST-SWK-008,FS-KYC-01,/customer/contacts/recent/record-5822.json,CUSTOMER_BASIC,READ,SUCCESS,18476,Confidential
X00145,2026-09-07 17:43:08,sankwasa,WKST-PRC-008,DB-CRM-01,/crm/customer/profile/record-7678.json,CRM_BASIC,READ,SUCCESS,16352,Internal
X00146,2026-09-07 17:49:27,shilongo,WKST-LOAN-018,FS-KYC-01,/customer/contacts/recent/record-3090.json,CUSTOMER_BASIC,READ,SUCCESS,29149,Confidential
X00147,2026-09-07 18:13:20,haufiku,WKST-SOC-003,FS-KYC-01,/customer/kyc/high-risk/record-2295.json,CUSTOMER_EXPORT,UPDATE,SUCCESS,4437,Restricted
X00148,2026-09-07 18:15:49,hamukwaya,WKST-TRY-007,DB-CRM-01,/crm/interactions/today/record-8497.json,CRM_BASIC,UPDATE,SUCCESS,1603,Internal
X00149,2026-09-07 18:17:36,murorua,WKST-RSK-006,FS-FIN-01,/audit/security/record-2573.json,AUDIT,UPDATE,SUCCESS,3179,Restricted
X00150,2026-09-07 18:23:36,ntinda,WKST-MKT-010,DB-CRM-01,/crm/interactions/today/record-5843.json,CRM_BASIC,READ,SUCCESS,34276,Internal
X00151,2026-09-07 18:25:43,haufiku,WKST-SOC-003,FS-KYC-01,/customer/kyc/exports/2026-Q3/record-4149.json,CUSTOMER_EXPORT,READ,SUCCESS,11518,Restricted
X00152,2026-09-07 18:32:22,sankwasa,WKST-PRC-008,DB-CRM-01,/crm/cases/open/record-6336.json,CRM_BASIC,READ,SUCCESS,21945,Internal
X00153,2026-09-07 18:40:17,mhaingura,WKST-CS-017,DB-CRM-01,/crm/cases/open/record-9596.json,CRM_BASIC,READ,SUCCESS,19172,Internal
X00154,2026-09-07 18:41:44,sankwasa,WKST-PRC-008,DB-CRM-01,/crm/cases/open/record-3295.json,CRM_BASIC,DOWNLOAD,SUCCESS,16281,Internal
X00155,2026-09-07 18:49:30,mhaingura,WKST-CS-017,FS-KYC-01,/customer/records/individual/record-1475.json,CUSTOMER_BASIC,READ,SUCCESS,51249,Confidential
X00156,2026-09-07 18:51:32,ntinda,WKST-MKT-010,DB-CRM-01,/crm/customer/profile/record-2622.json,CRM_BASIC,LIST,SUCCESS,561,Internal
X00157,2026-09-07 19:01:03,ntinda,WKST-MKT-010,DB-CRM-01,/crm/interactions/today/record-8961.json,CRM_BASIC,READ,SUCCESS,13323,Internal
X00158,2026-09-07 19:10:18,tjirera,WKST-AUD-004,FS-FIN-01,/audit/access-reviews/record-1272.json,AUDIT,UPDATE,SUCCESS,2109,Restricted
X00159,2026-09-07 19:14:00,ntinda,WKST-MKT-010,DB-CRM-01,/crm/cases/open/record-6811.json,CRM_BASIC,LIST,SUCCESS,3998,Internal
X00160,2026-09-07 19:20:02,shilongo,WKST-LOAN-018,FS-KYC-01,/customer/records/individual/record-3579.json,CUSTOMER_BASIC,READ,SUCCESS,5835,Confidential
X00161,2026-09-07 19:25:12,haufiku,WKST-SOC-003,FS-KYC-01,/customer/kyc/high-risk/record-7775.json,CUSTOMER_EXPORT,UPDATE,SUCCESS,2592,Restricted
X00162,2026-09-07 19:29:53,sankwasa,WKST-PRC-008,DB-CRM-01,/crm/interactions/today/record-2593.json,CRM_BASIC,READ,SUCCESS,32161,Internal
X00163,2026-09-07 19:42:21,hamukwaya,WKST-TRY-007,DB-CRM-01,/crm/cases/open/record-1442.json,CRM_BASIC,UPDATE,SUCCESS,4954,Internal
X00164,2026-09-07 19:55:34,nduminga,WKST-SWK-002,DB-CRM-01,/crm/customer/profile/record-1960.json,CRM_BASIC,READ,SUCCESS,21040,Internal
X00165,2026-09-08 06:00:06,kndjavera,WKST-CMP-009,FS-KYC-01,/customer/kyc/exports/2026-Q3/record-3026.json,CUSTOMER_EXPORT,READ,SUCCESS,9707,Restricted
X00166,2026-09-08 06:08:47,mukwambi,WKST-HR-014,FS-FIN-01,/payroll/allowances/record-5652.json,PAYROLL_READ,READ,SUCCESS,6997,Confidential
X00167,2026-09-08 06:09:02,nambala,WKST-SWK-012,FS-KYC-01,/customer/contacts/recent/record-9411.json,CUSTOMER_BASIC,UPDATE,SUCCESS,1574,Confidential
X00168,2026-09-08 06:11:22,sankwasa,WKST-PRC-008,DB-CRM-01,/crm/cases/open/record-2237.json,CRM_BASIC,READ,SUCCESS,5988,Internal
X00169,2026-09-08 06:12:07,mhaingura,WKST-CS-017,FS-KYC-01,/customer/contacts/recent/record-6331.json,CUSTOMER_BASIC,DOWNLOAD,SUCCESS,29135,Confidential
X00170,2026-09-08 06:25:21,nghifindaka,WKST-IT-005,FS-FIN-01,/audit/security/record-1163.json,AUDIT,READ,SUCCESS,19323,Restricted
X00171,2026-09-08 06:25:24,nambala,WKST-SWK-012,FS-KYC-01,/customer/contacts/recent/record-3483.json,CUSTOMER_BASIC,DOWNLOAD,SUCCESS,53303,Confidential
X00172,2026-09-08 06:25:29,nnakale,WKST-CS-006,FS-KYC-01,/customer/kyc/exports/2026-Q3/record-1691.json,CUSTOMER_EXPORT,READ,SUCCESS,3280,Restricted
X00173,2026-09-08 06:32:07,tjirera,WKST-AUD-004,FS-FIN-01,/finance/general-ledger/record-2069.json,FINANCE,LIST,SUCCESS,3979,Confidential
X00174,2026-09-08 06:40:00,ntinda,WKST-MKT-010,DB-CRM-01,/crm/interactions/today/record-4939.json,CRM_BASIC,UPDATE,SUCCESS,1395,Internal
X00175,2026-09-08 06:42:13,kndjavera,WKST-CMP-009,FS-KYC-01,/customer/exports/regulatory/record-9536.json,CUSTOMER_EXPORT,DOWNLOAD,SUCCESS,4159,Restricted
X00176,2026-09-08 06:46:59,hamukwaya,WKST-TRY-007,DB-CRM-01,/crm/cases/open/record-1813.json,CRM_BASIC,READ,SUCCESS,7452,Internal
X00177,2026-09-08 06:49:42,kndjavera,WKST-CMP-009,FS-KYC-01,/customer/kyc/high-risk/record-7740.json,CUSTOMER_EXPORT,READ,SUCCESS,44235,Restricted
X00178,2026-09-08 06:54:36,hamukwaya,WKST-TRY-007,DB-CRM-01,/crm/interactions/today/record-8751.json,CRM_BASIC,LIST,DENIED,4860,Internal
X00179,2026-09-08 06:55:31,ntinda,WKST-MKT-010,DB-CRM-01,/crm/interactions/today/record-7917.json,CRM_BASIC,DOWNLOAD,DENIED,75327,Internal
X00180,2026-09-08 06:57:00,haufiku,WKST-SOC-003,FS-FIN-01,/audit/access-reviews/record-7769.json,AUDIT,READ,SUCCESS,7575,Restricted
X00181,2026-09-08 07:04:48,shilongo,WKST-LOAN-018,FS-KYC-01,/customer/contacts/recent/record-2182.json,CUSTOMER_BASIC,READ,SUCCESS,14238,Confidential
X00182,2026-09-08 07:15:03,shapaka,WKST-EXE-002,DB-CRM-01,/crm/customer/profile/record-9943.json,CRM_BASIC,READ,SUCCESS,12603,Internal
X00183,2026-09-08 07:18:49,tkamati,WKST-CS-011,FS-KYC-01,/customer/records/individual/record-4782.json,CUSTOMER_BASIC,LIST,SUCCESS,2714,Confidential
X00184,2026-09-08 07:22:23,nduminga,WKST-SWK-002,FS-KYC-01,/customer/kyc/high-risk/record-2142.json,CUSTOMER_EXPORT,UPDATE,SUCCESS,2421,Restricted
X00185,2026-09-08 07:23:21,katjiuongua,WKST-IT-012,FS-FIN-01,/admin/directory/record-9508.json,IT_ADMIN,READ,SUCCESS,6941,Restricted
X00186,2026-09-08 07:24:01,haufiku,WKST-SOC-003,FS-FIN-01,/audit/security/record-2866.json,AUDIT,LIST,SUCCESS,1189,Restricted
X00187,2026-09-08 07:34:50,nghifindaka,WKST-IT-005,FS-FIN-01,/audit/security/record-3100.json,AUDIT,READ,SUCCESS,14629,Restricted
X00188,2026-09-08 07:38:56,sihuhua,WKST-SWK-008,FS-KYC-01,/customer/records/individual/record-5688.json,CUSTOMER_BASIC,LIST,SUCCESS,204,Confidential
X00189,2026-09-08 07:39:43,tjirera,WKST-AUD-004,FS-FIN-01,/finance/general-ledger/record-2724.json,FINANCE,DOWNLOAD,SUCCESS,1238,Confidential
X00190,2026-09-08 07:40:24,nambala,WKST-SWK-012,FS-KYC-01,/customer/contacts/recent/record-6540.json,CUSTOMER_BASIC,UPDATE,SUCCESS,173,Confidential
X00191,2026-09-08 07:41:10,sihuhua,WKST-SWK-008,DB-CRM-01,/crm/customer/profile/record-2691.json,CRM_BASIC,LIST,SUCCESS,4867,Internal
X00192,2026-09-08 07:44:35,murorua,WKST-RSK-006,FS-FIN-01,/audit/security/record-6868.json,AUDIT,READ,SUCCESS,5050,Restricted
X00193,2026-09-08 07:54:53,haufiku,WKST-SOC-003,FS-FIN-01,/audit/access-reviews/record-8316.json,AUDIT,READ,SUCCESS,4109,Restricted
X00194,2026-09-08 08:17:25,ntinda,WKST-MKT-010,DB-CRM-01,/crm/customer/profile/record-8926.json,CRM_BASIC,DOWNLOAD,SUCCESS,16213,Internal
X00195,2026-09-08 08:18:22,nambala,WKST-SWK-012,FS-KYC-01,/customer/contacts/recent/record-3086.json,CUSTOMER_BASIC,UPDATE,SUCCESS,1176,Confidential
X00196,2026-09-08 08:20:57,nambala,WKST-SWK-012,FS-KYC-01,/customer/contacts/recent/record-4536.json,CUSTOMER_BASIC,READ,SUCCESS,35809,Confidential
X00197,2026-09-08 08:29:04,shilongo,WKST-LOAN-018,FS-KYC-01,/customer/records/individual/record-8053.json,CUSTOMER_BASIC,READ,SUCCESS,21714,Confidential
X00198,2026-09-08 08:36:53,shilongo,WKST-LOAN-018,FS-KYC-01,/customer/contacts/recent/record-5541.json,CUSTOMER_BASIC,READ,DENIED,12687,Confidential
X00199,2026-09-08 08:39:48,mbandeka,WKST-LGL-005,FS-KYC-01,/customer/contacts/recent/record-3656.json,CUSTOMER_BASIC,READ,SUCCESS,3537,Confidential
X00200,2026-09-08 08:40:24,shapaka,WKST-EXE-002,DB-CRM-01,/crm/customer/profile/record-6304.json,CRM_BASIC,DOWNLOAD,SUCCESS,70228,Internal
X00201,2026-09-08 08:46:04,shilongo,WKST-LOAN-018,FS-KYC-01,/customer/records/individual/record-6071.json,CUSTOMER_BASIC,READ,SUCCESS,10800,Confidential
X00202,2026-09-08 09:03:13,tjirera,WKST-AUD-004,FS-KYC-01,/customer/kyc/exports/2026-Q3/record-9561.json,CUSTOMER_EXPORT,READ,SUCCESS,8555,Restricted
X00203,2026-09-08 09:08:23,mukwambi,WKST-HR-014,FS-HR-01,/hr/leave/record-7850.json,HR,LIST,SUCCESS,3472,Confidential
X00204,2026-09-08 09:08:42,shilongo,WKST-LOAN-018,FS-KYC-01,/customer/contacts/recent/record-3480.json,CUSTOMER_BASIC,LIST,SUCCESS,472,Confidential
X00205,2026-09-08 09:35:39,haufiku,WKST-SOC-003,FS-FIN-01,/audit/access-reviews/record-2691.json,AUDIT,LIST,SUCCESS,4781,Restricted
X00206,2026-09-08 09:40:14,nghifindaka,WKST-IT-005,FS-FIN-01,/admin/server-config/record-3886.json,IT_ADMIN,UPDATE,SUCCESS,101,Restricted
X00207,2026-09-08 09:43:49,sankwasa,WKST-PRC-008,DB-CRM-01,/crm/cases/open/record-3774.json,CRM_BASIC,READ,SUCCESS,16176,Internal
X00208,2026-09-08 09:49:26,nduminga,WKST-SWK-002,FS-KYC-01,/customer/exports/regulatory/record-6484.json,CUSTOMER_EXPORT,READ,DENIED,10865,Restricted
X00209,2026-09-08 09:54:37,kndjavera,WKST-CMP-009,FS-FIN-01,/audit/access-reviews/record-8451.json,AUDIT,LIST,SUCCESS,684,Restricted
X00210,2026-09-08 09:58:53,pnakale,WKST-HR-002,FS-HR-01,/hr/leave/record-8757.json,HR,READ,SUCCESS,9368,Confidential
X00211,2026-09-08 10:04:52,nduminga,WKST-SWK-002,FS-KYC-01,/customer/records/individual/record-9840.json,CUSTOMER_BASIC,READ,SUCCESS,12578,Confidential
X00212,2026-09-08 10:21:57,mukwambi,WKST-HR-014,FS-HR-01,/hr/leave/record-2242.json,HR,UPDATE,SUCCESS,3770,Confidential
X00213,2026-09-08 10:26:47,ndjaba,WKST-OND-004,DB-CRM-01,/crm/interactions/today/record-8643.json,CRM_BASIC,LIST,SUCCESS,4048,Internal
X00214,2026-09-08 10:30:22,jkavari,WKST-FIN-021,FS-FIN-01,/finance/budgets/2026/record-3277.json,FINANCE,UPDATE,SUCCESS,2974,Confidential
X00215,2026-09-08 10:34:50,mbandeka,WKST-LGL-005,FS-KYC-01,/customer/records/individual/record-2219.json,CUSTOMER_BASIC,READ,SUCCESS,17414,Confidential
X00216,2026-09-08 10:41:03,sankwasa,WKST-PRC-008,DB-CRM-01,/crm/customer/profile/record-8709.json,CRM_BASIC,READ,SUCCESS,24131,Internal
X00217,2026-09-08 10:48:29,tjirera,WKST-AUD-004,FS-KYC-01,/customer/exports/regulatory/record-4770.json,CUSTOMER_EXPORT,UPDATE,SUCCESS,4118,Restricted
X00218,2026-09-08 10:54:33,shilongo,WKST-LOAN-018,FS-KYC-01,/customer/contacts/recent/record-1410.json,CUSTOMER_BASIC,READ,DENIED,38695,Confidential
X00219,2026-09-08 10:57:00,sihuhua,WKST-SWK-008,DB-CRM-01,/crm/interactions/today/record-7373.json,CRM_BASIC,READ,SUCCESS,36282,Internal
X00220,2026-09-08 11:03:39,mukwambi,WKST-HR-014,FS-FIN-01,/payroll/monthly/2026-08/record-4236.json,PAYROLL_READ,READ,SUCCESS,3259,Confidential
X00221,2026-09-08 11:15:28,mukwambi,WKST-HR-014,FS-FIN-01,/payroll/allowances/record-4513.json,PAYROLL_READ,READ,SUCCESS,9874,Confidential
X00222,2026-09-08 11:20:54,sankwasa,WKST-PRC-008,DB-CRM-01,/crm/customer/profile/record-3906.json,CRM_BASIC,UPDATE,SUCCESS,594,Internal
X00223,2026-09-08 11:22:09,tkamati,WKST-CS-011,DB-CRM-01,/crm/customer/profile/record-9848.json,CRM_BASIC,READ,SUCCESS,3768,Internal
X00224,2026-09-08 11:36:29,sankwasa,WKST-PRC-008,DB-CRM-01,/crm/customer/profile/record-1584.json,CRM_BASIC,READ,SUCCESS,10234,Internal
X00225,2026-09-08 11:44:49,jkavari,WKST-FIN-021,FS-FIN-01,/finance/general-ledger/record-5086.json,FINANCE,READ,SUCCESS,12480,Confidential
X00226,2026-09-08 11:47:29,shilongo,WKST-LOAN-018,FS-KYC-01,/customer/contacts/recent/record-3382.json,CUSTOMER_BASIC,UPDATE,SUCCESS,4468,Confidential
X00227,2026-09-08 11:48:47,mbandeka,WKST-LGL-005,FS-KYC-01,/customer/records/individual/record-1417.json,CUSTOMER_BASIC,READ,SUCCESS,28389,Confidential
X00228,2026-09-08 11:48:48,tjirera,WKST-AUD-004,FS-KYC-01,/customer/exports/regulatory/record-1305.json,CUSTOMER_EXPORT,READ,SUCCESS,34541,Restricted
X00229,2026-09-08 11:49:35,pnakale,WKST-HR-002,FS-HR-01,/hr/disciplinary/record-4485.json,HR_CONFIDENTIAL,UPDATE,SUCCESS,1828,Restricted
X00230,2026-09-08 11:53:43,tshivute,WKST-FIN-004,FS-FIN-01,/payroll/monthly/2026-08/record-5422.json,PAYROLL_READ,UPDATE,SUCCESS,2372,Confidential
X00231,2026-09-08 12:02:32,mbandeka,WKST-LGL-005,FS-KYC-01,/customer/contacts/recent/record-9046.json,CUSTOMER_BASIC,READ,SUCCESS,16146,Confidential
X00232,2026-09-08 12:04:10,katjiuongua,WKST-IT-012,FS-FIN-01,/admin/server-config/record-5184.json,IT_ADMIN,READ,SUCCESS,1776,Restricted
X00233,2026-09-08 12:04:35,shilongo,WKST-LOAN-018,FS-KYC-01,/customer/contacts/recent/record-7459.json,CUSTOMER_BASIC,UPDATE,SUCCESS,3107,Confidential
X00234,2026-09-08 12:05:34,ntinda,WKST-MKT-010,DB-CRM-01,/crm/customer/profile/record-2746.json,CRM_BASIC,UPDATE,SUCCESS,3482,Internal
X00235,2026-09-08 12:10:44,pnakale,WKST-HR-002,FS-HR-01,/hr/leave/record-9538.json,HR,READ,SUCCESS,4189,Confidential
X00236,2026-09-08 12:15:10,nghifindaka,WKST-IT-005,FS-FIN-01,/admin/directory/record-8425.json,IT_ADMIN,READ,SUCCESS,33171,Restricted
X00237,2026-09-08 12:15:57,sankwasa,WKST-PRC-008,DB-CRM-01,/crm/customer/profile/record-1788.json,CRM_BASIC,LIST,SUCCESS,3459,Internal
X00238,2026-09-08 12:20:48,ntinda,WKST-MKT-010,DB-CRM-01,/crm/interactions/today/record-2820.json,CRM_BASIC,READ,SUCCESS,8531,Internal
X00239,2026-09-08 12:22:50,sankwasa,WKST-PRC-008,DB-CRM-01,/crm/interactions/today/record-9224.json,CRM_BASIC,UPDATE,SUCCESS,1269,Internal
X00240,2026-09-08 12:27:20,jkavari,WKST-FIN-021,FS-FIN-01,/finance/general-ledger/record-4593.json,FINANCE,READ,SUCCESS,30301,Confidential
X00241,2026-09-08 12:29:58,mukwambi,WKST-HR-014,FS-HR-01,/hr/leave/record-6825.json,HR,DOWNLOAD,SUCCESS,9841,Confidential
X00242,2026-09-08 12:34:26,jkavari,WKST-FIN-021,FS-FIN-01,/finance/budgets/2026/record-7279.json,FINANCE,READ,SUCCESS,1225,Confidential
X00243,2026-09-08 12:45:46,amupanda,WKST-CMP-003,FS-HR-01,/hr/disciplinary/record-3191.json,HR_CONFIDENTIAL,READ,SUCCESS,6958,Restricted
X00244,2026-09-08 12:46:01,sihuhua,WKST-SWK-008,FS-KYC-01,/customer/records/individual/record-9248.json,CUSTOMER_BASIC,READ,SUCCESS,6219,Confidential
X00245,2026-09-08 12:50:53,nnakale,WKST-CS-006,FS-KYC-01,/customer/exports/regulatory/record-4636.json,CUSTOMER_EXPORT,READ,SUCCESS,3402,Restricted
X00246,2026-09-08 13:12:24,sankwasa,WKST-PRC-008,DB-CRM-01,/crm/customer/profile/record-6284.json,CRM_BASIC,LIST,SUCCESS,3016,Internal
X00247,2026-09-08 13:28:11,amupanda,WKST-CMP-003,FS-HR-01,/hr/terminations/record-5010.json,HR_CONFIDENTIAL,READ,SUCCESS,18553,Restricted
X00248,2026-09-08 13:28:33,nduminga,WKST-SWK-002,FS-KYC-01,/customer/contacts/recent/record-5957.json,CUSTOMER_BASIC,READ,SUCCESS,4100,Confidential
X00249,2026-09-08 13:34:34,sihuhua,WKST-SWK-008,DB-CRM-01,/crm/customer/profile/record-3171.json,CRM_BASIC,DOWNLOAD,SUCCESS,5790,Internal
X00250,2026-09-08 13:38:30,ndjaba,WKST-OND-004,FS-KYC-01,/customer/contacts/recent/record-3584.json,CUSTOMER_BASIC,READ,SUCCESS,6521,Confidential
X00251,2026-09-08 14:07:46,ntinda,WKST-MKT-010,DB-CRM-01,/crm/interactions/today/record-3043.json,CRM_BASIC,READ,SUCCESS,6614,Internal
X00252,2026-09-08 14:11:56,mhaingura,WKST-CS-017,FS-KYC-01,/customer/records/individual/record-1831.json,CUSTOMER_BASIC,READ,DENIED,3985,Confidential
X00253,2026-09-08 14:18:11,tjirera,WKST-AUD-004,FS-FIN-01,/finance/budgets/2026/record-1606.json,FINANCE,UPDATE,SUCCESS,4385,Confidential
X00254,2026-09-08 14:18:54,ndjaba,WKST-OND-004,DB-CRM-01,/crm/customer/profile/record-2484.json,CRM_BASIC,READ,SUCCESS,5187,Internal
X00255,2026-09-08 14:20:09,tshivute,WKST-FIN-004,FS-FIN-01,/payroll/monthly/2026-08/record-5343.json,PAYROLL_READ,READ,SUCCESS,25559,Confidential
X00256,2026-09-08 14:24:35,tshivute,WKST-FIN-004,FS-FIN-01,/payroll/allowances/record-9365.json,PAYROLL_READ,LIST,SUCCESS,3305,Confidential
X00257,2026-09-08 14:39:06,tjirera,WKST-AUD-004,FS-KYC-01,/customer/exports/regulatory/record-8231.json,CUSTOMER_EXPORT,READ,SUCCESS,11604,Restricted
X00258,2026-09-08 14:39:44,mbandeka,WKST-LGL-005,FS-KYC-01,/customer/records/individual/record-6734.json,CUSTOMER_BASIC,READ,SUCCESS,5939,Confidential
X00259,2026-09-08 14:42:33,shapaka,WKST-EXE-002,DB-CRM-01,/crm/cases/open/record-4960.json,CRM_BASIC,READ,SUCCESS,2611,Internal
X00260,2026-09-08 14:44:32,tjirera,WKST-AUD-004,FS-KYC-01,/customer/kyc/high-risk/record-6583.json,CUSTOMER_EXPORT,READ,SUCCESS,4176,Restricted
X00261,2026-09-08 14:47:29,mbandeka,WKST-LGL-005,FS-KYC-01,/customer/records/individual/record-8968.json,CUSTOMER_BASIC,READ,SUCCESS,4210,Confidential
X00262,2026-09-08 15:02:37,tkamati,WKST-CS-011,FS-KYC-01,/customer/contacts/recent/record-9847.json,CUSTOMER_BASIC,LIST,SUCCESS,620,Confidential
X00263,2026-09-08 15:06:53,nghifindaka,WKST-IT-005,FS-FIN-01,/audit/security/record-3788.json,AUDIT,LIST,SUCCESS,4753,Restricted
X00264,2026-09-08 15:19:03,katjiuongua,WKST-IT-012,FS-FIN-01,/admin/directory/record-6610.json,IT_ADMIN,READ,SUCCESS,6634,Restricted
X00265,2026-09-08 15:24:58,hamukwaya,WKST-TRY-007,DB-CRM-01,/crm/cases/open/record-7556.json,CRM_BASIC,READ,SUCCESS,9427,Internal
X00266,2026-09-08 15:34:38,nduminga,WKST-SWK-002,FS-KYC-01,/customer/records/individual/record-8899.json,CUSTOMER_BASIC,READ,SUCCESS,10296,Confidential
X00267,2026-09-08 15:34:52,haufiku,WKST-SOC-003,FS-FIN-01,/audit/security/record-6666.json,AUDIT,READ,SUCCESS,18280,Restricted
X00268,2026-09-08 15:38:44,murorua,WKST-RSK-006,FS-FIN-01,/audit/access-reviews/record-8270.json,AUDIT,DOWNLOAD,SUCCESS,9034,Restricted
X00269,2026-09-08 15:44:20,ntinda,WKST-MKT-010,DB-CRM-01,/crm/cases/open/record-1086.json,CRM_BASIC,LIST,SUCCESS,1873,Internal
X00270,2026-09-08 15:46:18,mhaingura,WKST-CS-017,DB-CRM-01,/crm/customer/profile/record-7571.json,CRM_BASIC,READ,SUCCESS,6744,Internal
X00271,2026-09-08 15:48:30,nambala,WKST-SWK-012,FS-KYC-01,/customer/records/individual/record-9655.json,CUSTOMER_BASIC,READ,SUCCESS,3139,Confidential
X00272,2026-09-08 15:58:46,tjirera,WKST-AUD-004,FS-KYC-01,/customer/kyc/exports/2026-Q3/record-4040.json,CUSTOMER_EXPORT,READ,SUCCESS,5789,Restricted
X00273,2026-09-08 16:00:56,murorua,WKST-RSK-006,FS-FIN-01,/audit/security/record-1103.json,AUDIT,READ,SUCCESS,6533,Restricted
X00274,2026-09-08 16:03:53,hamukwaya,WKST-TRY-007,DB-CRM-01,/crm/interactions/today/record-6919.json,CRM_BASIC,READ,SUCCESS,6224,Internal
X00275,2026-09-08 16:18:34,nduminga,WKST-SWK-002,FS-KYC-01,/customer/exports/regulatory/record-1570.json,CUSTOMER_EXPORT,LIST,SUCCESS,2779,Restricted
X00276,2026-09-08 16:24:51,nambala,WKST-SWK-012,FS-KYC-01,/customer/records/individual/record-1423.json,CUSTOMER_BASIC,READ,SUCCESS,16474,Confidential
X00277,2026-09-08 16:35:32,amupanda,WKST-CMP-003,FS-FIN-01,/audit/security/record-7804.json,AUDIT,READ,SUCCESS,21703,Restricted
X00278,2026-09-08 16:35:51,nambala,WKST-SWK-012,FS-KYC-01,/customer/records/individual/record-3132.json,CUSTOMER_BASIC,READ,SUCCESS,36081,Confidential
X00279,2026-09-08 16:44:17,nduminga,WKST-SWK-002,DB-CRM-01,/crm/interactions/today/record-2736.json,CRM_BASIC,LIST,SUCCESS,3405,Internal
X00280,2026-09-08 16:46:08,tshivute,WKST-FIN-004,FS-FIN-01,/payroll/allowances/record-2170.json,PAYROLL_READ,UPDATE,SUCCESS,1948,Confidential
X00281,2026-09-08 16:46:17,amupanda,WKST-CMP-003,FS-FIN-01,/audit/access-reviews/record-1703.json,AUDIT,UPDATE,SUCCESS,3663,Restricted
X00282,2026-09-08 16:49:03,ndjaba,WKST-OND-004,DB-CRM-01,/crm/interactions/today/record-4665.json,CRM_BASIC,LIST,SUCCESS,3934,Internal
X00283,2026-09-08 16:51:54,ndjaba,WKST-OND-004,FS-KYC-01,/customer/records/individual/record-9482.json,CUSTOMER_BASIC,READ,SUCCESS,4285,Confidential
X00284,2026-09-08 16:56:22,haufiku,WKST-SOC-003,FS-FIN-01,/audit/security/record-7851.json,AUDIT,DOWNLOAD,SUCCESS,24055,Restricted
X00285,2026-09-08 17:05:47,pnakale,WKST-HR-002,FS-FIN-01,/payroll/monthly/2026-08/record-1341.json,PAYROLL_READ,READ,SUCCESS,19272,Confidential
X00286,2026-09-08 17:05:58,mhaingura,WKST-CS-017,FS-KYC-01,/customer/records/individual/record-1356.json,CUSTOMER_BASIC,LIST,SUCCESS,2393,Confidential
X00287,2026-09-08 17:06:20,mbandeka,WKST-LGL-005,FS-KYC-01,/customer/records/individual/record-7499.json,CUSTOMER_BASIC,READ,SUCCESS,17437,Confidential
X00288,2026-09-08 17:08:25,kndjavera,WKST-CMP-009,FS-KYC-01,/customer/kyc/high-risk/record-8678.json,CUSTOMER_EXPORT,READ,SUCCESS,20802,Restricted
X00289,2026-09-08 17:10:35,nnakale,WKST-CS-006,FS-KYC-01,/customer/kyc/exports/2026-Q3/record-1716.json,CUSTOMER_EXPORT,READ,SUCCESS,22058,Restricted
X00290,2026-09-08 17:14:38,jkavari,WKST-FIN-021,FS-FIN-01,/finance/budgets/2026/record-2673.json,FINANCE,UPDATE,SUCCESS,3136,Confidential
X00291,2026-09-08 17:44:35,tjirera,WKST-AUD-004,FS-HR-01,/hr/leave/record-3966.json,HR,READ,SUCCESS,10460,Confidential
X00292,2026-09-08 17:45:01,mhaingura,WKST-CS-017,DB-CRM-01,/crm/customer/profile/record-8701.json,CRM_BASIC,DOWNLOAD,SUCCESS,14445,Internal
X00293,2026-09-08 17:48:46,tjirera,WKST-AUD-004,FS-FIN-01,/audit/security/record-8528.json,AUDIT,READ,SUCCESS,11968,Restricted
X00294,2026-09-08 17:55:49,mbandeka,WKST-LGL-005,FS-KYC-01,/customer/contacts/recent/record-6547.json,CUSTOMER_BASIC,READ,SUCCESS,5765,Confidential
X00295,2026-09-08 18:05:39,murorua,WKST-RSK-006,FS-FIN-01,/audit/access-reviews/record-2114.json,AUDIT,LIST,SUCCESS,4722,Restricted
X00296,2026-09-08 18:16:43,murorua,WKST-RSK-006,FS-FIN-01,/audit/access-reviews/record-7709.json,AUDIT,DOWNLOAD,SUCCESS,40566,Restricted
X00297,2026-09-08 18:25:01,shapaka,WKST-EXE-002,DB-CRM-01,/crm/cases/open/record-4801.json,CRM_BASIC,DOWNLOAD,SUCCESS,11038,Internal
X00298,2026-09-08 18:31:27,mbandeka,WKST-LGL-005,FS-KYC-01,/customer/records/individual/record-9183.json,CUSTOMER_BASIC,DOWNLOAD,SUCCESS,4186,Confidential
X00299,2026-09-08 18:41:38,pnakale,WKST-HR-002,FS-HR-01,/hr/recruitment/record-4391.json,HR,DOWNLOAD,SUCCESS,586,Confidential
X00300,2026-09-08 18:47:05,murorua,WKST-RSK-006,FS-FIN-01,/audit/security/record-8383.json,AUDIT,READ,SUCCESS,10086,Restricted
X00301,2026-09-08 18:59:02,shapaka,WKST-EXE-002,DB-CRM-01,/crm/customer/profile/record-4987.json,CRM_BASIC,READ,SUCCESS,22858,Internal
X00302,2026-09-08 19:00:43,haufiku,WKST-SOC-003,FS-FIN-01,/audit/access-reviews/record-6064.json,AUDIT,LIST,SUCCESS,1643,Restricted
X00303,2026-09-08 19:03:26,jkavari,WKST-FIN-021,FS-FIN-01,/finance/general-ledger/record-6860.json,FINANCE,UPDATE,SUCCESS,2398,Confidential
X00304,2026-09-08 19:05:53,nghifindaka,WKST-IT-005,FS-FIN-01,/audit/security/record-5250.json,AUDIT,READ,SUCCESS,3010,Restricted
X00305,2026-09-08 19:13:47,nghifindaka,WKST-IT-005,FS-FIN-01,/admin/directory/record-1722.json,IT_ADMIN,READ,SUCCESS,1442,Restricted
X00306,2026-09-08 19:16:24,amupanda,WKST-CMP-003,FS-HR-01,/hr/disciplinary/record-4938.json,HR_CONFIDENTIAL,UPDATE,SUCCESS,1085,Restricted
X00307,2026-09-08 19:26:10,kndjavera,WKST-CMP-009,FS-KYC-01,/customer/kyc/exports/2026-Q3/record-9665.json,CUSTOMER_EXPORT,READ,SUCCESS,2723,Restricted
X00308,2026-09-08 19:30:28,murorua,WKST-RSK-006,FS-FIN-01,/audit/security/record-4586.json,AUDIT,READ,SUCCESS,29579,Restricted
X00309,2026-09-08 19:30:58,nambala,WKST-SWK-012,FS-KYC-01,/customer/records/individual/record-5163.json,CUSTOMER_BASIC,DOWNLOAD,SUCCESS,16068,Confidential
X00310,2026-09-08 19:32:49,mbandeka,WKST-LGL-005,FS-KYC-01,/customer/contacts/recent/record-8976.json,CUSTOMER_BASIC,LIST,SUCCESS,1313,Confidential
X00311,2026-09-08 19:41:35,katjiuongua,WKST-IT-012,FS-FIN-01,/admin/server-config/record-8514.json,IT_ADMIN,DOWNLOAD,SUCCESS,5900,Restricted
X00312,2026-09-08 19:42:10,tjirera,WKST-AUD-004,FS-FIN-01,/audit/security/record-1895.json,AUDIT,READ,DENIED,4568,Restricted
X00313,2026-09-08 19:44:07,sankwasa,WKST-PRC-008,DB-CRM-01,/crm/cases/open/record-5403.json,CRM_BASIC,READ,SUCCESS,16608,Internal
X00314,2026-09-08 19:47:04,ndjaba,WKST-OND-004,FS-KYC-01,/customer/contacts/recent/record-2256.json,CUSTOMER_BASIC,UPDATE,SUCCESS,781,Confidential
X00315,2026-09-08 19:48:43,katjiuongua,WKST-IT-012,FS-FIN-01,/admin/server-config/record-4726.json,IT_ADMIN,UPDATE,DENIED,4157,Restricted
X00316,2026-09-08 19:53:42,ndjaba,WKST-OND-004,FS-KYC-01,/customer/contacts/recent/record-4459.json,CUSTOMER_BASIC,READ,SUCCESS,8432,Confidential
X00317,2026-09-08 19:56:41,hamukwaya,WKST-TRY-007,DB-CRM-01,/crm/cases/open/record-8838.json,CRM_BASIC,DOWNLOAD,SUCCESS,8296,Internal
X00318,2026-09-08 19:58:44,nghifindaka,WKST-IT-005,FS-FIN-01,/admin/directory/record-6605.json,IT_ADMIN,READ,SUCCESS,8538,Restricted
X00319,2026-09-09 06:05:56,ndjaba,WKST-OND-004,FS-KYC-01,/customer/contacts/recent/record-7096.json,CUSTOMER_BASIC,READ,SUCCESS,77752,Confidential
X00320,2026-09-09 06:11:20,katjiuongua,WKST-IT-012,FS-FIN-01,/admin/directory/record-8342.json,IT_ADMIN,UPDATE,SUCCESS,1924,Restricted
X00321,2026-09-09 06:15:32,katjiuongua,WKST-IT-012,FS-FIN-01,/admin/server-config/record-7333.json,IT_ADMIN,READ,SUCCESS,12349,Restricted
X00322,2026-09-09 06:21:53,jkavari,WKST-FIN-021,FS-FIN-01,/finance/general-ledger/record-6188.json,FINANCE,READ,SUCCESS,7240,Confidential
X00323,2026-09-09 06:22:29,ntinda,WKST-MKT-010,DB-CRM-01,/crm/cases/open/record-1106.json,CRM_BASIC,READ,SUCCESS,11256,Internal
X00324,2026-09-09 06:27:49,murorua,WKST-RSK-006,FS-FIN-01,/audit/security/record-4629.json,AUDIT,READ,SUCCESS,17066,Restricted
X00325,2026-09-09 06:30:10,nduminga,WKST-SWK-002,FS-KYC-01,/customer/contacts/recent/record-4740.json,CUSTOMER_BASIC,DOWNLOAD,SUCCESS,14217,Confidential
X00326,2026-09-09 06:38:55,haufiku,WKST-SOC-003,FS-KYC-01,/customer/exports/regulatory/record-5706.json,CUSTOMER_EXPORT,READ,SUCCESS,10049,Restricted
X00327,2026-09-09 06:39:46,nduminga,WKST-SWK-002,FS-KYC-01,/customer/kyc/high-risk/record-5524.json,CUSTOMER_EXPORT,DOWNLOAD,SUCCESS,27877,Restricted
X00328,2026-09-09 06:56:27,ntinda,WKST-MKT-010,DB-CRM-01,/crm/customer/profile/record-4612.json,CRM_BASIC,READ,SUCCESS,6747,Internal
X00329,2026-09-09 06:58:30,ntinda,WKST-MKT-010,DB-CRM-01,/crm/interactions/today/record-2743.json,CRM_BASIC,READ,SUCCESS,8072,Internal
X00330,2026-09-09 07:33:34,nduminga,WKST-SWK-002,DB-CRM-01,/crm/interactions/today/record-2149.json,CRM_BASIC,UPDATE,SUCCESS,1039,Internal
X00331,2026-09-09 07:49:03,tjirera,WKST-AUD-004,FS-KYC-01,/customer/kyc/exports/2026-Q3/record-2425.json,CUSTOMER_EXPORT,UPDATE,SUCCESS,3742,Restricted
X00332,2026-09-09 08:00:22,mhaingura,WKST-CS-017,DB-CRM-01,/crm/interactions/today/record-2669.json,CRM_BASIC,READ,SUCCESS,1301,Internal
X00333,2026-09-09 08:00:50,haufiku,WKST-SOC-003,FS-KYC-01,/customer/exports/regulatory/record-3849.json,CUSTOMER_EXPORT,READ,SUCCESS,7748,Restricted
X00334,2026-09-09 08:02:37,mukwambi,WKST-HR-014,FS-HR-01,/hr/leave/record-4422.json,HR,READ,SUCCESS,20391,Confidential
X00335,2026-09-09 08:10:25,jkavari,WKST-FIN-021,FS-FIN-01,/finance/general-ledger/record-1393.json,FINANCE,READ,SUCCESS,4139,Confidential
X00336,2026-09-09 08:14:38,ntinda,WKST-MKT-010,DB-CRM-01,/crm/interactions/today/record-8668.json,CRM_BASIC,UPDATE,SUCCESS,1475,Internal
X00337,2026-09-09 08:22:55,ntinda,WKST-MKT-010,DB-CRM-01,/crm/interactions/today/record-3495.json,CRM_BASIC,LIST,SUCCESS,4901,Internal
X00338,2026-09-09 08:29:55,ndjaba,WKST-OND-004,FS-KYC-01,/customer/records/individual/record-6499.json,CUSTOMER_BASIC,READ,SUCCESS,1976,Confidential
X00339,2026-09-09 08:30:05,ntinda,WKST-MKT-010,DB-CRM-01,/crm/customer/profile/record-2789.json,CRM_BASIC,READ,SUCCESS,12056,Internal
X00340,2026-09-09 08:31:04,tkamati,WKST-CS-011,DB-CRM-01,/crm/interactions/today/record-8449.json,CRM_BASIC,READ,SUCCESS,2258,Internal
X00341,2026-09-09 08:47:02,mukwambi,WKST-HR-014,FS-FIN-01,/payroll/monthly/2026-08/record-8642.json,PAYROLL_READ,READ,DENIED,5631,Confidential
X00342,2026-09-09 08:47:34,murorua,WKST-RSK-006,FS-FIN-01,/audit/access-reviews/record-7979.json,AUDIT,LIST,DENIED,4168,Restricted
X00343,2026-09-09 08:52:47,shilongo,WKST-LOAN-018,FS-KYC-01,/customer/contacts/recent/record-6898.json,CUSTOMER_BASIC,UPDATE,SUCCESS,3943,Confidential
X00344,2026-09-09 08:52:47,amupanda,WKST-CMP-003,FS-KYC-01,/customer/exports/regulatory/record-5098.json,CUSTOMER_EXPORT,READ,SUCCESS,5002,Restricted
X00345,2026-09-09 08:53:55,kndjavera,WKST-CMP-009,FS-KYC-01,/customer/kyc/high-risk/record-9133.json,CUSTOMER_EXPORT,LIST,SUCCESS,766,Restricted
X00346,2026-09-09 08:58:34,haufiku,WKST-SOC-003,FS-KYC-01,/customer/exports/regulatory/record-9934.json,CUSTOMER_EXPORT,READ,SUCCESS,42594,Restricted
X00347,2026-09-09 08:59:10,haufiku,WKST-SOC-003,FS-KYC-01,/customer/kyc/exports/2026-Q3/record-6414.json,CUSTOMER_EXPORT,READ,SUCCESS,6276,Restricted
X00348,2026-09-09 08:59:45,katjiuongua,WKST-IT-012,FS-FIN-01,/admin/directory/record-4139.json,IT_ADMIN,READ,SUCCESS,12532,Restricted
X00349,2026-09-09 09:03:03,mhaingura,WKST-CS-017,DB-CRM-01,/crm/customer/profile/record-5157.json,CRM_BASIC,DOWNLOAD,SUCCESS,12708,Internal
X00350,2026-09-09 09:09:38,amupanda,WKST-CMP-003,FS-HR-01,/hr/terminations/record-8610.json,HR_CONFIDENTIAL,DOWNLOAD,SUCCESS,70886,Restricted
X00351,2026-09-09 09:32:33,pnakale,WKST-HR-002,FS-FIN-01,/payroll/monthly/2026-08/record-2282.json,PAYROLL_READ,READ,SUCCESS,8153,Confidential
X00352,2026-09-09 09:37:42,mukwambi,WKST-HR-014,FS-FIN-01,/payroll/allowances/record-5593.json,PAYROLL_READ,READ,SUCCESS,827,Confidential
X00353,2026-09-09 09:43:29,nambala,WKST-SWK-012,FS-KYC-01,/customer/records/individual/record-4111.json,CUSTOMER_BASIC,READ,SUCCESS,5822,Confidential
X00354,2026-09-09 09:47:03,katjiuongua,WKST-IT-012,FS-FIN-01,/admin/server-config/record-3093.json,IT_ADMIN,READ,SUCCESS,23770,Restricted
X00355,2026-09-09 09:53:44,ntinda,WKST-MKT-010,DB-CRM-01,/crm/cases/open/record-9205.json,CRM_BASIC,READ,SUCCESS,1581,Internal
X00356,2026-09-09 09:58:11,murorua,WKST-RSK-006,FS-FIN-01,/audit/access-reviews/record-4500.json,AUDIT,READ,SUCCESS,6839,Restricted
X00357,2026-09-09 10:02:44,mbandeka,WKST-LGL-005,FS-KYC-01,/customer/contacts/recent/record-1250.json,CUSTOMER_BASIC,READ,SUCCESS,6116,Confidential
X00358,2026-09-09 10:05:49,amupanda,WKST-CMP-003,FS-FIN-01,/audit/access-reviews/record-3322.json,AUDIT,DOWNLOAD,SUCCESS,27569,Restricted
X00359,2026-09-09 10:11:54,tjirera,WKST-AUD-004,FS-FIN-01,/audit/access-reviews/record-7794.json,AUDIT,UPDATE,SUCCESS,666,Restricted
X00360,2026-09-09 10:20:26,jkavari,WKST-FIN-021,FS-FIN-01,/finance/budgets/2026/record-6455.json,FINANCE,READ,SUCCESS,8746,Confidential
X00361,2026-09-09 10:20:51,mhaingura,WKST-CS-017,FS-KYC-01,/customer/contacts/recent/record-7528.json,CUSTOMER_BASIC,UPDATE,SUCCESS,1714,Confidential
X00362,2026-09-09 10:21:31,katjiuongua,WKST-IT-012,FS-FIN-01,/admin/server-config/record-9844.json,IT_ADMIN,UPDATE,SUCCESS,1659,Restricted
X00363,2026-09-09 10:30:18,jkavari,WKST-FIN-021,FS-FIN-01,/finance/general-ledger/record-4034.json,FINANCE,READ,SUCCESS,58828,Confidential
X00364,2026-09-09 10:34:30,nghifindaka,WKST-IT-005,FS-FIN-01,/admin/server-config/record-8238.json,IT_ADMIN,READ,SUCCESS,3251,Restricted
X00365,2026-09-09 10:34:48,sankwasa,WKST-PRC-008,DB-CRM-01,/crm/cases/open/record-8481.json,CRM_BASIC,LIST,SUCCESS,4222,Internal
X00366,2026-09-09 10:34:51,amupanda,WKST-CMP-003,FS-HR-01,/hr/disciplinary/record-1344.json,HR_CONFIDENTIAL,READ,SUCCESS,1823,Restricted
X00367,2026-09-09 10:45:55,amupanda,WKST-CMP-003,FS-FIN-01,/audit/access-reviews/record-6866.json,AUDIT,LIST,SUCCESS,4134,Restricted
X00368,2026-09-09 10:46:01,hamukwaya,WKST-TRY-007,DB-CRM-01,/crm/interactions/today/record-8355.json,CRM_BASIC,UPDATE,SUCCESS,2888,Internal
X00369,2026-09-09 11:03:31,haufiku,WKST-SOC-003,FS-KYC-01,/customer/exports/regulatory/record-4473.json,CUSTOMER_EXPORT,READ,SUCCESS,26703,Restricted
X00370,2026-09-09 11:11:15,pnakale,WKST-HR-002,FS-HR-01,/hr/disciplinary/record-8776.json,HR_CONFIDENTIAL,READ,SUCCESS,11716,Restricted
X00371,2026-09-09 11:36:21,jkavari,WKST-FIN-021,FS-FIN-01,/finance/general-ledger/record-7165.json,FINANCE,READ,SUCCESS,12050,Confidential
X00372,2026-09-09 11:46:08,tkamati,WKST-CS-011,DB-CRM-01,/crm/interactions/today/record-8689.json,CRM_BASIC,LIST,SUCCESS,4186,Internal
X00373,2026-09-09 11:49:10,nnakale,WKST-CS-006,DB-CRM-01,/crm/customer/profile/record-4709.json,CRM_BASIC,READ,SUCCESS,41441,Internal
X00374,2026-09-09 11:57:03,pnakale,WKST-HR-002,FS-HR-01,/hr/recruitment/record-1833.json,HR,READ,SUCCESS,9553,Confidential
X00375,2026-09-09 11:59:21,murorua,WKST-RSK-006,FS-FIN-01,/audit/access-reviews/record-1549.json,AUDIT,READ,SUCCESS,54072,Restricted
X00376,2026-09-09 12:12:32,hamukwaya,WKST-TRY-007,DB-CRM-01,/crm/customer/profile/record-1510.json,CRM_BASIC,READ,SUCCESS,12924,Internal
X00377,2026-09-09 12:14:57,ndjaba,WKST-OND-004,DB-CRM-01,/crm/cases/open/record-4505.json,CRM_BASIC,UPDATE,SUCCESS,4029,Internal
X00378,2026-09-09 12:16:59,kndjavera,WKST-CMP-009,FS-FIN-01,/audit/access-reviews/record-1450.json,AUDIT,LIST,SUCCESS,1749,Restricted
X00379,2026-09-09 12:42:52,nduminga,WKST-SWK-002,FS-KYC-01,/customer/records/individual/record-4339.json,CUSTOMER_BASIC,READ,DENIED,9931,Confidential
X00380,2026-09-09 12:44:48,amupanda,WKST-CMP-003,FS-FIN-01,/audit/security/record-1928.json,AUDIT,READ,SUCCESS,6408,Restricted
X00381,2026-09-09 12:50:38,tjirera,WKST-AUD-004,FS-FIN-01,/finance/general-ledger/record-8575.json,FINANCE,READ,SUCCESS,22369,Confidential
X00382,2026-09-09 13:01:23,haufiku,WKST-SOC-003,FS-FIN-01,/audit/security/record-4808.json,AUDIT,READ,SUCCESS,2554,Restricted
X00383,2026-09-09 13:13:39,tshivute,WKST-FIN-004,FS-FIN-01,/finance/budgets/2026/record-6431.json,FINANCE,UPDATE,SUCCESS,4640,Confidential
X00384,2026-09-09 13:16:11,tjirera,WKST-AUD-004,FS-FIN-01,/audit/access-reviews/record-7296.json,AUDIT,LIST,SUCCESS,4486,Restricted
X00385,2026-09-09 13:19:05,katjiuongua,WKST-IT-012,FS-FIN-01,/admin/directory/record-4621.json,IT_ADMIN,READ,SUCCESS,1209,Restricted
X00386,2026-09-09 13:19:50,nduminga,WKST-SWK-002,FS-KYC-01,/customer/contacts/recent/record-9048.json,CUSTOMER_BASIC,READ,SUCCESS,1930,Confidential
X00387,2026-09-09 13:27:57,mbandeka,WKST-LGL-005,FS-KYC-01,/customer/contacts/recent/record-8887.json,CUSTOMER_BASIC,DOWNLOAD,SUCCESS,24986,Confidential
X00388,2026-09-09 13:28:59,hamukwaya,WKST-TRY-007,DB-CRM-01,/crm/customer/profile/record-5734.json,CRM_BASIC,UPDATE,DENIED,708,Internal
X00389,2026-09-09 13:44:22,nnakale,WKST-CS-006,FS-KYC-01,/customer/records/individual/record-7434.json,CUSTOMER_BASIC,DOWNLOAD,SUCCESS,11490,Confidential
X00390,2026-09-09 13:59:09,hamukwaya,WKST-TRY-007,DB-CRM-01,/crm/interactions/today/record-7814.json,CRM_BASIC,UPDATE,SUCCESS,1590,Internal
X00391,2026-09-09 14:03:20,nduminga,WKST-SWK-002,FS-KYC-01,/customer/records/individual/record-6200.json,CUSTOMER_BASIC,READ,SUCCESS,47832,Confidential
X00392,2026-09-09 14:04:05,haufiku,WKST-SOC-003,FS-KYC-01,/customer/exports/regulatory/record-6140.json,CUSTOMER_EXPORT,READ,SUCCESS,9311,Restricted
X00393,2026-09-09 14:06:16,murorua,WKST-RSK-006,FS-FIN-01,/audit/access-reviews/record-8238.json,AUDIT,READ,SUCCESS,7050,Restricted
X00394,2026-09-09 14:06:23,ntinda,WKST-MKT-010,DB-CRM-01,/crm/interactions/today/record-7891.json,CRM_BASIC,READ,SUCCESS,19568,Internal
X00395,2026-09-09 14:13:31,tkamati,WKST-CS-011,DB-CRM-01,/crm/cases/open/record-4706.json,CRM_BASIC,READ,SUCCESS,55254,Internal
X00396,2026-09-09 14:13:34,murorua,WKST-RSK-006,FS-FIN-01,/audit/security/record-8007.json,AUDIT,READ,SUCCESS,14200,Restricted
X00397,2026-09-09 14:22:29,pnakale,WKST-HR-002,FS-FIN-01,/payroll/allowances/record-8418.json,PAYROLL_READ,READ,SUCCESS,8449,Confidential
X00398,2026-09-09 14:34:31,ntinda,WKST-MKT-010,DB-CRM-01,/crm/interactions/today/record-9922.json,CRM_BASIC,DOWNLOAD,SUCCESS,6816,Internal
X00399,2026-09-09 14:39:16,tkamati,WKST-CS-011,FS-KYC-01,/customer/records/individual/record-1386.json,CUSTOMER_BASIC,READ,SUCCESS,23057,Confidential
X00400,2026-09-09 14:45:03,ndjaba,WKST-OND-004,FS-KYC-01,/customer/contacts/recent/record-7382.json,CUSTOMER_BASIC,READ,SUCCESS,16971,Confidential
X00401,2026-09-09 14:51:06,nambala,WKST-SWK-012,FS-KYC-01,/customer/records/individual/record-5541.json,CUSTOMER_BASIC,LIST,SUCCESS,3279,Confidential
X00402,2026-09-09 14:54:23,jkavari,WKST-FIN-021,FS-FIN-01,/finance/general-ledger/record-2528.json,FINANCE,LIST,SUCCESS,3948,Confidential
X00403,2026-09-09 15:01:05,nambala,WKST-SWK-012,FS-KYC-01,/customer/contacts/recent/record-2390.json,CUSTOMER_BASIC,LIST,SUCCESS,3099,Confidential
X00404,2026-09-09 15:07:03,tjirera,WKST-AUD-004,FS-KYC-01,/customer/kyc/high-risk/record-9831.json,CUSTOMER_EXPORT,READ,SUCCESS,24752,Restricted
X00405,2026-09-09 15:17:02,tkamati,WKST-CS-011,FS-KYC-01,/customer/contacts/recent/record-6743.json,CUSTOMER_BASIC,DOWNLOAD,SUCCESS,17022,Confidential
X00406,2026-09-09 15:21:54,ndjaba,WKST-OND-004,DB-CRM-01,/crm/interactions/today/record-5359.json,CRM_BASIC,LIST,SUCCESS,1068,Internal
X00407,2026-09-09 15:32:25,amupanda,WKST-CMP-003,FS-KYC-01,/customer/exports/regulatory/record-9339.json,CUSTOMER_EXPORT,READ,SUCCESS,3198,Restricted
X00408,2026-09-09 15:38:22,sihuhua,WKST-SWK-008,FS-KYC-01,/customer/records/individual/record-9025.json,CUSTOMER_BASIC,UPDATE,SUCCESS,3479,Confidential
X00409,2026-09-09 15:38:49,pnakale,WKST-HR-002,FS-FIN-01,/payroll/monthly/2026-08/record-3287.json,PAYROLL_READ,READ,SUCCESS,3694,Confidential
X00410,2026-09-09 15:42:09,nnakale,WKST-CS-006,FS-KYC-01,/customer/kyc/exports/2026-Q3/record-9729.json,CUSTOMER_EXPORT,UPDATE,SUCCESS,1418,Restricted
X00411,2026-09-09 15:51:48,nambala,WKST-SWK-012,FS-KYC-01,/customer/records/individual/record-3741.json,CUSTOMER_BASIC,READ,SUCCESS,8129,Confidential
X00412,2026-09-09 15:56:26,jkavari,WKST-FIN-021,FS-FIN-01,/finance/general-ledger/record-5521.json,FINANCE,READ,SUCCESS,38437,Confidential
X00413,2026-09-09 16:01:39,jkavari,WKST-FIN-021,FS-FIN-01,/finance/budgets/2026/record-7743.json,FINANCE,READ,SUCCESS,3097,Confidential
X00414,2026-09-09 16:15:44,mhaingura,WKST-CS-017,FS-KYC-01,/customer/records/individual/record-5351.json,CUSTOMER_BASIC,UPDATE,SUCCESS,3528,Confidential
X00415,2026-09-09 16:36:41,pnakale,WKST-HR-002,FS-HR-01,/hr/recruitment/record-9587.json,HR,READ,SUCCESS,4159,Confidential
X00416,2026-09-09 16:47:58,jkavari,WKST-FIN-021,FS-FIN-01,/finance/general-ledger/record-1899.json,FINANCE,READ,SUCCESS,67243,Confidential
X00417,2026-09-09 16:55:28,nghifindaka,WKST-IT-005,FS-FIN-01,/audit/security/record-3898.json,AUDIT,READ,SUCCESS,1551,Restricted
X00418,2026-09-09 16:56:24,nnakale,WKST-CS-006,FS-KYC-01,/customer/records/individual/record-3451.json,CUSTOMER_BASIC,UPDATE,DENIED,4806,Confidential
X00419,2026-09-09 17:04:30,tjirera,WKST-AUD-004,FS-FIN-01,/audit/access-reviews/record-1535.json,AUDIT,LIST,SUCCESS,237,Restricted
X00420,2026-09-09 17:14:20,nghifindaka,WKST-IT-005,FS-FIN-01,/audit/access-reviews/record-2911.json,AUDIT,READ,SUCCESS,45711,Restricted
X00421,2026-09-09 17:22:26,mukwambi,WKST-HR-014,FS-FIN-01,/payroll/allowances/record-8255.json,PAYROLL_READ,READ,SUCCESS,4084,Confidential
X00422,2026-09-09 17:28:38,sihuhua,WKST-SWK-008,DB-CRM-01,/crm/customer/profile/record-3809.json,CRM_BASIC,LIST,SUCCESS,2587,Internal
X00423,2026-09-09 17:29:14,nnakale,WKST-CS-006,DB-CRM-01,/crm/cases/open/record-3201.json,CRM_BASIC,READ,SUCCESS,55050,Internal
X00424,2026-09-09 17:30:20,tshivute,WKST-FIN-004,FS-FIN-01,/finance/general-ledger/record-3735.json,FINANCE,READ,SUCCESS,10980,Confidential
X00425,2026-09-09 17:32:52,jkavari,WKST-FIN-021,FS-FIN-01,/finance/budgets/2026/record-8488.json,FINANCE,READ,SUCCESS,29013,Confidential
X00426,2026-09-09 17:46:20,tkamati,WKST-CS-011,DB-CRM-01,/crm/interactions/today/record-6986.json,CRM_BASIC,READ,SUCCESS,3314,Internal
X00427,2026-09-09 17:48:32,sankwasa,WKST-PRC-008,DB-CRM-01,/crm/customer/profile/record-6177.json,CRM_BASIC,UPDATE,SUCCESS,822,Internal
X00428,2026-09-09 17:50:20,mhaingura,WKST-CS-017,FS-KYC-01,/customer/contacts/recent/record-8593.json,CUSTOMER_BASIC,READ,SUCCESS,7468,Confidential
X00429,2026-09-09 18:13:10,murorua,WKST-RSK-006,FS-FIN-01,/audit/access-reviews/record-5950.json,AUDIT,READ,SUCCESS,8729,Restricted
X00430,2026-09-09 18:22:11,sankwasa,WKST-PRC-008,DB-CRM-01,/crm/customer/profile/record-2600.json,CRM_BASIC,READ,SUCCESS,5070,Internal
X00431,2026-09-09 18:23:50,shapaka,WKST-EXE-002,DB-CRM-01,/crm/cases/open/record-7667.json,CRM_BASIC,DOWNLOAD,SUCCESS,6021,Internal
X00432,2026-09-09 18:32:37,tjirera,WKST-AUD-004,FS-HR-01,/hr/recruitment/record-6313.json,HR,READ,SUCCESS,11209,Confidential
X00433,2026-09-09 18:35:18,ndjaba,WKST-OND-004,DB-CRM-01,/crm/interactions/today/record-8247.json,CRM_BASIC,READ,SUCCESS,7280,Internal
X00434,2026-09-09 18:42:17,hamukwaya,WKST-TRY-007,DB-CRM-01,/crm/customer/profile/record-4354.json,CRM_BASIC,READ,SUCCESS,6091,Internal
X00435,2026-09-09 18:52:23,tjirera,WKST-AUD-004,FS-FIN-01,/finance/general-ledger/record-8010.json,FINANCE,LIST,SUCCESS,3944,Confidential
X00436,2026-09-09 19:00:52,tshivute,WKST-FIN-004,FS-FIN-01,/payroll/monthly/2026-08/record-5540.json,PAYROLL_READ,UPDATE,SUCCESS,988,Confidential
X00437,2026-09-09 19:00:57,katjiuongua,WKST-IT-012,FS-FIN-01,/admin/server-config/record-1633.json,IT_ADMIN,READ,SUCCESS,10455,Restricted
X00438,2026-09-09 19:01:29,tjirera,WKST-AUD-004,FS-FIN-01,/finance/general-ledger/record-1773.json,FINANCE,LIST,SUCCESS,4995,Confidential
X00439,2026-09-09 19:06:13,sankwasa,WKST-PRC-008,DB-CRM-01,/crm/customer/profile/record-4245.json,CRM_BASIC,READ,SUCCESS,5902,Internal
X00440,2026-09-09 19:07:29,mbandeka,WKST-LGL-005,FS-KYC-01,/customer/contacts/recent/record-3940.json,CUSTOMER_BASIC,UPDATE,SUCCESS,3809,Confidential
X00441,2026-09-09 19:08:32,tjirera,WKST-AUD-004,FS-FIN-01,/audit/security/record-9295.json,AUDIT,READ,SUCCESS,12479,Restricted
X00442,2026-09-09 19:22:58,mhaingura,WKST-CS-017,DB-CRM-01,/crm/customer/profile/record-7532.json,CRM_BASIC,READ,SUCCESS,1732,Internal
X00443,2026-09-09 19:23:12,murorua,WKST-RSK-006,FS-FIN-01,/audit/access-reviews/record-3382.json,AUDIT,LIST,SUCCESS,3939,Restricted
X00444,2026-09-09 19:28:20,shilongo,WKST-LOAN-018,FS-KYC-01,/customer/contacts/recent/record-8723.json,CUSTOMER_BASIC,READ,SUCCESS,25561,Confidential
X00445,2026-09-09 19:32:38,sihuhua,WKST-SWK-008,DB-CRM-01,/crm/cases/open/record-9538.json,CRM_BASIC,READ,SUCCESS,14872,Internal
X00446,2026-09-09 19:33:20,tshivute,WKST-FIN-004,FS-FIN-01,/payroll/allowances/record-5837.json,PAYROLL_READ,READ,SUCCESS,36112,Confidential
X00447,2026-09-09 19:33:35,sihuhua,WKST-SWK-008,DB-CRM-01,/crm/interactions/today/record-9073.json,CRM_BASIC,READ,SUCCESS,2449,Internal
X00448,2026-09-09 19:36:51,ndjaba,WKST-OND-004,DB-CRM-01,/crm/customer/profile/record-2485.json,CRM_BASIC,LIST,SUCCESS,4531,Internal
X00449,2026-09-09 19:41:24,pnakale,WKST-HR-002,FS-FIN-01,/payroll/monthly/2026-08/record-7722.json,PAYROLL_READ,READ,SUCCESS,24910,Confidential
X00450,2026-09-09 19:46:37,jkavari,WKST-FIN-021,FS-FIN-01,/finance/budgets/2026/record-3452.json,FINANCE,READ,SUCCESS,2789,Confidential
X00451,2026-09-09 19:49:17,hamukwaya,WKST-TRY-007,DB-CRM-01,/crm/interactions/today/record-7204.json,CRM_BASIC,READ,SUCCESS,8494,Internal
X00452,2026-09-09 19:51:12,ndjaba,WKST-OND-004,DB-CRM-01,/crm/interactions/today/record-3025.json,CRM_BASIC,READ,SUCCESS,25548,Internal
X00453,2026-09-09 19:52:20,nambala,WKST-SWK-012,FS-KYC-01,/customer/contacts/recent/record-6297.json,CUSTOMER_BASIC,READ,SUCCESS,39589,Confidential
X00454,2026-09-09 19:57:03,sihuhua,WKST-SWK-008,FS-KYC-01,/customer/contacts/recent/record-3942.json,CUSTOMER_BASIC,READ,SUCCESS,3841,Confidential
X00455,2026-09-09 19:59:29,shapaka,WKST-EXE-002,DB-CRM-01,/crm/interactions/today/record-5554.json,CRM_BASIC,READ,SUCCESS,4668,Internal
X00456,2026-09-10 06:05:31,mhaingura,WKST-CS-017,DB-CRM-01,/crm/cases/open/record-7414.json,CRM_BASIC,READ,SUCCESS,15874,Internal
X00457,2026-09-10 06:13:43,nambala,WKST-SWK-012,FS-KYC-01,/customer/contacts/recent/record-1929.json,CUSTOMER_BASIC,READ,SUCCESS,4342,Confidential
X00458,2026-09-10 06:25:48,nambala,WKST-SWK-012,FS-KYC-01,/customer/records/individual/record-8410.json,CUSTOMER_BASIC,READ,SUCCESS,3570,Confidential
X00459,2026-09-10 06:48:42,haufiku,WKST-SOC-003,FS-FIN-01,/audit/access-reviews/record-7087.json,AUDIT,UPDATE,SUCCESS,2375,Restricted
X00460,2026-09-10 06:49:01,sankwasa,WKST-PRC-008,DB-CRM-01,/crm/cases/open/record-5122.json,CRM_BASIC,READ,SUCCESS,12830,Internal
X00461,2026-09-10 07:04:30,katjiuongua,WKST-IT-012,FS-FIN-01,/admin/directory/record-5340.json,IT_ADMIN,READ,SUCCESS,5950,Restricted
X00462,2026-09-10 07:13:59,jkavari,WKST-FIN-021,FS-FIN-01,/finance/budgets/2026/record-1221.json,FINANCE,UPDATE,SUCCESS,2826,Confidential
X00463,2026-09-10 07:21:24,tshivute,WKST-FIN-004,FS-FIN-01,/payroll/allowances/record-1038.json,PAYROLL_READ,READ,SUCCESS,23061,Confidential
X00464,2026-09-10 07:38:23,nduminga,WKST-SWK-002,FS-KYC-01,/customer/exports/regulatory/record-4965.json,CUSTOMER_EXPORT,LIST,SUCCESS,4306,Restricted
X00465,2026-09-10 07:40:39,nghifindaka,WKST-IT-005,FS-FIN-01,/admin/server-config/record-8694.json,IT_ADMIN,LIST,SUCCESS,3728,Restricted
X00466,2026-09-10 07:43:02,nduminga,WKST-SWK-002,FS-KYC-01,/customer/kyc/exports/2026-Q3/record-6835.json,CUSTOMER_EXPORT,LIST,SUCCESS,3410,Restricted
X00467,2026-09-10 07:46:18,nghifindaka,WKST-IT-005,FS-FIN-01,/admin/server-config/record-1505.json,IT_ADMIN,READ,SUCCESS,7452,Restricted
X00468,2026-09-10 07:48:14,jkavari,WKST-FIN-021,FS-FIN-01,/finance/budgets/2026/record-2778.json,FINANCE,UPDATE,SUCCESS,431,Confidential
X00469,2026-09-10 07:56:04,nduminga,WKST-SWK-002,FS-KYC-01,/customer/kyc/exports/2026-Q3/record-6481.json,CUSTOMER_EXPORT,READ,SUCCESS,8906,Restricted
X00470,2026-09-10 08:00:41,nduminga,WKST-SWK-002,FS-KYC-01,/customer/records/individual/record-5496.json,CUSTOMER_BASIC,READ,SUCCESS,6064,Confidential
X00471,2026-09-10 08:13:26,nambala,WKST-SWK-012,FS-KYC-01,/customer/records/individual/record-1935.json,CUSTOMER_BASIC,DOWNLOAD,SUCCESS,17313,Confidential
X00472,2026-09-10 08:24:43,mbandeka,WKST-LGL-005,FS-KYC-01,/customer/contacts/recent/record-5541.json,CUSTOMER_BASIC,LIST,SUCCESS,641,Confidential
X00473,2026-09-10 08:34:45,nnakale,WKST-CS-006,DB-CRM-01,/crm/cases/open/record-6655.json,CRM_BASIC,DOWNLOAD,SUCCESS,5063,Internal
X00474,2026-09-10 08:38:55,mukwambi,WKST-HR-014,FS-HR-01,/hr/leave/record-5925.json,HR,READ,SUCCESS,1866,Confidential
X00475,2026-09-10 08:42:05,nnakale,WKST-CS-006,DB-CRM-01,/crm/cases/open/record-3968.json,CRM_BASIC,LIST,SUCCESS,697,Internal
X00476,2026-09-10 08:49:00,ndjaba,WKST-OND-004,FS-KYC-01,/customer/contacts/recent/record-1842.json,CUSTOMER_BASIC,LIST,SUCCESS,4324,Confidential
X00477,2026-09-10 08:49:59,murorua,WKST-RSK-006,FS-FIN-01,/audit/access-reviews/record-3403.json,AUDIT,LIST,SUCCESS,2500,Restricted
X00478,2026-09-10 08:52:39,nghifindaka,WKST-IT-005,FS-FIN-01,/audit/access-reviews/record-5281.json,AUDIT,LIST,SUCCESS,4018,Restricted
X00479,2026-09-10 09:15:56,tkamati,WKST-CS-011,DB-CRM-01,/crm/customer/profile/record-7889.json,CRM_BASIC,READ,SUCCESS,3367,Internal
X00480,2026-09-10 09:24:24,sankwasa,WKST-PRC-008,DB-CRM-01,/crm/cases/open/record-2846.json,CRM_BASIC,UPDATE,SUCCESS,4137,Internal
X00481,2026-09-10 09:31:33,hamukwaya,WKST-TRY-007,DB-CRM-01,/crm/customer/profile/record-6456.json,CRM_BASIC,UPDATE,SUCCESS,2533,Internal
X00482,2026-09-10 09:34:58,hamukwaya,WKST-TRY-007,DB-CRM-01,/crm/customer/profile/record-5115.json,CRM_BASIC,READ,SUCCESS,28316,Internal
X00483,2026-09-10 09:38:59,mukwambi,WKST-HR-014,FS-FIN-01,/payroll/allowances/record-8189.json,PAYROLL_READ,READ,SUCCESS,1633,Confidential
X00484,2026-09-10 09:39:42,shilongo,WKST-LOAN-018,FS-KYC-01,/customer/contacts/recent/record-3558.json,CUSTOMER_BASIC,READ,SUCCESS,4263,Confidential
X00485,2026-09-10 09:45:44,haufiku,WKST-SOC-003,FS-FIN-01,/audit/security/record-5134.json,AUDIT,LIST,SUCCESS,4270,Restricted
X00486,2026-09-10 09:52:31,mbandeka,WKST-LGL-005,FS-KYC-01,/customer/records/individual/record-5134.json,CUSTOMER_BASIC,READ,SUCCESS,6162,Confidential
X00487,2026-09-10 10:01:34,sankwasa,WKST-PRC-008,DB-CRM-01,/crm/customer/profile/record-6407.json,CRM_BASIC,UPDATE,SUCCESS,3355,Internal
X00488,2026-09-10 10:07:05,tkamati,WKST-CS-011,DB-CRM-01,/crm/interactions/today/record-4468.json,CRM_BASIC,READ,SUCCESS,50761,Internal
X00489,2026-09-10 10:08:42,pnakale,WKST-HR-002,FS-HR-01,/hr/leave/record-3036.json,HR,UPDATE,SUCCESS,3845,Confidential
X00490,2026-09-10 10:08:44,mbandeka,WKST-LGL-005,FS-KYC-01,/customer/contacts/recent/record-3526.json,CUSTOMER_BASIC,UPDATE,SUCCESS,1349,Confidential
X00491,2026-09-10 10:12:27,mbandeka,WKST-LGL-005,FS-KYC-01,/customer/contacts/recent/record-8235.json,CUSTOMER_BASIC,LIST,SUCCESS,1637,Confidential
X00492,2026-09-10 10:24:30,nghifindaka,WKST-IT-005,FS-FIN-01,/admin/server-config/record-4559.json,IT_ADMIN,UPDATE,SUCCESS,1222,Restricted
X00493,2026-09-10 10:24:42,tshivute,WKST-FIN-004,FS-FIN-01,/finance/budgets/2026/record-9161.json,FINANCE,READ,SUCCESS,2626,Confidential
X00494,2026-09-10 10:26:32,sankwasa,WKST-PRC-008,DB-CRM-01,/crm/interactions/today/record-2224.json,CRM_BASIC,READ,SUCCESS,43471,Internal
X00495,2026-09-10 10:32:48,sihuhua,WKST-SWK-008,FS-KYC-01,/customer/records/individual/record-4737.json,CUSTOMER_BASIC,READ,SUCCESS,11531,Confidential
X00496,2026-09-10 10:47:38,nghifindaka,WKST-IT-005,FS-FIN-01,/admin/directory/record-8884.json,IT_ADMIN,UPDATE,SUCCESS,503,Restricted
X00497,2026-09-10 10:50:43,kndjavera,WKST-CMP-009,FS-KYC-01,/customer/kyc/high-risk/record-6419.json,CUSTOMER_EXPORT,DOWNLOAD,SUCCESS,37863,Restricted
X00498,2026-09-10 10:54:17,sankwasa,WKST-PRC-008,DB-CRM-01,/crm/customer/profile/record-7813.json,CRM_BASIC,READ,SUCCESS,18486,Internal
X00499,2026-09-10 11:01:46,hamukwaya,WKST-TRY-007,DB-CRM-01,/crm/interactions/today/record-3692.json,CRM_BASIC,LIST,SUCCESS,798,Internal
X00500,2026-09-10 11:02:30,nambala,WKST-SWK-012,FS-KYC-01,/customer/contacts/recent/record-6086.json,CUSTOMER_BASIC,READ,SUCCESS,3772,Confidential
X00501,2026-09-10 11:04:13,tkamati,WKST-CS-011,FS-KYC-01,/customer/contacts/recent/record-5231.json,CUSTOMER_BASIC,UPDATE,SUCCESS,4458,Confidential
X00502,2026-09-10 11:08:24,ndjaba,WKST-OND-004,DB-CRM-01,/crm/customer/profile/record-7833.json,CRM_BASIC,UPDATE,SUCCESS,292,Internal
X00503,2026-09-10 11:10:21,hamukwaya,WKST-TRY-007,DB-CRM-01,/crm/interactions/today/record-2762.json,CRM_BASIC,READ,SUCCESS,18179,Internal
X00504,2026-09-10 11:14:35,pnakale,WKST-HR-002,FS-FIN-01,/payroll/allowances/record-8768.json,PAYROLL_READ,UPDATE,SUCCESS,4550,Confidential
X00505,2026-09-10 11:20:26,nduminga,WKST-SWK-002,FS-KYC-01,/customer/kyc/high-risk/record-8997.json,CUSTOMER_EXPORT,DOWNLOAD,SUCCESS,7012,Restricted
X00506,2026-09-10 11:22:42,katjiuongua,WKST-IT-012,FS-FIN-01,/admin/directory/record-9555.json,IT_ADMIN,READ,SUCCESS,4959,Restricted
X00507,2026-09-10 11:30:59,nghifindaka,WKST-IT-005,FS-FIN-01,/audit/security/record-4225.json,AUDIT,READ,SUCCESS,7495,Restricted
X00508,2026-09-10 11:32:40,haufiku,WKST-SOC-003,FS-KYC-01,/customer/kyc/high-risk/record-5301.json,CUSTOMER_EXPORT,LIST,SUCCESS,2171,Restricted
X00509,2026-09-10 11:38:21,amupanda,WKST-CMP-003,FS-FIN-01,/audit/access-reviews/record-9601.json,AUDIT,DOWNLOAD,SUCCESS,21213,Restricted
X00510,2026-09-10 11:42:09,mbandeka,WKST-LGL-005,FS-KYC-01,/customer/contacts/recent/record-6736.json,CUSTOMER_BASIC,LIST,SUCCESS,2698,Confidential
X00511,2026-09-10 11:43:05,sankwasa,WKST-PRC-008,DB-CRM-01,/crm/interactions/today/record-6067.json,CRM_BASIC,READ,SUCCESS,21756,Internal
X00512,2026-09-10 11:44:02,mhaingura,WKST-CS-017,FS-KYC-01,/customer/records/individual/record-7287.json,CUSTOMER_BASIC,READ,SUCCESS,14993,Confidential
X00513,2026-09-10 11:45:51,mbandeka,WKST-LGL-005,FS-KYC-01,/customer/records/individual/record-7811.json,CUSTOMER_BASIC,READ,SUCCESS,11909,Confidential
X00514,2026-09-10 11:46:49,tjirera,WKST-AUD-004,FS-HR-01,/hr/leave/record-5903.json,HR,READ,SUCCESS,6810,Confidential
X00515,2026-09-10 11:49:29,nduminga,WKST-SWK-002,FS-KYC-01,/customer/kyc/high-risk/record-5053.json,CUSTOMER_EXPORT,READ,SUCCESS,6099,Restricted
X00516,2026-09-10 11:56:56,kndjavera,WKST-CMP-009,FS-FIN-01,/audit/access-reviews/record-8391.json,AUDIT,READ,SUCCESS,3212,Restricted
X00517,2026-09-10 12:13:24,sankwasa,WKST-PRC-008,DB-CRM-01,/crm/cases/open/record-6957.json,CRM_BASIC,READ,SUCCESS,33356,Internal
X00518,2026-09-10 12:18:04,sankwasa,WKST-PRC-008,DB-CRM-01,/crm/interactions/today/record-8223.json,CRM_BASIC,READ,SUCCESS,12663,Internal
X00519,2026-09-10 12:23:16,shilongo,WKST-LOAN-018,FS-KYC-01,/customer/contacts/recent/record-8425.json,CUSTOMER_BASIC,READ,SUCCESS,49611,Confidential
X00520,2026-09-10 12:30:19,shilongo,WKST-LOAN-018,FS-KYC-01,/customer/contacts/recent/record-4959.json,CUSTOMER_BASIC,READ,SUCCESS,5364,Confidential
X00521,2026-09-10 12:31:55,nduminga,WKST-SWK-002,FS-KYC-01,/customer/records/individual/record-6391.json,CUSTOMER_BASIC,READ,SUCCESS,4393,Confidential
X00522,2026-09-10 12:36:21,nambala,WKST-SWK-012,FS-KYC-01,/customer/contacts/recent/record-2072.json,CUSTOMER_BASIC,READ,SUCCESS,5054,Confidential
X00523,2026-09-10 12:46:45,murorua,WKST-RSK-006,FS-FIN-01,/audit/access-reviews/record-9674.json,AUDIT,DOWNLOAD,SUCCESS,3713,Restricted
X00524,2026-09-10 12:54:28,nghifindaka,WKST-IT-005,FS-FIN-01,/audit/access-reviews/record-6966.json,AUDIT,READ,SUCCESS,9429,Restricted
X00525,2026-09-10 12:56:52,ntinda,WKST-MKT-010,DB-CRM-01,/crm/interactions/today/record-3163.json,CRM_BASIC,READ,SUCCESS,14913,Internal
X00526,2026-09-10 13:03:58,sihuhua,WKST-SWK-008,DB-CRM-01,/crm/cases/open/record-6413.json,CRM_BASIC,UPDATE,SUCCESS,1347,Internal
X00527,2026-09-10 13:04:11,tjirera,WKST-AUD-004,FS-HR-01,/hr/recruitment/record-2619.json,HR,UPDATE,SUCCESS,1893,Confidential
X00528,2026-09-10 13:08:08,nambala,WKST-SWK-012,FS-KYC-01,/customer/records/individual/record-8924.json,CUSTOMER_BASIC,READ,SUCCESS,4561,Confidential
X00529,2026-09-10 13:11:21,nduminga,WKST-SWK-002,FS-KYC-01,/customer/contacts/recent/record-3209.json,CUSTOMER_BASIC,LIST,SUCCESS,2557,Confidential
X00530,2026-09-10 13:12:56,kndjavera,WKST-CMP-009,FS-KYC-01,/customer/kyc/exports/2026-Q3/record-8611.json,CUSTOMER_EXPORT,LIST,SUCCESS,2159,Restricted
X00531,2026-09-10 13:22:39,shapaka,WKST-EXE-002,DB-CRM-01,/crm/interactions/today/record-5558.json,CRM_BASIC,UPDATE,SUCCESS,4763,Internal
X00532,2026-09-10 13:34:25,murorua,WKST-RSK-006,FS-FIN-01,/audit/security/record-2812.json,AUDIT,READ,SUCCESS,42496,Restricted
X00533,2026-09-10 13:40:18,jkavari,WKST-FIN-021,FS-FIN-01,/finance/general-ledger/record-5577.json,FINANCE,DOWNLOAD,SUCCESS,5933,Confidential
X00534,2026-09-10 13:44:02,hamukwaya,WKST-TRY-007,DB-CRM-01,/crm/interactions/today/record-5338.json,CRM_BASIC,LIST,SUCCESS,1322,Internal
X00535,2026-09-10 13:46:40,ntinda,WKST-MKT-010,DB-CRM-01,/crm/customer/profile/record-1050.json,CRM_BASIC,READ,SUCCESS,30343,Internal
X00536,2026-09-10 13:51:30,hamukwaya,WKST-TRY-007,DB-CRM-01,/crm/cases/open/record-3433.json,CRM_BASIC,UPDATE,SUCCESS,3087,Internal
X00537,2026-09-10 13:53:00,shilongo,WKST-LOAN-018,FS-KYC-01,/customer/contacts/recent/record-6611.json,CUSTOMER_BASIC,READ,SUCCESS,3188,Confidential
X00538,2026-09-10 13:57:09,ndjaba,WKST-OND-004,FS-KYC-01,/customer/contacts/recent/record-4892.json,CUSTOMER_BASIC,READ,SUCCESS,9582,Confidential
X00539,2026-09-10 14:08:28,shilongo,WKST-LOAN-018,FS-KYC-01,/customer/records/individual/record-8856.json,CUSTOMER_BASIC,READ,SUCCESS,17397,Confidential
X00540,2026-09-10 14:09:15,amupanda,WKST-CMP-003,FS-KYC-01,/customer/kyc/high-risk/record-8887.json,CUSTOMER_EXPORT,UPDATE,SUCCESS,4875,Restricted
X00541,2026-09-10 14:18:39,kndjavera,WKST-CMP-009,FS-KYC-01,/customer/exports/regulatory/record-4814.json,CUSTOMER_EXPORT,READ,SUCCESS,1410,Restricted
X00542,2026-09-10 14:20:01,katjiuongua,WKST-IT-012,FS-FIN-01,/admin/server-config/record-8249.json,IT_ADMIN,LIST,SUCCESS,1214,Restricted
X00543,2026-09-10 14:37:08,haufiku,WKST-SOC-003,FS-FIN-01,/audit/access-reviews/record-9576.json,AUDIT,UPDATE,SUCCESS,2642,Restricted
X00544,2026-09-10 14:38:31,tkamati,WKST-CS-011,DB-CRM-01,/crm/interactions/today/record-6390.json,CRM_BASIC,LIST,SUCCESS,2469,Internal
X00545,2026-09-10 14:40:10,kndjavera,WKST-CMP-009,FS-KYC-01,/customer/exports/regulatory/record-6409.json,CUSTOMER_EXPORT,DOWNLOAD,SUCCESS,2126,Restricted
X00546,2026-09-10 14:41:17,nnakale,WKST-CS-006,FS-KYC-01,/customer/records/individual/record-5409.json,CUSTOMER_BASIC,UPDATE,SUCCESS,3731,Confidential
X00547,2026-09-10 14:41:53,haufiku,WKST-SOC-003,FS-FIN-01,/audit/security/record-5229.json,AUDIT,READ,SUCCESS,17693,Restricted
X00548,2026-09-10 14:47:34,haufiku,WKST-SOC-003,FS-FIN-01,/audit/security/record-9322.json,AUDIT,READ,SUCCESS,2832,Restricted
X00549,2026-09-10 14:48:09,nnakale,WKST-CS-006,FS-KYC-01,/customer/kyc/high-risk/record-8081.json,CUSTOMER_EXPORT,LIST,DENIED,3159,Restricted
X00550,2026-09-10 14:49:52,sihuhua,WKST-SWK-008,DB-CRM-01,/crm/cases/open/record-5426.json,CRM_BASIC,READ,SUCCESS,24621,Internal
X00551,2026-09-10 15:01:47,murorua,WKST-RSK-006,FS-FIN-01,/audit/access-reviews/record-2986.json,AUDIT,DOWNLOAD,SUCCESS,4764,Restricted
X00552,2026-09-10 15:02:48,sankwasa,WKST-PRC-008,DB-CRM-01,/crm/customer/profile/record-5322.json,CRM_BASIC,READ,SUCCESS,4675,Internal
X00553,2026-09-10 15:09:26,nghifindaka,WKST-IT-005,FS-FIN-01,/admin/directory/record-6304.json,IT_ADMIN,READ,SUCCESS,3168,Restricted
X00554,2026-09-10 15:17:40,mbandeka,WKST-LGL-005,FS-KYC-01,/customer/records/individual/record-9591.json,CUSTOMER_BASIC,LIST,SUCCESS,733,Confidential
X00555,2026-09-10 15:29:41,ndjaba,WKST-OND-004,DB-CRM-01,/crm/interactions/today/record-8664.json,CRM_BASIC,UPDATE,SUCCESS,3996,Internal
X00556,2026-09-10 15:30:12,mbandeka,WKST-LGL-005,FS-KYC-01,/customer/contacts/recent/record-5053.json,CUSTOMER_BASIC,READ,SUCCESS,3174,Confidential
X00557,2026-09-10 15:40:45,jkavari,WKST-FIN-021,FS-FIN-01,/finance/budgets/2026/record-8988.json,FINANCE,DOWNLOAD,SUCCESS,4210,Confidential
X00558,2026-09-10 15:50:29,ntinda,WKST-MKT-010,DB-CRM-01,/crm/interactions/today/record-5031.json,CRM_BASIC,READ,SUCCESS,10381,Internal
X00559,2026-09-10 15:58:46,nambala,WKST-SWK-012,FS-KYC-01,/customer/contacts/recent/record-5561.json,CUSTOMER_BASIC,READ,SUCCESS,4230,Confidential
X00560,2026-09-10 16:15:12,tshivute,WKST-FIN-004,FS-FIN-01,/payroll/allowances/record-3984.json,PAYROLL_READ,READ,SUCCESS,34600,Confidential
X00561,2026-09-10 16:19:23,mhaingura,WKST-CS-017,FS-KYC-01,/customer/contacts/recent/record-4410.json,CUSTOMER_BASIC,UPDATE,SUCCESS,3508,Confidential
X00562,2026-09-10 16:30:36,nnakale,WKST-CS-006,DB-CRM-01,/crm/customer/profile/record-7946.json,CRM_BASIC,READ,SUCCESS,14500,Internal
X00563,2026-09-10 16:30:47,murorua,WKST-RSK-006,FS-FIN-01,/audit/access-reviews/record-2161.json,AUDIT,READ,SUCCESS,8764,Restricted
X00564,2026-09-10 16:43:50,mhaingura,WKST-CS-017,FS-KYC-01,/customer/contacts/recent/record-2155.json,CUSTOMER_BASIC,READ,SUCCESS,14293,Confidential
X00565,2026-09-10 16:48:07,nambala,WKST-SWK-012,FS-KYC-01,/customer/contacts/recent/record-4561.json,CUSTOMER_BASIC,UPDATE,SUCCESS,3264,Confidential
X00566,2026-09-10 16:48:52,shilongo,WKST-LOAN-018,FS-KYC-01,/customer/records/individual/record-5353.json,CUSTOMER_BASIC,LIST,SUCCESS,2111,Confidential
X00567,2026-09-10 17:00:56,jkavari,WKST-FIN-021,FS-FIN-01,/finance/general-ledger/record-5513.json,FINANCE,READ,SUCCESS,2270,Confidential
X00568,2026-09-10 17:07:29,tshivute,WKST-FIN-004,FS-FIN-01,/payroll/monthly/2026-08/record-1047.json,PAYROLL_READ,READ,SUCCESS,14358,Confidential
X00569,2026-09-10 17:11:16,shilongo,WKST-LOAN-018,FS-KYC-01,/customer/contacts/recent/record-3535.json,CUSTOMER_BASIC,READ,SUCCESS,5276,Confidential
X00570,2026-09-10 17:11:21,pnakale,WKST-HR-002,FS-HR-01,/hr/leave/record-9064.json,HR,READ,SUCCESS,12994,Confidential
X00571,2026-09-10 17:14:11,pnakale,WKST-HR-002,FS-HR-01,/hr/disciplinary/record-3242.json,HR_CONFIDENTIAL,READ,SUCCESS,3553,Restricted
X00572,2026-09-10 17:15:03,nduminga,WKST-SWK-002,FS-KYC-01,/customer/contacts/recent/record-6465.json,CUSTOMER_BASIC,READ,SUCCESS,8262,Confidential
X00573,2026-09-10 17:15:26,tkamati,WKST-CS-011,FS-KYC-01,/customer/records/individual/record-3374.json,CUSTOMER_BASIC,READ,SUCCESS,13536,Confidential
X00574,2026-09-10 17:24:58,shapaka,WKST-EXE-002,DB-CRM-01,/crm/customer/profile/record-6471.json,CRM_BASIC,READ,SUCCESS,2743,Internal
X00575,2026-09-10 17:32:15,mukwambi,WKST-HR-014,FS-HR-01,/hr/leave/record-9807.json,HR,DOWNLOAD,SUCCESS,3155,Confidential
X00576,2026-09-10 17:35:20,shapaka,WKST-EXE-002,DB-CRM-01,/crm/interactions/today/record-9074.json,CRM_BASIC,READ,SUCCESS,46093,Internal
X00577,2026-09-10 17:43:03,shapaka,WKST-EXE-002,DB-CRM-01,/crm/cases/open/record-8034.json,CRM_BASIC,READ,SUCCESS,16614,Internal
X00578,2026-09-10 17:44:47,katjiuongua,WKST-IT-012,FS-FIN-01,/admin/server-config/record-2820.json,IT_ADMIN,UPDATE,SUCCESS,3772,Restricted
X00579,2026-09-10 17:48:49,ntinda,WKST-MKT-010,DB-CRM-01,/crm/interactions/today/record-1543.json,CRM_BASIC,READ,SUCCESS,39420,Internal
X00580,2026-09-10 17:52:55,sihuhua,WKST-SWK-008,DB-CRM-01,/crm/interactions/today/record-2314.json,CRM_BASIC,READ,SUCCESS,30442,Internal
X00581,2026-09-10 17:54:58,mukwambi,WKST-HR-014,FS-FIN-01,/payroll/monthly/2026-08/record-9182.json,PAYROLL_READ,UPDATE,SUCCESS,326,Confidential
X00582,2026-09-10 17:58:02,sihuhua,WKST-SWK-008,DB-CRM-01,/crm/customer/profile/record-3103.json,CRM_BASIC,READ,SUCCESS,28894,Internal
X00583,2026-09-10 17:59:54,katjiuongua,WKST-IT-012,FS-FIN-01,/admin/server-config/record-3866.json,IT_ADMIN,READ,SUCCESS,17735,Restricted
X00584,2026-09-10 18:04:53,mhaingura,WKST-CS-017,FS-KYC-01,/customer/records/individual/record-1598.json,CUSTOMER_BASIC,READ,SUCCESS,1967,Confidential
X00585,2026-09-10 18:08:57,nghifindaka,WKST-IT-005,FS-FIN-01,/audit/access-reviews/record-6558.json,AUDIT,UPDATE,SUCCESS,1557,Restricted
X00586,2026-09-10 18:15:28,amupanda,WKST-CMP-003,FS-KYC-01,/customer/exports/regulatory/record-3042.json,CUSTOMER_EXPORT,READ,SUCCESS,20336,Restricted
X00587,2026-09-10 18:23:35,shilongo,WKST-LOAN-018,FS-KYC-01,/customer/contacts/recent/record-7080.json,CUSTOMER_BASIC,DOWNLOAD,SUCCESS,1841,Confidential
X00588,2026-09-10 18:24:50,jkavari,WKST-FIN-021,FS-FIN-01,/finance/general-ledger/record-1546.json,FINANCE,UPDATE,SUCCESS,3450,Confidential
X00589,2026-09-10 18:28:37,tkamati,WKST-CS-011,DB-CRM-01,/crm/customer/profile/record-8251.json,CRM_BASIC,UPDATE,SUCCESS,2908,Internal
X00590,2026-09-10 18:33:51,murorua,WKST-RSK-006,FS-FIN-01,/audit/access-reviews/record-1959.json,AUDIT,READ,SUCCESS,1747,Restricted
X00591,2026-09-10 18:37:25,kndjavera,WKST-CMP-009,FS-KYC-01,/customer/kyc/exports/2026-Q3/record-9018.json,CUSTOMER_EXPORT,READ,SUCCESS,23263,Restricted
X00592,2026-09-10 18:49:01,sihuhua,WKST-SWK-008,DB-CRM-01,/crm/interactions/today/record-9849.json,CRM_BASIC,LIST,SUCCESS,805,Internal
X00593,2026-09-10 18:51:34,sankwasa,WKST-PRC-008,DB-CRM-01,/crm/cases/open/record-6144.json,CRM_BASIC,READ,SUCCESS,4339,Internal
X00594,2026-09-10 19:00:40,tshivute,WKST-FIN-004,FS-FIN-01,/payroll/monthly/2026-08/record-3461.json,PAYROLL_READ,READ,SUCCESS,33860,Confidential
X00595,2026-09-10 19:11:54,mhaingura,WKST-CS-017,FS-KYC-01,/customer/records/individual/record-1381.json,CUSTOMER_BASIC,DOWNLOAD,SUCCESS,2335,Confidential
X00596,2026-09-10 19:18:48,hamukwaya,WKST-TRY-007,DB-CRM-01,/crm/cases/open/record-1407.json,CRM_BASIC,READ,SUCCESS,53979,Internal
X00597,2026-09-10 19:28:04,katjiuongua,WKST-IT-012,FS-FIN-01,/admin/server-config/record-1250.json,IT_ADMIN,READ,SUCCESS,7298,Restricted
X00598,2026-09-10 19:37:06,murorua,WKST-RSK-006,FS-FIN-01,/audit/security/record-2204.json,AUDIT,READ,SUCCESS,9390,Restricted
X00599,2026-09-10 19:41:47,mukwambi,WKST-HR-014,FS-FIN-01,/payroll/monthly/2026-08/record-1126.json,PAYROLL_READ,READ,SUCCESS,30851,Confidential
X00600,2026-09-11 06:03:22,mhaingura,WKST-CS-017,FS-KYC-01,/customer/records/individual/record-5972.json,CUSTOMER_BASIC,UPDATE,SUCCESS,4362,Confidential
X00601,2026-09-11 06:03:53,nnakale,WKST-CS-006,DB-CRM-01,/crm/interactions/today/record-6282.json,CRM_BASIC,READ,SUCCESS,12372,Internal
X00602,2026-09-11 06:14:46,murorua,WKST-RSK-006,FS-FIN-01,/audit/access-reviews/record-8700.json,AUDIT,UPDATE,SUCCESS,4887,Restricted
X00603,2026-09-11 06:20:46,mukwambi,WKST-HR-014,FS-FIN-01,/payroll/allowances/record-2597.json,PAYROLL_READ,READ,DENIED,109902,Confidential
X00604,2026-09-11 06:20:56,mbandeka,WKST-LGL-005,FS-KYC-01,/customer/records/individual/record-6567.json,CUSTOMER_BASIC,UPDATE,SUCCESS,2761,Confidential
X00605,2026-09-11 06:27:06,pnakale,WKST-HR-002,FS-HR-01,/hr/recruitment/record-9717.json,HR,LIST,SUCCESS,202,Confidential
X00606,2026-09-11 06:27:43,amupanda,WKST-CMP-003,FS-HR-01,/hr/terminations/record-3088.json,HR_CONFIDENTIAL,READ,SUCCESS,7457,Restricted
X00607,2026-09-11 06:31:49,tshivute,WKST-FIN-004,FS-FIN-01,/finance/general-ledger/record-5327.json,FINANCE,DOWNLOAD,SUCCESS,6321,Confidential
X00608,2026-09-11 06:36:30,hamukwaya,WKST-TRY-007,DB-CRM-01,/crm/cases/open/record-9729.json,CRM_BASIC,UPDATE,SUCCESS,2296,Internal
X00609,2026-09-11 06:47:43,haufiku,WKST-SOC-003,FS-KYC-01,/customer/kyc/high-risk/record-6704.json,CUSTOMER_EXPORT,READ,SUCCESS,2461,Restricted
X00610,2026-09-11 06:49:38,shapaka,WKST-EXE-002,DB-CRM-01,/crm/customer/profile/record-5433.json,CRM_BASIC,READ,SUCCESS,2927,Internal
X00611,2026-09-11 06:53:32,nambala,WKST-SWK-012,FS-KYC-01,/customer/records/individual/record-7780.json,CUSTOMER_BASIC,LIST,SUCCESS,3661,Confidential
X00612,2026-09-11 06:58:08,shapaka,WKST-EXE-002,DB-CRM-01,/crm/interactions/today/record-5906.json,CRM_BASIC,READ,SUCCESS,13853,Internal
X00613,2026-09-11 07:00:12,ndjaba,WKST-OND-004,FS-KYC-01,/customer/contacts/recent/record-1475.json,CUSTOMER_BASIC,DOWNLOAD,SUCCESS,14219,Confidential
X00614,2026-09-11 07:02:16,shapaka,WKST-EXE-002,DB-CRM-01,/crm/customer/profile/record-7185.json,CRM_BASIC,LIST,SUCCESS,3391,Internal
X00615,2026-09-11 07:04:46,nnakale,WKST-CS-006,DB-CRM-01,/crm/customer/profile/record-7723.json,CRM_BASIC,READ,SUCCESS,4254,Internal
X00616,2026-09-11 07:04:56,sankwasa,WKST-PRC-008,DB-CRM-01,/crm/cases/open/record-3778.json,CRM_BASIC,READ,SUCCESS,4060,Internal
X00617,2026-09-11 07:07:59,tjirera,WKST-AUD-004,FS-FIN-01,/finance/general-ledger/record-5060.json,FINANCE,LIST,SUCCESS,1588,Confidential
X00618,2026-09-11 07:18:04,mukwambi,WKST-HR-014,FS-FIN-01,/payroll/monthly/2026-08/record-6645.json,PAYROLL_READ,READ,SUCCESS,37166,Confidential
X00619,2026-09-11 07:21:59,ntinda,WKST-MKT-010,DB-CRM-01,/crm/interactions/today/record-4117.json,CRM_BASIC,READ,SUCCESS,28038,Internal
X00620,2026-09-11 07:27:53,mbandeka,WKST-LGL-005,FS-KYC-01,/customer/contacts/recent/record-6901.json,CUSTOMER_BASIC,DOWNLOAD,SUCCESS,5577,Confidential
X00621,2026-09-11 07:29:08,shapaka,WKST-EXE-002,DB-CRM-01,/crm/interactions/today/record-4233.json,CRM_BASIC,LIST,SUCCESS,287,Internal
X00622,2026-09-11 07:41:27,haufiku,WKST-SOC-003,FS-KYC-01,/customer/exports/regulatory/record-5865.json,CUSTOMER_EXPORT,UPDATE,SUCCESS,4319,Restricted
X00623,2026-09-11 07:48:51,hamukwaya,WKST-TRY-007,DB-CRM-01,/crm/interactions/today/record-4447.json,CRM_BASIC,READ,SUCCESS,23291,Internal
X00624,2026-09-11 07:49:06,sihuhua,WKST-SWK-008,FS-KYC-01,/customer/contacts/recent/record-1256.json,CUSTOMER_BASIC,LIST,SUCCESS,4854,Confidential
X00625,2026-09-11 07:53:30,mhaingura,WKST-CS-017,FS-KYC-01,/customer/contacts/recent/record-7510.json,CUSTOMER_BASIC,READ,SUCCESS,45461,Confidential
X00626,2026-09-11 08:05:19,shapaka,WKST-EXE-002,DB-CRM-01,/crm/cases/open/record-6765.json,CRM_BASIC,READ,SUCCESS,7558,Internal
X00627,2026-09-11 08:07:47,tkamati,WKST-CS-011,FS-KYC-01,/customer/contacts/recent/record-4406.json,CUSTOMER_BASIC,LIST,SUCCESS,3950,Confidential
X00628,2026-09-11 08:19:06,shilongo,WKST-LOAN-018,FS-KYC-01,/customer/contacts/recent/record-8956.json,CUSTOMER_BASIC,LIST,DENIED,4304,Confidential
X00629,2026-09-11 08:24:19,nduminga,WKST-SWK-002,FS-KYC-01,/customer/contacts/recent/record-9515.json,CUSTOMER_BASIC,READ,SUCCESS,15462,Confidential
X00630,2026-09-11 08:24:45,nambala,WKST-SWK-012,FS-KYC-01,/customer/contacts/recent/record-8531.json,CUSTOMER_BASIC,DOWNLOAD,SUCCESS,13263,Confidential
X00631,2026-09-11 08:54:06,amupanda,WKST-CMP-003,FS-FIN-01,/audit/access-reviews/record-3775.json,AUDIT,LIST,SUCCESS,2746,Restricted
X00632,2026-09-11 09:04:25,kndjavera,WKST-CMP-009,FS-KYC-01,/customer/exports/regulatory/record-2707.json,CUSTOMER_EXPORT,UPDATE,SUCCESS,4411,Restricted
X00633,2026-09-11 09:10:08,katjiuongua,WKST-IT-012,FS-FIN-01,/admin/directory/record-1019.json,IT_ADMIN,READ,SUCCESS,29557,Restricted
X00634,2026-09-11 09:12:34,ntinda,WKST-MKT-010,DB-CRM-01,/crm/cases/open/record-7339.json,CRM_BASIC,UPDATE,SUCCESS,3003,Internal
X00635,2026-09-11 09:14:47,nduminga,WKST-SWK-002,FS-KYC-01,/customer/contacts/recent/record-5668.json,CUSTOMER_BASIC,READ,SUCCESS,8542,Confidential
X00636,2026-09-11 09:15:57,sihuhua,WKST-SWK-008,FS-KYC-01,/customer/records/individual/record-9236.json,CUSTOMER_BASIC,READ,SUCCESS,9000,Confidential
X00637,2026-09-11 09:16:25,tjirera,WKST-AUD-004,FS-KYC-01,/customer/exports/regulatory/record-8388.json,CUSTOMER_EXPORT,LIST,SUCCESS,3318,Restricted
X00638,2026-09-11 09:19:11,tkamati,WKST-CS-011,DB-CRM-01,/crm/cases/open/record-2331.json,CRM_BASIC,READ,SUCCESS,5926,Internal
X00639,2026-09-11 09:20:04,nduminga,WKST-SWK-002,DB-CRM-01,/crm/cases/open/record-4077.json,CRM_BASIC,DOWNLOAD,SUCCESS,12675,Internal
X00640,2026-09-11 09:26:21,haufiku,WKST-SOC-003,FS-FIN-01,/audit/access-reviews/record-5642.json,AUDIT,UPDATE,SUCCESS,2323,Restricted
X00641,2026-09-11 09:27:56,tshivute,WKST-FIN-004,FS-FIN-01,/finance/budgets/2026/record-7805.json,FINANCE,READ,SUCCESS,77638,Confidential
X00642,2026-09-11 09:30:05,ndjaba,WKST-OND-004,FS-KYC-01,/customer/contacts/recent/record-3031.json,CUSTOMER_BASIC,READ,SUCCESS,16543,Confidential
X00643,2026-09-11 09:30:27,sankwasa,WKST-PRC-008,DB-CRM-01,/crm/customer/profile/record-8491.json,CRM_BASIC,UPDATE,SUCCESS,2607,Internal
X00644,2026-09-11 09:30:53,tshivute,WKST-FIN-004,FS-FIN-01,/finance/general-ledger/record-2830.json,FINANCE,LIST,SUCCESS,2203,Confidential
X00645,2026-09-11 09:33:51,ndjaba,WKST-OND-004,FS-KYC-01,/customer/contacts/recent/record-1711.json,CUSTOMER_BASIC,READ,SUCCESS,23629,Confidential
X00646,2026-09-11 09:39:33,amupanda,WKST-CMP-003,FS-KYC-01,/customer/kyc/exports/2026-Q3/record-5970.json,CUSTOMER_EXPORT,READ,SUCCESS,16165,Restricted
X00647,2026-09-11 09:44:40,kndjavera,WKST-CMP-009,FS-KYC-01,/customer/kyc/exports/2026-Q3/record-6113.json,CUSTOMER_EXPORT,READ,SUCCESS,7088,Restricted
X00648,2026-09-11 09:45:59,jkavari,WKST-FIN-021,FS-FIN-01,/finance/general-ledger/record-7765.json,FINANCE,READ,SUCCESS,10060,Confidential
X00649,2026-09-11 09:53:32,ntinda,WKST-MKT-010,DB-CRM-01,/crm/cases/open/record-3393.json,CRM_BASIC,DOWNLOAD,SUCCESS,746,Internal
X00650,2026-09-11 09:55:18,nghifindaka,WKST-IT-005,FS-FIN-01,/audit/security/record-7477.json,AUDIT,READ,SUCCESS,10021,Restricted
X00651,2026-09-11 09:56:33,shapaka,WKST-EXE-002,DB-CRM-01,/crm/customer/profile/record-2347.json,CRM_BASIC,READ,SUCCESS,1412,Internal
X00652,2026-09-11 10:00:37,pnakale,WKST-HR-002,FS-FIN-01,/payroll/allowances/record-4598.json,PAYROLL_READ,DOWNLOAD,SUCCESS,1223,Confidential
X00653,2026-09-11 10:04:40,sankwasa,WKST-PRC-008,DB-CRM-01,/crm/interactions/today/record-6697.json,CRM_BASIC,READ,SUCCESS,17204,Internal
X00654,2026-09-11 10:13:46,sihuhua,WKST-SWK-008,DB-CRM-01,/crm/interactions/today/record-9981.json,CRM_BASIC,READ,SUCCESS,4426,Internal
X00655,2026-09-11 10:20:43,shilongo,WKST-LOAN-018,FS-KYC-01,/customer/contacts/recent/record-6296.json,CUSTOMER_BASIC,READ,SUCCESS,7058,Confidential
X00656,2026-09-11 10:21:25,pnakale,WKST-HR-002,FS-HR-01,/hr/recruitment/record-3774.json,HR,UPDATE,SUCCESS,4758,Confidential
X00657,2026-09-11 10:27:00,katjiuongua,WKST-IT-012,FS-FIN-01,/admin/server-config/record-6133.json,IT_ADMIN,UPDATE,SUCCESS,848,Restricted
X00658,2026-09-11 10:28:03,ntinda,WKST-MKT-010,DB-CRM-01,/crm/cases/open/record-2495.json,CRM_BASIC,LIST,SUCCESS,2152,Internal
X00659,2026-09-11 10:33:05,shapaka,WKST-EXE-002,DB-CRM-01,/crm/customer/profile/record-9269.json,CRM_BASIC,READ,SUCCESS,7531,Internal
X00660,2026-09-11 10:34:00,ntinda,WKST-MKT-010,DB-CRM-01,/crm/interactions/today/record-7231.json,CRM_BASIC,LIST,SUCCESS,4047,Internal
X00661,2026-09-11 10:34:48,nduminga,WKST-SWK-002,FS-KYC-01,/customer/contacts/recent/record-1311.json,CUSTOMER_BASIC,READ,SUCCESS,20897,Confidential
X00662,2026-09-11 10:42:41,tjirera,WKST-AUD-004,FS-FIN-01,/audit/access-reviews/record-5520.json,AUDIT,UPDATE,SUCCESS,2252,Restricted
X00663,2026-09-11 10:45:39,shilongo,WKST-LOAN-018,FS-KYC-01,/customer/records/individual/record-8030.json,CUSTOMER_BASIC,LIST,SUCCESS,3267,Confidential
X00664,2026-09-11 10:46:08,ndjaba,WKST-OND-004,DB-CRM-01,/crm/customer/profile/record-7911.json,CRM_BASIC,READ,SUCCESS,5971,Internal
X00665,2026-09-11 11:05:17,nduminga,WKST-SWK-002,DB-CRM-01,/crm/interactions/today/record-3097.json,CRM_BASIC,READ,SUCCESS,10918,Internal
X00666,2026-09-11 11:28:04,tjirera,WKST-AUD-004,FS-FIN-01,/audit/access-reviews/record-3614.json,AUDIT,READ,SUCCESS,2668,Restricted
X00667,2026-09-11 11:32:26,katjiuongua,WKST-IT-012,FS-FIN-01,/admin/server-config/record-4801.json,IT_ADMIN,READ,SUCCESS,12959,Restricted
X00668,2026-09-11 11:34:03,shilongo,WKST-LOAN-018,FS-KYC-01,/customer/records/individual/record-1941.json,CUSTOMER_BASIC,UPDATE,SUCCESS,4008,Confidential
X00669,2026-09-11 11:36:16,mhaingura,WKST-CS-017,FS-KYC-01,/customer/contacts/recent/record-9616.json,CUSTOMER_BASIC,UPDATE,SUCCESS,1074,Confidential
X00670,2026-09-11 11:49:44,nduminga,WKST-SWK-002,FS-KYC-01,/customer/contacts/recent/record-4652.json,CUSTOMER_BASIC,UPDATE,SUCCESS,726,Confidential
X00671,2026-09-11 11:56:00,mhaingura,WKST-CS-017,DB-CRM-01,/crm/customer/profile/record-6401.json,CRM_BASIC,DOWNLOAD,SUCCESS,18304,Internal
X00672,2026-09-11 11:58:23,nduminga,WKST-SWK-002,DB-CRM-01,/crm/customer/profile/record-8103.json,CRM_BASIC,READ,SUCCESS,4473,Internal
X00673,2026-09-11 11:58:52,sankwasa,WKST-PRC-008,DB-CRM-01,/crm/customer/profile/record-5763.json,CRM_BASIC,READ,SUCCESS,16174,Internal
X00674,2026-09-11 12:03:00,sankwasa,WKST-PRC-008,DB-CRM-01,/crm/cases/open/record-8422.json,CRM_BASIC,UPDATE,SUCCESS,3968,Internal
X00675,2026-09-11 12:12:07,sihuhua,WKST-SWK-008,DB-CRM-01,/crm/customer/profile/record-9805.json,CRM_BASIC,UPDATE,SUCCESS,3548,Internal
X00676,2026-09-11 12:25:07,mhaingura,WKST-CS-017,FS-KYC-01,/customer/records/individual/record-1325.json,CUSTOMER_BASIC,READ,SUCCESS,16583,Confidential
X00677,2026-09-11 12:31:19,tjirera,WKST-AUD-004,FS-KYC-01,/customer/kyc/high-risk/record-1744.json,CUSTOMER_EXPORT,READ,SUCCESS,28622,Restricted
X00678,2026-09-11 12:42:15,nduminga,WKST-SWK-002,DB-CRM-01,/crm/customer/profile/record-6510.json,CRM_BASIC,READ,SUCCESS,48127,Internal
X00679,2026-09-11 12:52:11,ntinda,WKST-MKT-010,DB-CRM-01,/crm/customer/profile/record-9659.json,CRM_BASIC,LIST,SUCCESS,3889,Internal
X00680,2026-09-11 12:54:06,tshivute,WKST-FIN-004,FS-FIN-01,/finance/general-ledger/record-1368.json,FINANCE,READ,SUCCESS,2355,Confidential
X00681,2026-09-11 12:56:11,nambala,WKST-SWK-012,FS-KYC-01,/customer/records/individual/record-9477.json,CUSTOMER_BASIC,READ,SUCCESS,8908,Confidential
X00682,2026-09-11 13:10:36,nnakale,WKST-CS-006,FS-KYC-01,/customer/records/individual/record-1417.json,CUSTOMER_BASIC,READ,SUCCESS,6517,Confidential
X00683,2026-09-11 13:15:10,mhaingura,WKST-CS-017,DB-CRM-01,/crm/customer/profile/record-7334.json,CRM_BASIC,READ,SUCCESS,834,Internal
X00684,2026-09-11 13:15:28,tjirera,WKST-AUD-004,FS-HR-01,/hr/leave/record-2841.json,HR,LIST,SUCCESS,3991,Confidential
X00685,2026-09-11 13:15:39,sihuhua,WKST-SWK-008,FS-KYC-01,/customer/contacts/recent/record-5187.json,CUSTOMER_BASIC,UPDATE,SUCCESS,1314,Confidential
X00686,2026-09-11 13:19:18,nambala,WKST-SWK-012,FS-KYC-01,/customer/contacts/recent/record-7659.json,CUSTOMER_BASIC,READ,SUCCESS,9969,Confidential
X00687,2026-09-11 13:31:02,nduminga,WKST-SWK-002,FS-KYC-01,/customer/contacts/recent/record-8083.json,CUSTOMER_BASIC,READ,SUCCESS,14124,Confidential
X00688,2026-09-11 13:35:28,sihuhua,WKST-SWK-008,FS-KYC-01,/customer/contacts/recent/record-5556.json,CUSTOMER_BASIC,LIST,SUCCESS,2612,Confidential
X00689,2026-09-11 13:35:47,amupanda,WKST-CMP-003,FS-HR-01,/hr/terminations/record-7786.json,HR_CONFIDENTIAL,READ,SUCCESS,15172,Restricted
X00690,2026-09-11 13:38:33,tkamati,WKST-CS-011,FS-KYC-01,/customer/contacts/recent/record-7246.json,CUSTOMER_BASIC,UPDATE,SUCCESS,2241,Confidential
X00691,2026-09-11 13:38:47,katjiuongua,WKST-IT-012,FS-FIN-01,/admin/server-config/record-2649.json,IT_ADMIN,READ,SUCCESS,1032,Restricted
X00692,2026-09-11 13:39:07,tkamati,WKST-CS-011,DB-CRM-01,/crm/interactions/today/record-8994.json,CRM_BASIC,UPDATE,SUCCESS,4110,Internal
X00693,2026-09-11 13:55:06,nambala,WKST-SWK-012,FS-KYC-01,/customer/contacts/recent/record-9511.json,CUSTOMER_BASIC,DOWNLOAD,SUCCESS,22739,Confidential
X00694,2026-09-11 13:58:41,hamukwaya,WKST-TRY-007,DB-CRM-01,/crm/customer/profile/record-4788.json,CRM_BASIC,LIST,SUCCESS,2216,Internal
X00695,2026-09-11 13:59:09,haufiku,WKST-SOC-003,FS-FIN-01,/audit/access-reviews/record-9827.json,AUDIT,READ,SUCCESS,60697,Restricted
X00696,2026-09-11 13:59:33,jkavari,WKST-FIN-021,FS-FIN-01,/finance/budgets/2026/record-5661.json,FINANCE,READ,SUCCESS,17994,Confidential
X00697,2026-09-11 14:07:44,nghifindaka,WKST-IT-005,FS-FIN-01,/admin/server-config/record-7971.json,IT_ADMIN,READ,SUCCESS,12905,Restricted
X00698,2026-09-11 14:08:41,nnakale,WKST-CS-006,FS-KYC-01,/customer/contacts/recent/record-1410.json,CUSTOMER_BASIC,READ,SUCCESS,11125,Confidential
X00699,2026-09-11 14:10:02,tshivute,WKST-FIN-004,FS-FIN-01,/payroll/monthly/2026-08/record-2699.json,PAYROLL_READ,READ,SUCCESS,10168,Confidential
X00700,2026-09-11 14:11:00,nambala,WKST-SWK-012,FS-KYC-01,/customer/records/individual/record-4035.json,CUSTOMER_BASIC,READ,SUCCESS,2998,Confidential
X00701,2026-09-11 14:15:27,haufiku,WKST-SOC-003,FS-FIN-01,/audit/access-reviews/record-7334.json,AUDIT,READ,SUCCESS,3938,Restricted
X00702,2026-09-11 14:16:32,shilongo,WKST-LOAN-018,FS-KYC-01,/customer/records/individual/record-2510.json,CUSTOMER_BASIC,READ,SUCCESS,13966,Confidential
X00703,2026-09-11 14:18:30,murorua,WKST-RSK-006,FS-FIN-01,/audit/access-reviews/record-8862.json,AUDIT,READ,SUCCESS,10070,Restricted
X00704,2026-09-11 14:22:14,tjirera,WKST-AUD-004,FS-FIN-01,/finance/budgets/2026/record-7879.json,FINANCE,READ,SUCCESS,55711,Confidential
X00705,2026-09-11 14:30:47,jkavari,WKST-FIN-021,FS-FIN-01,/finance/general-ledger/record-1173.json,FINANCE,READ,SUCCESS,10501,Confidential
X00706,2026-09-11 14:35:35,murorua,WKST-RSK-006,FS-FIN-01,/audit/access-reviews/record-8790.json,AUDIT,READ,SUCCESS,15803,Restricted
X00707,2026-09-11 14:39:04,shilongo,WKST-LOAN-018,FS-KYC-01,/customer/records/individual/record-7776.json,CUSTOMER_BASIC,UPDATE,SUCCESS,1593,Confidential
X00708,2026-09-11 14:41:27,mhaingura,WKST-CS-017,DB-CRM-01,/crm/cases/open/record-3128.json,CRM_BASIC,READ,SUCCESS,7034,Internal
X00709,2026-09-11 14:42:27,mhaingura,WKST-CS-017,DB-CRM-01,/crm/customer/profile/record-1186.json,CRM_BASIC,READ,SUCCESS,5735,Internal
X00710,2026-09-11 14:50:08,ntinda,WKST-MKT-010,DB-CRM-01,/crm/interactions/today/record-8774.json,CRM_BASIC,UPDATE,SUCCESS,1439,Internal
X00711,2026-09-11 14:55:16,sankwasa,WKST-PRC-008,DB-CRM-01,/crm/cases/open/record-2006.json,CRM_BASIC,READ,SUCCESS,10855,Internal
X00712,2026-09-11 14:58:16,katjiuongua,WKST-IT-012,FS-FIN-01,/admin/server-config/record-3505.json,IT_ADMIN,LIST,SUCCESS,3984,Restricted
X00713,2026-09-11 15:07:11,shapaka,WKST-EXE-002,DB-CRM-01,/crm/customer/profile/record-9462.json,CRM_BASIC,LIST,SUCCESS,4263,Internal
X00714,2026-09-11 15:15:05,mukwambi,WKST-HR-014,FS-FIN-01,/payroll/monthly/2026-08/record-9701.json,PAYROLL_READ,LIST,SUCCESS,4231,Confidential
X00715,2026-09-11 15:20:12,nghifindaka,WKST-IT-005,FS-FIN-01,/admin/directory/record-6110.json,IT_ADMIN,UPDATE,SUCCESS,1921,Restricted
X00716,2026-09-11 15:21:22,amupanda,WKST-CMP-003,FS-HR-01,/hr/disciplinary/record-9697.json,HR_CONFIDENTIAL,READ,SUCCESS,625,Restricted
X00717,2026-09-11 15:28:19,tjirera,WKST-AUD-004,FS-FIN-01,/audit/access-reviews/record-2171.json,AUDIT,UPDATE,SUCCESS,4891,Restricted
X00718,2026-09-11 15:30:07,nduminga,WKST-SWK-002,FS-KYC-01,/customer/records/individual/record-1298.json,CUSTOMER_BASIC,READ,SUCCESS,6533,Confidential
X00719,2026-09-11 15:30:35,murorua,WKST-RSK-006,FS-FIN-01,/audit/security/record-8259.json,AUDIT,UPDATE,SUCCESS,283,Restricted
X00720,2026-09-11 15:31:05,tshivute,WKST-FIN-004,FS-FIN-01,/finance/general-ledger/record-1391.json,FINANCE,UPDATE,SUCCESS,3796,Confidential
X00721,2026-09-11 15:34:45,tjirera,WKST-AUD-004,FS-KYC-01,/customer/kyc/high-risk/record-8335.json,CUSTOMER_EXPORT,READ,SUCCESS,7953,Restricted
X00722,2026-09-11 15:37:35,kndjavera,WKST-CMP-009,FS-KYC-01,/customer/exports/regulatory/record-5704.json,CUSTOMER_EXPORT,READ,SUCCESS,51073,Restricted
X00723,2026-09-11 15:38:42,haufiku,WKST-SOC-003,FS-FIN-01,/audit/access-reviews/record-2959.json,AUDIT,READ,SUCCESS,4366,Restricted
X00724,2026-09-11 15:39:18,nnakale,WKST-CS-006,FS-KYC-01,/customer/records/individual/record-9618.json,CUSTOMER_BASIC,LIST,SUCCESS,2122,Confidential
X00725,2026-09-11 15:41:10,shapaka,WKST-EXE-002,DB-CRM-01,/crm/cases/open/record-6513.json,CRM_BASIC,READ,SUCCESS,19415,Internal
X00726,2026-09-11 15:47:07,shapaka,WKST-EXE-002,DB-CRM-01,/crm/interactions/today/record-4145.json,CRM_BASIC,READ,SUCCESS,5360,Internal
X00727,2026-09-11 15:49:26,shapaka,WKST-EXE-002,DB-CRM-01,/crm/cases/open/record-6170.json,CRM_BASIC,LIST,SUCCESS,4975,Internal
X00728,2026-09-11 15:50:18,nduminga,WKST-SWK-002,DB-CRM-01,/crm/cases/open/record-7942.json,CRM_BASIC,DOWNLOAD,SUCCESS,44747,Internal
X00729,2026-09-11 15:51:28,nduminga,WKST-SWK-002,FS-KYC-01,/customer/records/individual/record-2767.json,CUSTOMER_BASIC,READ,SUCCESS,2058,Confidential
X00730,2026-09-11 15:54:02,sihuhua,WKST-SWK-008,FS-KYC-01,/customer/contacts/recent/record-3785.json,CUSTOMER_BASIC,LIST,SUCCESS,1758,Confidential
X00731,2026-09-11 15:56:31,amupanda,WKST-CMP-003,FS-FIN-01,/audit/access-reviews/record-1963.json,AUDIT,LIST,SUCCESS,3934,Restricted
X00732,2026-09-11 16:02:28,mhaingura,WKST-CS-017,FS-KYC-01,/customer/contacts/recent/record-8922.json,CUSTOMER_BASIC,READ,SUCCESS,3453,Confidential
X00733,2026-09-11 16:05:26,nnakale,WKST-CS-006,FS-KYC-01,/customer/contacts/recent/record-3189.json,CUSTOMER_BASIC,DOWNLOAD,SUCCESS,15403,Confidential
X00734,2026-09-11 16:14:40,nghifindaka,WKST-IT-005,FS-FIN-01,/admin/directory/record-8696.json,IT_ADMIN,READ,SUCCESS,27324,Restricted
X00735,2026-09-11 16:16:16,nduminga,WKST-SWK-002,FS-KYC-01,/customer/records/individual/record-9462.json,CUSTOMER_BASIC,UPDATE,SUCCESS,4516,Confidential
X00736,2026-09-11 16:19:11,sankwasa,WKST-PRC-008,DB-CRM-01,/crm/customer/profile/record-5137.json,CRM_BASIC,READ,SUCCESS,16724,Internal
X00737,2026-09-11 16:22:47,jkavari,WKST-FIN-021,FS-FIN-01,/finance/budgets/2026/record-4378.json,FINANCE,DOWNLOAD,SUCCESS,17405,Confidential
X00738,2026-09-11 16:28:49,nduminga,WKST-SWK-002,FS-KYC-01,/customer/kyc/exports/2026-Q3/record-2520.json,CUSTOMER_EXPORT,UPDATE,SUCCESS,767,Restricted
X00739,2026-09-11 16:33:08,nnakale,WKST-CS-006,FS-KYC-01,/customer/kyc/exports/2026-Q3/record-3925.json,CUSTOMER_EXPORT,READ,SUCCESS,29461,Restricted
X00740,2026-09-11 16:36:44,ntinda,WKST-MKT-010,DB-CRM-01,/crm/cases/open/record-4198.json,CRM_BASIC,READ,DENIED,21658,Internal
X00741,2026-09-11 16:49:10,jkavari,WKST-FIN-021,FS-FIN-01,/finance/general-ledger/record-5908.json,FINANCE,DOWNLOAD,SUCCESS,2596,Confidential
X00742,2026-09-11 16:53:37,nnakale,WKST-CS-006,FS-KYC-01,/customer/kyc/high-risk/record-6522.json,CUSTOMER_EXPORT,READ,SUCCESS,27302,Restricted
X00743,2026-09-11 16:56:43,jkavari,WKST-FIN-021,FS-FIN-01,/finance/budgets/2026/record-5444.json,FINANCE,LIST,SUCCESS,4969,Confidential
X00744,2026-09-11 17:03:18,nduminga,WKST-SWK-002,FS-KYC-01,/customer/kyc/high-risk/record-9089.json,CUSTOMER_EXPORT,DOWNLOAD,SUCCESS,52517,Restricted
X00745,2026-09-11 17:11:06,katjiuongua,WKST-IT-012,FS-FIN-01,/admin/directory/record-2305.json,IT_ADMIN,UPDATE,SUCCESS,503,Restricted
X00746,2026-09-11 17:12:37,hamukwaya,WKST-TRY-007,DB-CRM-01,/crm/interactions/today/record-6545.json,CRM_BASIC,READ,SUCCESS,12552,Internal
X00747,2026-09-11 17:21:32,ntinda,WKST-MKT-010,DB-CRM-01,/crm/cases/open/record-5418.json,CRM_BASIC,LIST,SUCCESS,2705,Internal
X00748,2026-09-11 17:24:26,amupanda,WKST-CMP-003,FS-KYC-01,/customer/kyc/exports/2026-Q3/record-9079.json,CUSTOMER_EXPORT,READ,SUCCESS,9477,Restricted
X00749,2026-09-11 17:28:39,ndjaba,WKST-OND-004,DB-CRM-01,/crm/customer/profile/record-6542.json,CRM_BASIC,READ,SUCCESS,7178,Internal
X00750,2026-09-11 17:51:39,shilongo,WKST-LOAN-018,FS-KYC-01,/customer/records/individual/record-4038.json,CUSTOMER_BASIC,READ,SUCCESS,1797,Confidential
X00751,2026-09-11 18:02:08,jkavari,WKST-FIN-021,FS-FIN-01,/finance/budgets/2026/record-5037.json,FINANCE,UPDATE,SUCCESS,1922,Confidential
X00752,2026-09-11 18:05:34,nduminga,WKST-SWK-002,FS-KYC-01,/customer/records/individual/record-1912.json,CUSTOMER_BASIC,READ,SUCCESS,10452,Confidential
X00753,2026-09-11 18:27:21,mhaingura,WKST-CS-017,FS-HR-01,/hr/terminations/2026/terminations.xlsx,HR_CONFIDENTIAL,READ,DENIED,0,Restricted
X00754,2026-09-11 18:28:03,mhaingura,WKST-CS-017,FS-FIN-01,/payroll/monthly/2026-08/payroll.csv,PAYROLL_READ,READ,DENIED,0,Restricted
X00755,2026-09-11 18:29:05,hamukwaya,WKST-TRY-007,DB-CRM-01,/crm/cases/open/record-4256.json,CRM_BASIC,DOWNLOAD,SUCCESS,10166,Internal
X00756,2026-09-11 18:29:34,ndjaba,WKST-OND-004,FS-KYC-01,/customer/records/individual/record-6761.json,CUSTOMER_BASIC,READ,SUCCESS,25103,Confidential
X00757,2026-09-11 18:30:17,mhaingura,WKST-CS-017,DB-CRM-01,/crm/customer/profile/record-7742.json,CRM_BASIC,READ,SUCCESS,18421,Internal
X00758,2026-09-11 18:30:27,nduminga,WKST-SWK-002,DB-CRM-01,/crm/interactions/today/record-9624.json,CRM_BASIC,LIST,SUCCESS,3712,Internal
X00759,2026-09-11 18:33:42,mhaingura,WKST-CS-017,FS-KYC-01,/customer/kyc/exports/2026-Q3,CUSTOMER_EXPORT,LIST,SUCCESS,1280,Restricted
X00760,2026-09-11 18:34:00,mhaingura,WKST-CS-017,FS-KYC-01,/customer/kyc/exports/2026-Q3/kyc-50000.pdf,CUSTOMER_EXPORT,DOWNLOAD,SUCCESS,7737122,Restricted
X00761,2026-09-11 18:34:19,mhaingura,WKST-CS-017,FS-KYC-01,/customer/kyc/exports/2026-Q3/kyc-50001.pdf,CUSTOMER_EXPORT,DOWNLOAD,SUCCESS,4773356,Restricted
X00762,2026-09-11 18:34:38,mhaingura,WKST-CS-017,FS-KYC-01,/customer/kyc/exports/2026-Q3/kyc-50002.pdf,CUSTOMER_EXPORT,DOWNLOAD,SUCCESS,8439696,Restricted
X00763,2026-09-11 18:34:57,mhaingura,WKST-CS-017,FS-KYC-01,/customer/kyc/exports/2026-Q3/kyc-50003.pdf,CUSTOMER_EXPORT,DOWNLOAD,SUCCESS,9008704,Restricted
X00764,2026-09-11 18:35:16,mhaingura,WKST-CS-017,FS-KYC-01,/customer/kyc/exports/2026-Q3/kyc-50004.pdf,CUSTOMER_EXPORT,DOWNLOAD,SUCCESS,7601086,Restricted
X00765,2026-09-11 18:35:35,mhaingura,WKST-CS-017,FS-KYC-01,/customer/kyc/exports/2026-Q3/kyc-50005.pdf,CUSTOMER_EXPORT,DOWNLOAD,SUCCESS,3715799,Restricted
X00766,2026-09-11 18:35:54,mhaingura,WKST-CS-017,FS-KYC-01,/customer/kyc/exports/2026-Q3/kyc-50006.pdf,CUSTOMER_EXPORT,DOWNLOAD,SUCCESS,6663456,Restricted
X00767,2026-09-11 18:36:13,mhaingura,WKST-CS-017,FS-KYC-01,/customer/kyc/exports/2026-Q3/kyc-50007.pdf,CUSTOMER_EXPORT,DOWNLOAD,SUCCESS,6979710,Restricted
X00768,2026-09-11 18:36:32,mhaingura,WKST-CS-017,FS-KYC-01,/customer/kyc/exports/2026-Q3/kyc-50008.pdf,CUSTOMER_EXPORT,DOWNLOAD,SUCCESS,3849407,Restricted
X00769,2026-09-11 18:36:51,mhaingura,WKST-CS-017,FS-KYC-01,/customer/kyc/exports/2026-Q3/kyc-50009.pdf,CUSTOMER_EXPORT,DOWNLOAD,SUCCESS,3703951,Restricted
X00770,2026-09-11 18:37:10,mhaingura,WKST-CS-017,FS-KYC-01,/customer/kyc/exports/2026-Q3/kyc-50010.pdf,CUSTOMER_EXPORT,DOWNLOAD,SUCCESS,9857783,Restricted
X00771,2026-09-11 18:37:29,mhaingura,WKST-CS-017,FS-KYC-01,/customer/kyc/exports/2026-Q3/kyc-50011.pdf,CUSTOMER_EXPORT,DOWNLOAD,SUCCESS,4582042,Restricted
X00772,2026-09-11 18:37:48,mhaingura,WKST-CS-017,FS-KYC-01,/customer/kyc/exports/2026-Q3/kyc-50012.pdf,CUSTOMER_EXPORT,DOWNLOAD,SUCCESS,10117797,Restricted
X00773,2026-09-11 18:38:07,mhaingura,WKST-CS-017,FS-KYC-01,/customer/kyc/exports/2026-Q3/kyc-50013.pdf,CUSTOMER_EXPORT,DOWNLOAD,SUCCESS,5027531,Restricted
X00774,2026-09-11 18:38:26,mhaingura,WKST-CS-017,FS-KYC-01,/customer/kyc/exports/2026-Q3/kyc-50014.pdf,CUSTOMER_EXPORT,DOWNLOAD,SUCCESS,6050156,Restricted
X00775,2026-09-11 18:38:45,mhaingura,WKST-CS-017,FS-KYC-01,/customer/kyc/exports/2026-Q3/kyc-50015.pdf,CUSTOMER_EXPORT,DOWNLOAD,SUCCESS,4831921,Restricted
X00776,2026-09-11 18:39:04,mhaingura,WKST-CS-017,FS-KYC-01,/customer/kyc/exports/2026-Q3/kyc-50016.pdf,CUSTOMER_EXPORT,DOWNLOAD,SUCCESS,7430379,Restricted
X00777,2026-09-11 18:39:23,mhaingura,WKST-CS-017,FS-KYC-01,/customer/kyc/exports/2026-Q3/kyc-50017.pdf,CUSTOMER_EXPORT,DOWNLOAD,SUCCESS,9406573,Restricted
X00778,2026-09-11 18:39:42,mhaingura,WKST-CS-017,FS-KYC-01,/customer/kyc/exports/2026-Q3/kyc-50018.pdf,CUSTOMER_EXPORT,DOWNLOAD,SUCCESS,4505739,Restricted
X00779,2026-09-11 18:40:01,mhaingura,WKST-CS-017,FS-KYC-01,/customer/kyc/exports/2026-Q3/kyc-50019.pdf,CUSTOMER_EXPORT,DOWNLOAD,SUCCESS,5272339,Restricted
X00780,2026-09-11 18:40:20,mhaingura,WKST-CS-017,FS-KYC-01,/customer/kyc/exports/2026-Q3/kyc-50020.pdf,CUSTOMER_EXPORT,DOWNLOAD,SUCCESS,7508739,Restricted
X00781,2026-09-11 18:40:39,mhaingura,WKST-CS-017,FS-KYC-01,/customer/kyc/exports/2026-Q3/kyc-50021.pdf,CUSTOMER_EXPORT,DOWNLOAD,SUCCESS,6593940,Restricted
X00782,2026-09-11 18:40:58,mhaingura,WKST-CS-017,FS-KYC-01,/customer/kyc/exports/2026-Q3/kyc-50022.pdf,CUSTOMER_EXPORT,DOWNLOAD,SUCCESS,7329651,Restricted
X00783,2026-09-11 18:41:17,mhaingura,WKST-CS-017,FS-KYC-01,/customer/kyc/exports/2026-Q3/kyc-50023.pdf,CUSTOMER_EXPORT,DOWNLOAD,SUCCESS,7503345,Restricted
X00784,2026-09-11 18:41:36,mhaingura,WKST-CS-017,FS-KYC-01,/customer/kyc/exports/2026-Q3/kyc-50024.pdf,CUSTOMER_EXPORT,DOWNLOAD,SUCCESS,3763665,Restricted
X00785,2026-09-11 18:41:55,mhaingura,WKST-CS-017,FS-KYC-01,/customer/kyc/exports/2026-Q3/kyc-50025.pdf,CUSTOMER_EXPORT,DOWNLOAD,SUCCESS,9225516,Restricted
X00786,2026-09-11 18:42:14,mhaingura,WKST-CS-017,FS-KYC-01,/customer/kyc/exports/2026-Q3/kyc-50026.pdf,CUSTOMER_EXPORT,DOWNLOAD,SUCCESS,4988296,Restricted
X00787,2026-09-11 18:42:33,mhaingura,WKST-CS-017,FS-KYC-01,/customer/kyc/exports/2026-Q3/kyc-50027.pdf,CUSTOMER_EXPORT,DOWNLOAD,SUCCESS,3342303,Restricted
X00788,2026-09-11 18:42:52,mhaingura,WKST-CS-017,FS-KYC-01,/customer/kyc/exports/2026-Q3/kyc-50028.pdf,CUSTOMER_EXPORT,DOWNLOAD,SUCCESS,6960668,Restricted
X00789,2026-09-11 18:43:11,mhaingura,WKST-CS-017,FS-KYC-01,/customer/kyc/exports/2026-Q3/kyc-50029.pdf,CUSTOMER_EXPORT,DOWNLOAD,SUCCESS,9870013,Restricted
X00790,2026-09-11 18:43:30,mhaingura,WKST-CS-017,FS-KYC-01,/customer/kyc/exports/2026-Q3/kyc-50030.pdf,CUSTOMER_EXPORT,DOWNLOAD,SUCCESS,4897948,Restricted
X00791,2026-09-11 18:43:49,mhaingura,WKST-CS-017,FS-KYC-01,/customer/kyc/exports/2026-Q3/kyc-50031.pdf,CUSTOMER_EXPORT,DOWNLOAD,SUCCESS,8833144,Restricted
X00792,2026-09-11 18:44:08,mhaingura,WKST-CS-017,FS-KYC-01,/customer/kyc/exports/2026-Q3/kyc-50032.pdf,CUSTOMER_EXPORT,DOWNLOAD,SUCCESS,9705292,Restricted
X00793,2026-09-11 18:44:27,mhaingura,WKST-CS-017,FS-KYC-01,/customer/kyc/exports/2026-Q3/kyc-50033.pdf,CUSTOMER_EXPORT,DOWNLOAD,SUCCESS,10477085,Restricted
X00794,2026-09-11 18:44:46,mhaingura,WKST-CS-017,FS-KYC-01,/customer/kyc/exports/2026-Q3/kyc-50034.pdf,CUSTOMER_EXPORT,DOWNLOAD,SUCCESS,8713059,Restricted
X00795,2026-09-11 18:45:05,mhaingura,WKST-CS-017,FS-KYC-01,/customer/kyc/exports/2026-Q3/kyc-50035.pdf,CUSTOMER_EXPORT,DOWNLOAD,SUCCESS,5063804,Restricted
X00796,2026-09-11 18:48:44,tkamati,WKST-CS-011,FS-KYC-01,/customer/records/individual/record-4839.json,CUSTOMER_BASIC,UPDATE,SUCCESS,3900,Confidential
X00797,2026-09-11 18:52:03,amupanda,WKST-CMP-003,FS-KYC-01,/customer/kyc/high-risk/record-5848.json,CUSTOMER_EXPORT,READ,SUCCESS,1557,Restricted
X00798,2026-09-11 18:53:59,nghifindaka,WKST-IT-005,FS-FIN-01,/audit/access-reviews/record-7799.json,AUDIT,UPDATE,SUCCESS,4839,Restricted
X00799,2026-09-11 19:02:43,nduminga,WKST-SWK-002,FS-KYC-01,/customer/exports/regulatory/record-8102.json,CUSTOMER_EXPORT,READ,SUCCESS,79202,Restricted
X00800,2026-09-11 19:03:50,nambala,WKST-SWK-012,FS-KYC-01,/customer/contacts/recent/record-8269.json,CUSTOMER_BASIC,READ,SUCCESS,11478,Confidential
X00801,2026-09-11 19:09:47,sankwasa,WKST-PRC-008,DB-CRM-01,/crm/customer/profile/record-1781.json,CRM_BASIC,READ,SUCCESS,7079,Internal
X00802,2026-09-11 19:15:35,shilongo,WKST-LOAN-018,FS-KYC-01,/customer/contacts/recent/record-7151.json,CUSTOMER_BASIC,READ,SUCCESS,4246,Confidential
X00803,2026-09-11 19:16:01,ntinda,WKST-MKT-010,DB-CRM-01,/crm/interactions/today/record-1932.json,CRM_BASIC,UPDATE,SUCCESS,3615,Internal
X00804,2026-09-11 19:18:27,tkamati,WKST-CS-011,DB-CRM-01,/crm/cases/open/record-2530.json,CRM_BASIC,READ,SUCCESS,20053,Internal
X00805,2026-09-11 19:23:53,mbandeka,WKST-LGL-005,FS-KYC-01,/customer/records/individual/record-5918.json,CUSTOMER_BASIC,LIST,SUCCESS,1959,Confidential
X00806,2026-09-11 19:26:11,jkavari,WKST-FIN-021,FS-FIN-01,/finance/general-ledger/record-7356.json,FINANCE,DOWNLOAD,SUCCESS,34141,Confidential
X00807,2026-09-11 19:37:12,nnakale,WKST-CS-006,DB-CRM-01,/crm/cases/open/record-9864.json,CRM_BASIC,READ,SUCCESS,3685,Internal
X00808,2026-09-11 19:43:11,nnakale,WKST-CS-006,FS-KYC-01,/customer/records/individual/record-7529.json,CUSTOMER_BASIC,UPDATE,SUCCESS,4251,Confidential
X00809,2026-09-11 19:51:06,katjiuongua,WKST-IT-012,FS-FIN-01,/admin/server-config/record-5530.json,IT_ADMIN,LIST,SUCCESS,2024,Restricted
X00810,2026-09-11 19:51:27,hamukwaya,WKST-TRY-007,DB-CRM-01,/crm/interactions/today/record-1207.json,CRM_BASIC,UPDATE,SUCCESS,779,Internal
X00811,2026-09-12 00:11:00,mhaingura,WKST-CS-017,FS-KYC-01,/customer/kyc/exports/2026-Q3/batch-700.zip,CUSTOMER_EXPORT,DOWNLOAD,SUCCESS,34045328,Restricted
X00812,2026-09-12 00:11:31,mhaingura,WKST-CS-017,FS-KYC-01,/customer/kyc/exports/2026-Q3/batch-701.zip,CUSTOMER_EXPORT,DOWNLOAD,SUCCESS,34572483,Restricted
X00813,2026-09-12 00:12:02,mhaingura,WKST-CS-017,FS-KYC-01,/customer/kyc/exports/2026-Q3/batch-702.zip,CUSTOMER_EXPORT,DOWNLOAD,SUCCESS,37874611,Restricted
X00814,2026-09-12 00:12:33,mhaingura,WKST-CS-017,FS-KYC-01,/customer/kyc/exports/2026-Q3/batch-703.zip,CUSTOMER_EXPORT,DOWNLOAD,SUCCESS,21601461,Restricted
X00815,2026-09-12 00:13:04,mhaingura,WKST-CS-017,FS-KYC-01,/customer/kyc/exports/2026-Q3/batch-704.zip,CUSTOMER_EXPORT,DOWNLOAD,SUCCESS,19143497,Restricted
X00816,2026-09-12 00:13:35,mhaingura,WKST-CS-017,FS-KYC-01,/customer/kyc/exports/2026-Q3/batch-705.zip,CUSTOMER_EXPORT,DOWNLOAD,SUCCESS,30788621,Restricted
X00817,2026-09-12 00:14:06,mhaingura,WKST-CS-017,FS-KYC-01,/customer/kyc/exports/2026-Q3/batch-706.zip,CUSTOMER_EXPORT,DOWNLOAD,SUCCESS,32939782,Restricted
X00818,2026-09-12 00:14:37,mhaingura,WKST-CS-017,FS-KYC-01,/customer/kyc/exports/2026-Q3/batch-707.zip,CUSTOMER_EXPORT,DOWNLOAD,SUCCESS,20777458,Restricted
X00819,2026-09-12 00:15:08,mhaingura,WKST-CS-017,FS-KYC-01,/customer/kyc/exports/2026-Q3/batch-708.zip,CUSTOMER_EXPORT,DOWNLOAD,SUCCESS,24530755,Restricted
X00820,2026-09-12 00:15:39,mhaingura,WKST-CS-017,FS-KYC-01,/customer/kyc/exports/2026-Q3/batch-709.zip,CUSTOMER_EXPORT,DOWNLOAD,SUCCESS,37454914,Restricted
X00821,2026-09-12 00:16:10,mhaingura,WKST-CS-017,FS-KYC-01,/customer/kyc/exports/2026-Q3/batch-710.zip,CUSTOMER_EXPORT,DOWNLOAD,SUCCESS,33675107,Restricted
X00822,2026-09-12 00:16:41,mhaingura,WKST-CS-017,FS-KYC-01,/customer/kyc/exports/2026-Q3/batch-711.zip,CUSTOMER_EXPORT,DOWNLOAD,SUCCESS,18757304,Restricted
X00823,2026-09-12 00:17:12,mhaingura,WKST-CS-017,FS-KYC-01,/customer/kyc/exports/2026-Q3/batch-712.zip,CUSTOMER_EXPORT,DOWNLOAD,SUCCESS,29658376,Restricted
X00824,2026-09-12 00:17:43,mhaingura,WKST-CS-017,FS-KYC-01,/customer/kyc/exports/2026-Q3/batch-713.zip,CUSTOMER_EXPORT,DOWNLOAD,SUCCESS,31263823,Restricted
X00825,2026-09-12 00:18:14,mhaingura,WKST-CS-017,FS-KYC-01,/customer/kyc/exports/2026-Q3/batch-714.zip,CUSTOMER_EXPORT,DOWNLOAD,SUCCESS,19762605,Restricted
X00826,2026-09-12 00:18:45,mhaingura,WKST-CS-017,FS-KYC-01,/customer/kyc/exports/2026-Q3/batch-715.zip,CUSTOMER_EXPORT,DOWNLOAD,SUCCESS,33382492,Restricted
X00827,2026-09-12 00:19:16,mhaingura,WKST-CS-017,FS-KYC-01,/customer/kyc/exports/2026-Q3/batch-716.zip,CUSTOMER_EXPORT,DOWNLOAD,SUCCESS,19968042,Restricted
X00828,2026-09-12 00:19:47,mhaingura,WKST-CS-017,FS-KYC-01,/customer/kyc/exports/2026-Q3/batch-717.zip,CUSTOMER_EXPORT,DOWNLOAD,SUCCESS,31585218,Restricted
X00829,2026-09-12 00:20:18,mhaingura,WKST-CS-017,FS-KYC-01,/customer/kyc/exports/2026-Q3/batch-718.zip,CUSTOMER_EXPORT,DOWNLOAD,SUCCESS,30891629,Restricted
X00830,2026-09-12 00:20:49,mhaingura,WKST-CS-017,FS-KYC-01,/customer/kyc/exports/2026-Q3/batch-719.zip,CUSTOMER_EXPORT,DOWNLOAD,SUCCESS,35345200,Restricted
X00831,2026-09-12 00:21:20,mhaingura,WKST-CS-017,FS-KYC-01,/customer/kyc/exports/2026-Q3/batch-720.zip,CUSTOMER_EXPORT,DOWNLOAD,SUCCESS,29672310,Restricted
X00832,2026-09-12 00:21:51,mhaingura,WKST-CS-017,FS-KYC-01,/customer/kyc/exports/2026-Q3/batch-721.zip,CUSTOMER_EXPORT,DOWNLOAD,SUCCESS,20716718,Restricted
X00833,2026-09-12 00:22:22,mhaingura,WKST-CS-017,FS-KYC-01,/customer/kyc/exports/2026-Q3/batch-722.zip,CUSTOMER_EXPORT,DOWNLOAD,SUCCESS,36369013,Restricted
X00834,2026-09-12 00:22:53,mhaingura,WKST-CS-017,FS-KYC-01,/customer/kyc/exports/2026-Q3/batch-723.zip,CUSTOMER_EXPORT,DOWNLOAD,SUCCESS,19811090,Restricted
X00835,2026-09-12 06:01:58,sankwasa,WKST-PRC-008,DB-CRM-01,/crm/customer/profile/record-7269.json,CRM_BASIC,LIST,SUCCESS,2356,Internal
X00836,2026-09-12 06:02:21,haufiku,WKST-SOC-003,FS-KYC-01,/customer/kyc/exports/2026-Q3/record-8414.json,CUSTOMER_EXPORT,READ,SUCCESS,11099,Restricted
X00837,2026-09-12 06:02:23,nduminga,WKST-SWK-002,FS-KYC-01,/customer/contacts/recent/record-4205.json,CUSTOMER_BASIC,READ,SUCCESS,9491,Confidential
X00838,2026-09-12 06:10:46,mbandeka,WKST-LGL-005,FS-KYC-01,/customer/contacts/recent/record-2916.json,CUSTOMER_BASIC,LIST,SUCCESS,2610,Confidential
X00839,2026-09-12 06:13:06,nghifindaka,WKST-IT-005,FS-FIN-01,/audit/access-reviews/record-8889.json,AUDIT,READ,SUCCESS,7911,Restricted
X00840,2026-09-12 06:18:49,nduminga,WKST-SWK-002,FS-KYC-01,/customer/records/individual/record-3550.json,CUSTOMER_BASIC,READ,SUCCESS,10570,Confidential
X00841,2026-09-12 06:21:09,hamukwaya,WKST-TRY-007,DB-CRM-01,/crm/customer/profile/record-4007.json,CRM_BASIC,UPDATE,SUCCESS,3076,Internal
X00842,2026-09-12 06:21:50,mukwambi,WKST-HR-014,FS-FIN-01,/payroll/monthly/2026-08/record-9140.json,PAYROLL_READ,READ,SUCCESS,7609,Confidential
X00843,2026-09-12 06:40:11,jkavari,WKST-FIN-021,FS-FIN-01,/finance/budgets/2026/record-3621.json,FINANCE,LIST,SUCCESS,3254,Confidential
X00844,2026-09-12 06:40:42,tkamati,WKST-CS-011,FS-KYC-01,/customer/contacts/recent/record-8386.json,CUSTOMER_BASIC,READ,SUCCESS,1873,Confidential
X00845,2026-09-12 06:43:14,tshivute,WKST-FIN-004,FS-FIN-01,/payroll/monthly/2026-08/record-3693.json,PAYROLL_READ,UPDATE,SUCCESS,2949,Confidential
X00846,2026-09-12 06:58:32,tkamati,WKST-CS-011,DB-CRM-01,/crm/cases/open/record-5471.json,CRM_BASIC,READ,SUCCESS,2089,Internal
X00847,2026-09-12 07:02:47,mukwambi,WKST-HR-014,FS-FIN-01,/payroll/monthly/2026-08/record-1927.json,PAYROLL_READ,READ,SUCCESS,5501,Confidential
X00848,2026-09-12 07:12:02,mbandeka,WKST-LGL-005,FS-KYC-01,/customer/contacts/recent/record-1243.json,CUSTOMER_BASIC,READ,SUCCESS,11561,Confidential
X00849,2026-09-12 07:15:01,katjiuongua,WKST-IT-012,FS-FIN-01,/admin/server-config/record-3281.json,IT_ADMIN,UPDATE,DENIED,4703,Restricted
X00850,2026-09-12 07:22:18,hamukwaya,WKST-TRY-007,DB-CRM-01,/crm/cases/open/record-9795.json,CRM_BASIC,READ,SUCCESS,12010,Internal
X00851,2026-09-12 07:25:04,sihuhua,WKST-SWK-008,FS-KYC-01,/customer/contacts/recent/record-1371.json,CUSTOMER_BASIC,UPDATE,SUCCESS,2685,Confidential
X00852,2026-09-12 07:30:41,pnakale,WKST-HR-002,FS-FIN-01,/payroll/monthly/2026-08/record-3779.json,PAYROLL_READ,UPDATE,SUCCESS,982,Confidential
X00853,2026-09-12 07:34:48,mbandeka,WKST-LGL-005,FS-KYC-01,/customer/contacts/recent/record-5443.json,CUSTOMER_BASIC,LIST,SUCCESS,905,Confidential
X00854,2026-09-12 07:39:49,jkavari,WKST-FIN-021,FS-FIN-01,/finance/general-ledger/record-2348.json,FINANCE,UPDATE,SUCCESS,243,Confidential
X00855,2026-09-12 07:42:32,hamukwaya,WKST-TRY-007,DB-CRM-01,/crm/customer/profile/record-6558.json,CRM_BASIC,READ,SUCCESS,11720,Internal
X00856,2026-09-12 07:43:38,nnakale,WKST-CS-006,FS-KYC-01,/customer/records/individual/record-8139.json,CUSTOMER_BASIC,READ,SUCCESS,4345,Confidential
X00857,2026-09-12 07:44:22,nghifindaka,WKST-IT-005,FS-FIN-01,/admin/server-config/record-3822.json,IT_ADMIN,READ,SUCCESS,11410,Restricted
X00858,2026-09-12 07:46:49,mhaingura,WKST-CS-017,FS-KYC-01,/customer/records/individual/record-7153.json,CUSTOMER_BASIC,READ,SUCCESS,12825,Confidential
X00859,2026-09-12 07:49:24,haufiku,WKST-SOC-003,FS-FIN-01,/audit/security/record-3654.json,AUDIT,READ,SUCCESS,920,Restricted
X00860,2026-09-12 07:50:14,jkavari,WKST-FIN-021,FS-FIN-01,/finance/general-ledger/record-9169.json,FINANCE,READ,SUCCESS,5690,Confidential
X00861,2026-09-12 08:06:06,mhaingura,WKST-CS-017,DB-CRM-01,/crm/customer/profile/record-9741.json,CRM_BASIC,READ,SUCCESS,6904,Internal
X00862,2026-09-12 08:15:57,jkavari,WKST-FIN-021,FS-FIN-01,/finance/general-ledger/record-1788.json,FINANCE,LIST,SUCCESS,1314,Confidential
X00863,2026-09-12 08:24:07,katjiuongua,WKST-IT-012,FS-FIN-01,/admin/server-config/record-4404.json,IT_ADMIN,READ,SUCCESS,25092,Restricted
X00864,2026-09-12 08:25:12,mbandeka,WKST-LGL-005,FS-KYC-01,/customer/contacts/recent/record-3220.json,CUSTOMER_BASIC,UPDATE,SUCCESS,4827,Confidential
X00865,2026-09-12 08:39:06,mukwambi,WKST-HR-014,FS-HR-01,/hr/recruitment/record-3946.json,HR,UPDATE,SUCCESS,1980,Confidential
X00866,2026-09-12 08:43:19,mhaingura,WKST-CS-017,DB-CRM-01,/crm/interactions/today/record-5550.json,CRM_BASIC,DOWNLOAD,SUCCESS,4299,Internal
X00867,2026-09-12 08:57:18,mukwambi,WKST-HR-014,FS-FIN-01,/payroll/allowances/record-8307.json,PAYROLL_READ,READ,SUCCESS,22737,Confidential
X00868,2026-09-12 09:08:23,nambala,WKST-SWK-012,FS-KYC-01,/customer/contacts/recent/record-7576.json,CUSTOMER_BASIC,DOWNLOAD,SUCCESS,12231,Confidential
X00869,2026-09-12 09:08:49,tkamati,WKST-CS-011,DB-CRM-01,/crm/customer/profile/record-5474.json,CRM_BASIC,READ,SUCCESS,10448,Internal
X00870,2026-09-12 09:16:31,tshivute,WKST-FIN-004,FS-FIN-01,/finance/general-ledger/record-8244.json,FINANCE,READ,SUCCESS,13941,Confidential
X00871,2026-09-12 09:16:49,nnakale,WKST-CS-006,FS-KYC-01,/customer/kyc/high-risk/record-7988.json,CUSTOMER_EXPORT,READ,SUCCESS,15467,Restricted
X00872,2026-09-12 09:18:46,mukwambi,WKST-HR-014,FS-HR-01,/hr/recruitment/record-9546.json,HR,READ,SUCCESS,5110,Confidential
X00873,2026-09-12 09:25:16,amupanda,WKST-CMP-003,FS-KYC-01,/customer/kyc/exports/2026-Q3/record-1468.json,CUSTOMER_EXPORT,READ,SUCCESS,2719,Restricted
X00874,2026-09-12 09:33:04,mukwambi,WKST-HR-014,FS-FIN-01,/payroll/monthly/2026-08/record-5383.json,PAYROLL_READ,READ,SUCCESS,5955,Confidential
X00875,2026-09-12 09:37:32,ntinda,WKST-MKT-010,DB-CRM-01,/crm/interactions/today/record-5524.json,CRM_BASIC,UPDATE,SUCCESS,4245,Internal
X00876,2026-09-12 09:41:33,tjirera,WKST-AUD-004,FS-KYC-01,/customer/kyc/high-risk/record-7656.json,CUSTOMER_EXPORT,READ,SUCCESS,18104,Restricted
X00877,2026-09-12 09:56:59,nambala,WKST-SWK-012,FS-KYC-01,/customer/records/individual/record-2249.json,CUSTOMER_BASIC,READ,SUCCESS,8408,Confidential
X00878,2026-09-12 09:58:38,nambala,WKST-SWK-012,FS-KYC-01,/customer/records/individual/record-6311.json,CUSTOMER_BASIC,READ,SUCCESS,14444,Confidential
X00879,2026-09-12 09:59:51,shapaka,WKST-EXE-002,DB-CRM-01,/crm/interactions/today/record-1920.json,CRM_BASIC,UPDATE,SUCCESS,1626,Internal
X00880,2026-09-12 10:15:37,murorua,WKST-RSK-006,FS-FIN-01,/audit/security/record-8253.json,AUDIT,LIST,SUCCESS,3286,Restricted
X00881,2026-09-12 10:23:04,nduminga,WKST-SWK-002,FS-KYC-01,/customer/contacts/recent/record-9847.json,CUSTOMER_BASIC,READ,SUCCESS,6608,Confidential
X00882,2026-09-12 10:25:17,tshivute,WKST-FIN-004,FS-FIN-01,/finance/general-ledger/record-8645.json,FINANCE,READ,SUCCESS,18745,Confidential
X00883,2026-09-12 10:38:54,shilongo,WKST-LOAN-018,FS-KYC-01,/customer/records/individual/record-5777.json,CUSTOMER_BASIC,READ,SUCCESS,2398,Confidential
X00884,2026-09-12 10:43:02,tkamati,WKST-CS-011,DB-CRM-01,/crm/cases/open/record-2007.json,CRM_BASIC,UPDATE,SUCCESS,326,Internal
X00885,2026-09-12 10:49:06,nghifindaka,WKST-IT-005,FS-FIN-01,/audit/security/record-8712.json,AUDIT,READ,DENIED,3735,Restricted
X00886,2026-09-12 10:52:05,sihuhua,WKST-SWK-008,DB-CRM-01,/crm/cases/open/record-9415.json,CRM_BASIC,UPDATE,SUCCESS,767,Internal
X00887,2026-09-12 10:53:50,kndjavera,WKST-CMP-009,FS-KYC-01,/customer/kyc/exports/2026-Q3/record-3976.json,CUSTOMER_EXPORT,READ,SUCCESS,25315,Restricted
X00888,2026-09-12 10:54:07,tjirera,WKST-AUD-004,FS-FIN-01,/finance/general-ledger/record-3775.json,FINANCE,READ,SUCCESS,40101,Confidential
X00889,2026-09-12 10:54:40,nduminga,WKST-SWK-002,FS-KYC-01,/customer/records/individual/record-2986.json,CUSTOMER_BASIC,READ,SUCCESS,42276,Confidential
X00890,2026-09-12 10:55:26,haufiku,WKST-SOC-003,FS-FIN-01,/audit/access-reviews/record-2072.json,AUDIT,READ,SUCCESS,5001,Restricted
X00891,2026-09-12 11:03:11,murorua,WKST-RSK-006,FS-FIN-01,/audit/access-reviews/record-6610.json,AUDIT,LIST,SUCCESS,847,Restricted
X00892,2026-09-12 11:05:20,katjiuongua,WKST-IT-012,FS-FIN-01,/admin/directory/record-8562.json,IT_ADMIN,LIST,SUCCESS,220,Restricted
X00893,2026-09-12 11:07:07,pnakale,WKST-HR-002,FS-HR-01,/hr/disciplinary/record-4334.json,HR_CONFIDENTIAL,DOWNLOAD,SUCCESS,49436,Restricted
X00894,2026-09-12 11:07:22,sankwasa,WKST-PRC-008,DB-CRM-01,/crm/cases/open/record-3954.json,CRM_BASIC,DOWNLOAD,SUCCESS,16637,Internal
X00895,2026-09-12 11:15:15,tjirera,WKST-AUD-004,FS-FIN-01,/audit/security/record-6495.json,AUDIT,READ,SUCCESS,13197,Restricted
X00896,2026-09-12 11:19:41,hamukwaya,WKST-TRY-007,DB-CRM-01,/crm/interactions/today/record-5645.json,CRM_BASIC,READ,SUCCESS,23545,Internal
X00897,2026-09-12 11:23:13,tjirera,WKST-AUD-004,FS-KYC-01,/customer/kyc/high-risk/record-9175.json,CUSTOMER_EXPORT,READ,SUCCESS,8769,Restricted
X00898,2026-09-12 11:27:12,haufiku,WKST-SOC-003,FS-KYC-01,/customer/exports/regulatory/record-3688.json,CUSTOMER_EXPORT,READ,SUCCESS,7157,Restricted
X00899,2026-09-12 11:35:52,amupanda,WKST-CMP-003,FS-FIN-01,/audit/security/record-6960.json,AUDIT,READ,SUCCESS,6596,Restricted
X00900,2026-09-12 11:36:09,amupanda,WKST-CMP-003,FS-FIN-01,/audit/security/record-6715.json,AUDIT,READ,SUCCESS,14485,Restricted
X00901,2026-09-12 11:37:36,sihuhua,WKST-SWK-008,DB-CRM-01,/crm/customer/profile/record-8872.json,CRM_BASIC,READ,SUCCESS,3815,Internal
X00902,2026-09-12 11:55:42,tshivute,WKST-FIN-004,FS-FIN-01,/finance/budgets/2026/record-4033.json,FINANCE,LIST,SUCCESS,1723,Confidential
X00903,2026-09-12 11:55:47,hamukwaya,WKST-TRY-007,DB-CRM-01,/crm/interactions/today/record-3703.json,CRM_BASIC,READ,SUCCESS,1837,Internal
X00904,2026-09-12 11:57:03,tjirera,WKST-AUD-004,FS-FIN-01,/audit/access-reviews/record-9782.json,AUDIT,READ,SUCCESS,7961,Restricted
X00905,2026-09-12 12:00:31,mbandeka,WKST-LGL-005,FS-KYC-01,/customer/contacts/recent/record-2560.json,CUSTOMER_BASIC,READ,SUCCESS,14433,Confidential
X00906,2026-09-12 12:06:48,nghifindaka,WKST-IT-005,FS-FIN-01,/audit/security/record-9359.json,AUDIT,LIST,SUCCESS,102,Restricted
X00907,2026-09-12 12:18:56,sihuhua,WKST-SWK-008,FS-KYC-01,/customer/contacts/recent/record-7636.json,CUSTOMER_BASIC,READ,SUCCESS,403230,Confidential
X00908,2026-09-12 12:21:41,kndjavera,WKST-CMP-009,FS-KYC-01,/customer/kyc/high-risk/record-7093.json,CUSTOMER_EXPORT,LIST,SUCCESS,3688,Restricted
X00909,2026-09-12 12:26:30,haufiku,WKST-SOC-003,FS-KYC-01,/customer/kyc/high-risk/record-7106.json,CUSTOMER_EXPORT,READ,SUCCESS,6443,Restricted
X00910,2026-09-12 12:27:12,mukwambi,WKST-HR-014,FS-HR-01,/hr/leave/record-3872.json,HR,LIST,SUCCESS,4674,Confidential
X00911,2026-09-12 12:28:11,haufiku,WKST-SOC-003,FS-FIN-01,/audit/access-reviews/record-5461.json,AUDIT,READ,SUCCESS,6409,Restricted
X00912,2026-09-12 12:30:58,pnakale,WKST-HR-002,FS-HR-01,/hr/terminations/record-7566.json,HR_CONFIDENTIAL,DOWNLOAD,SUCCESS,6511,Restricted
X00913,2026-09-12 12:31:06,ntinda,WKST-MKT-010,DB-CRM-01,/crm/customer/profile/record-7097.json,CRM_BASIC,READ,SUCCESS,3058,Internal
X00914,2026-09-12 12:31:13,mhaingura,WKST-CS-017,DB-CRM-01,/crm/customer/profile/record-2466.json,CRM_BASIC,READ,SUCCESS,2714,Internal
X00915,2026-09-12 12:38:21,sankwasa,WKST-PRC-008,DB-CRM-01,/crm/customer/profile/record-6571.json,CRM_BASIC,UPDATE,SUCCESS,3254,Internal
X00916,2026-09-12 12:40:56,amupanda,WKST-CMP-003,FS-HR-01,/hr/disciplinary/record-3405.json,HR_CONFIDENTIAL,UPDATE,SUCCESS,1631,Restricted
X00917,2026-09-12 12:47:50,jkavari,WKST-FIN-021,FS-FIN-01,/finance/budgets/2026/record-1257.json,FINANCE,UPDATE,SUCCESS,1045,Confidential
X00918,2026-09-12 13:07:31,tshivute,WKST-FIN-004,FS-FIN-01,/finance/general-ledger/record-4662.json,FINANCE,DOWNLOAD,SUCCESS,8706,Confidential
X00919,2026-09-12 13:08:13,tkamati,WKST-CS-011,FS-KYC-01,/customer/contacts/recent/record-8433.json,CUSTOMER_BASIC,UPDATE,SUCCESS,3905,Confidential
X00920,2026-09-12 13:15:08,ndjaba,WKST-OND-004,DB-CRM-01,/crm/interactions/today/record-1631.json,CRM_BASIC,UPDATE,SUCCESS,4500,Internal
X00921,2026-09-12 13:25:43,nghifindaka,WKST-IT-005,FS-FIN-01,/admin/directory/record-2848.json,IT_ADMIN,READ,SUCCESS,31915,Restricted
X00922,2026-09-12 13:29:20,katjiuongua,WKST-IT-012,FS-FIN-01,/admin/server-config/record-7168.json,IT_ADMIN,UPDATE,SUCCESS,3958,Restricted
X00923,2026-09-12 13:44:37,katjiuongua,WKST-IT-012,FS-FIN-01,/admin/directory/record-3418.json,IT_ADMIN,READ,SUCCESS,5767,Restricted
X00924,2026-09-12 13:44:54,pnakale,WKST-HR-002,FS-HR-01,/hr/disciplinary/record-5525.json,HR_CONFIDENTIAL,READ,SUCCESS,20845,Restricted
X00925,2026-09-12 13:49:42,sankwasa,WKST-PRC-008,DB-CRM-01,/crm/interactions/today/record-8524.json,CRM_BASIC,READ,SUCCESS,16564,Internal
X00926,2026-09-12 13:55:19,tkamati,WKST-CS-011,DB-CRM-01,/crm/customer/profile/record-9452.json,CRM_BASIC,READ,SUCCESS,15262,Internal
X00927,2026-09-12 14:05:44,tjirera,WKST-AUD-004,FS-FIN-01,/audit/access-reviews/record-5246.json,AUDIT,READ,SUCCESS,36388,Restricted
X00928,2026-09-12 14:17:07,pnakale,WKST-HR-002,FS-FIN-01,/payroll/allowances/record-4923.json,PAYROLL_READ,LIST,SUCCESS,1581,Confidential
X00929,2026-09-12 14:18:53,nghifindaka,WKST-IT-005,FS-FIN-01,/audit/access-reviews/record-9452.json,AUDIT,READ,SUCCESS,3299,Restricted
X00930,2026-09-12 14:26:50,katjiuongua,WKST-IT-012,FS-FIN-01,/admin/server-config/record-5327.json,IT_ADMIN,READ,SUCCESS,3262,Restricted
X00931,2026-09-12 14:27:16,sihuhua,WKST-SWK-008,FS-KYC-01,/customer/records/individual/record-7052.json,CUSTOMER_BASIC,READ,SUCCESS,2058,Confidential
X00932,2026-09-12 14:28:27,ndjaba,WKST-OND-004,DB-CRM-01,/crm/cases/open/record-6529.json,CRM_BASIC,UPDATE,SUCCESS,1253,Internal
X00933,2026-09-12 14:39:09,pnakale,WKST-HR-002,FS-FIN-01,/payroll/monthly/2026-08/record-7364.json,PAYROLL_READ,UPDATE,SUCCESS,379,Confidential
X00934,2026-09-12 14:41:58,ndjaba,WKST-OND-004,FS-KYC-01,/customer/records/individual/record-7639.json,CUSTOMER_BASIC,UPDATE,SUCCESS,4201,Confidential
X00935,2026-09-12 14:58:26,nduminga,WKST-SWK-002,DB-CRM-01,/crm/customer/profile/record-7982.json,CRM_BASIC,READ,SUCCESS,10554,Internal
X00936,2026-09-12 15:02:02,nambala,WKST-SWK-012,FS-KYC-01,/customer/records/individual/record-7723.json,CUSTOMER_BASIC,READ,SUCCESS,8528,Confidential
X00937,2026-09-12 15:04:14,nnakale,WKST-CS-006,FS-KYC-01,/customer/kyc/high-risk/record-8116.json,CUSTOMER_EXPORT,READ,SUCCESS,2715,Restricted
X00938,2026-09-12 15:28:08,shilongo,WKST-LOAN-018,FS-KYC-01,/customer/contacts/recent/record-2241.json,CUSTOMER_BASIC,READ,SUCCESS,19816,Confidential
X00939,2026-09-12 15:33:58,nduminga,WKST-SWK-002,FS-KYC-01,/customer/exports/regulatory/record-6718.json,CUSTOMER_EXPORT,UPDATE,SUCCESS,3430,Restricted
X00940,2026-09-12 15:35:52,murorua,WKST-RSK-006,FS-FIN-01,/audit/security/record-9316.json,AUDIT,UPDATE,SUCCESS,869,Restricted
X00941,2026-09-12 15:37:57,nambala,WKST-SWK-012,FS-KYC-01,/customer/records/individual/record-5088.json,CUSTOMER_BASIC,READ,SUCCESS,6078,Confidential
X00942,2026-09-12 15:44:50,haufiku,WKST-SOC-003,FS-KYC-01,/customer/kyc/high-risk/record-5204.json,CUSTOMER_EXPORT,READ,SUCCESS,16544,Restricted
X00943,2026-09-12 15:46:19,jkavari,WKST-FIN-021,FS-FIN-01,/finance/general-ledger/record-2343.json,FINANCE,READ,SUCCESS,10424,Confidential
X00944,2026-09-12 15:46:47,amupanda,WKST-CMP-003,FS-FIN-01,/audit/security/record-4649.json,AUDIT,READ,SUCCESS,9580,Restricted
X00945,2026-09-12 15:51:11,nduminga,WKST-SWK-002,FS-KYC-01,/customer/records/individual/record-2050.json,CUSTOMER_BASIC,DOWNLOAD,SUCCESS,8037,Confidential
X00946,2026-09-12 15:57:54,katjiuongua,WKST-IT-012,FS-FIN-01,/admin/server-config/record-4605.json,IT_ADMIN,LIST,SUCCESS,736,Restricted
X00947,2026-09-12 16:04:52,mukwambi,WKST-HR-014,FS-HR-01,/hr/recruitment/record-3343.json,HR,DOWNLOAD,SUCCESS,1259,Confidential
X00948,2026-09-12 16:05:07,haufiku,WKST-SOC-003,FS-FIN-01,/audit/security/record-2071.json,AUDIT,READ,SUCCESS,11020,Restricted
X00949,2026-09-12 16:06:40,ndjaba,WKST-OND-004,FS-KYC-01,/customer/records/individual/record-4979.json,CUSTOMER_BASIC,READ,SUCCESS,15662,Confidential
X00950,2026-09-12 16:38:16,kndjavera,WKST-CMP-009,FS-FIN-01,/audit/access-reviews/record-9798.json,AUDIT,READ,SUCCESS,16619,Restricted
X00951,2026-09-12 16:45:35,mhaingura,WKST-CS-017,FS-KYC-01,/customer/contacts/recent/record-5884.json,CUSTOMER_BASIC,READ,SUCCESS,7960,Confidential
X00952,2026-09-12 17:08:16,shapaka,WKST-EXE-002,DB-CRM-01,/crm/cases/open/record-4807.json,CRM_BASIC,READ,SUCCESS,22905,Internal
X00953,2026-09-12 17:14:42,sihuhua,WKST-SWK-008,DB-CRM-01,/crm/interactions/today/record-1866.json,CRM_BASIC,READ,SUCCESS,92355,Internal
X00954,2026-09-12 17:14:55,nnakale,WKST-CS-006,FS-KYC-01,/customer/contacts/recent/record-6733.json,CUSTOMER_BASIC,UPDATE,SUCCESS,4983,Confidential
X00955,2026-09-12 17:15:54,mhaingura,WKST-CS-017,DB-CRM-01,/crm/customer/profile/record-8317.json,CRM_BASIC,LIST,SUCCESS,2347,Internal
X00956,2026-09-12 17:37:29,murorua,WKST-RSK-006,FS-FIN-01,/audit/access-reviews/record-7949.json,AUDIT,READ,SUCCESS,10469,Restricted
X00957,2026-09-12 17:39:39,katjiuongua,WKST-IT-012,FS-FIN-01,/admin/server-config/record-3166.json,IT_ADMIN,DOWNLOAD,SUCCESS,7552,Restricted
X00958,2026-09-12 17:54:00,sankwasa,WKST-PRC-008,DB-CRM-01,/crm/cases/open/record-3016.json,CRM_BASIC,LIST,SUCCESS,3716,Internal
X00959,2026-09-12 17:59:03,nghifindaka,WKST-IT-005,FS-FIN-01,/audit/security/record-4520.json,AUDIT,READ,SUCCESS,2704,Restricted
X00960,2026-09-12 18:13:23,mhaingura,WKST-CS-017,DB-CRM-01,/crm/interactions/today/record-4450.json,CRM_BASIC,READ,SUCCESS,47579,Internal
X00961,2026-09-12 18:24:56,haufiku,WKST-SOC-003,FS-FIN-01,/audit/security/record-5043.json,AUDIT,READ,SUCCESS,3935,Restricted
X00962,2026-09-12 18:28:07,hamukwaya,WKST-TRY-007,DB-CRM-01,/crm/customer/profile/record-2314.json,CRM_BASIC,UPDATE,SUCCESS,2039,Internal
X00963,2026-09-12 18:28:18,katjiuongua,WKST-IT-012,FS-FIN-01,/admin/server-config/record-7149.json,IT_ADMIN,UPDATE,SUCCESS,1074,Restricted
X00964,2026-09-12 18:40:13,pnakale,WKST-HR-002,FS-HR-01,/hr/recruitment/record-1336.json,HR,UPDATE,SUCCESS,3931,Confidential
X00965,2026-09-12 18:50:11,tshivute,WKST-FIN-004,FS-FIN-01,/finance/general-ledger/record-3385.json,FINANCE,DOWNLOAD,SUCCESS,3282,Confidential
X00966,2026-09-12 18:57:34,tkamati,WKST-CS-011,FS-KYC-01,/customer/records/individual/record-1948.json,CUSTOMER_BASIC,READ,SUCCESS,20530,Confidential
X00967,2026-09-12 19:02:00,kndjavera,WKST-CMP-009,FS-FIN-01,/audit/access-reviews/record-1721.json,AUDIT,READ,SUCCESS,19988,Restricted
X00968,2026-09-12 19:06:46,tkamati,WKST-CS-011,DB-CRM-01,/crm/cases/open/record-4693.json,CRM_BASIC,READ,SUCCESS,7962,Internal
X00969,2026-09-12 19:13:23,kndjavera,WKST-CMP-009,FS-KYC-01,/customer/exports/regulatory/record-3494.json,CUSTOMER_EXPORT,READ,SUCCESS,1433,Restricted
X00970,2026-09-12 19:19:19,jkavari,WKST-FIN-021,FS-FIN-01,/finance/budgets/2026/record-6645.json,FINANCE,UPDATE,SUCCESS,1734,Confidential
X00971,2026-09-12 19:21:47,tjirera,WKST-AUD-004,FS-HR-01,/hr/leave/record-2920.json,HR,UPDATE,SUCCESS,4136,Confidential
X00972,2026-09-12 19:23:47,ntinda,WKST-MKT-010,DB-CRM-01,/crm/interactions/today/record-9413.json,CRM_BASIC,UPDATE,SUCCESS,4475,Internal
X00973,2026-09-12 19:30:23,sihuhua,WKST-SWK-008,DB-CRM-01,/crm/interactions/today/record-7558.json,CRM_BASIC,READ,SUCCESS,5116,Internal
X00974,2026-09-12 19:34:09,mbandeka,WKST-LGL-005,FS-KYC-01,/customer/records/individual/record-7222.json,CUSTOMER_BASIC,DOWNLOAD,SUCCESS,8812,Confidential
X00975,2026-09-12 19:43:46,ndjaba,WKST-OND-004,FS-KYC-01,/customer/records/individual/record-5125.json,CUSTOMER_BASIC,READ,SUCCESS,4841,Confidential
X00976,2026-09-12 19:50:53,sankwasa,WKST-PRC-008,DB-CRM-01,/crm/cases/open/record-7141.json,CRM_BASIC,UPDATE,SUCCESS,3275,Internal
X00977,2026-09-12 19:52:55,amupanda,WKST-CMP-003,FS-FIN-01,/audit/access-reviews/record-4470.json,AUDIT,READ,SUCCESS,15389,Restricted
X00978,2026-09-12 19:53:59,amupanda,WKST-CMP-003,FS-HR-01,/hr/terminations/record-7682.json,HR_CONFIDENTIAL,LIST,SUCCESS,2694,Restricted
X00979,2026-09-13 06:10:40,mbandeka,WKST-LGL-005,FS-KYC-01,/customer/records/individual/record-8637.json,CUSTOMER_BASIC,READ,SUCCESS,8046,Confidential
X00980,2026-09-13 06:16:04,haufiku,WKST-SOC-003,FS-FIN-01,/audit/access-reviews/record-8558.json,AUDIT,READ,SUCCESS,4642,Restricted
X00981,2026-09-13 06:23:15,sankwasa,WKST-PRC-008,DB-CRM-01,/crm/customer/profile/record-8230.json,CRM_BASIC,UPDATE,SUCCESS,3473,Internal
X00982,2026-09-13 06:26:57,haufiku,WKST-SOC-003,FS-FIN-01,/audit/security/record-5356.json,AUDIT,READ,SUCCESS,3333,Restricted
X00983,2026-09-13 06:43:47,haufiku,WKST-SOC-003,FS-FIN-01,/audit/security/record-7887.json,AUDIT,UPDATE,SUCCESS,4859,Restricted
X00984,2026-09-13 06:55:59,katjiuongua,WKST-IT-012,FS-FIN-01,/admin/directory/record-7042.json,IT_ADMIN,READ,SUCCESS,20359,Restricted
X00985,2026-09-13 06:57:27,shapaka,WKST-EXE-002,DB-CRM-01,/crm/customer/profile/record-5656.json,CRM_BASIC,READ,SUCCESS,49435,Internal
X00986,2026-09-13 07:00:12,mbandeka,WKST-LGL-005,FS-KYC-01,/customer/contacts/recent/record-9051.json,CUSTOMER_BASIC,DOWNLOAD,SUCCESS,13184,Confidential
X00987,2026-09-13 07:07:45,mbandeka,WKST-LGL-005,FS-KYC-01,/customer/records/individual/record-8770.json,CUSTOMER_BASIC,UPDATE,SUCCESS,3857,Confidential
X00988,2026-09-13 07:08:52,pnakale,WKST-HR-002,FS-HR-01,/hr/disciplinary/record-5004.json,HR_CONFIDENTIAL,READ,SUCCESS,13269,Restricted
X00989,2026-09-13 07:28:35,shapaka,WKST-EXE-002,DB-CRM-01,/crm/customer/profile/record-3097.json,CRM_BASIC,READ,SUCCESS,6090,Internal
X00990,2026-09-13 07:43:19,tkamati,WKST-CS-011,FS-KYC-01,/customer/records/individual/record-5209.json,CUSTOMER_BASIC,READ,SUCCESS,71320,Confidential
X00991,2026-09-13 07:48:16,nnakale,WKST-CS-006,FS-KYC-01,/customer/records/individual/record-8712.json,CUSTOMER_BASIC,UPDATE,SUCCESS,4688,Confidential
X00992,2026-09-13 07:50:34,kndjavera,WKST-CMP-009,FS-KYC-01,/customer/exports/regulatory/record-8353.json,CUSTOMER_EXPORT,READ,SUCCESS,4607,Restricted
X00993,2026-09-13 07:57:02,pnakale,WKST-HR-002,FS-HR-01,/hr/recruitment/record-7083.json,HR,LIST,SUCCESS,3540,Confidential
X00994,2026-09-13 08:15:33,kndjavera,WKST-CMP-009,FS-KYC-01,/customer/exports/regulatory/record-1009.json,CUSTOMER_EXPORT,UPDATE,SUCCESS,2598,Restricted
X00995,2026-09-13 08:22:46,pnakale,WKST-HR-002,FS-HR-01,/hr/leave/record-1083.json,HR,READ,SUCCESS,14572,Confidential
X00996,2026-09-13 08:36:11,mbandeka,WKST-LGL-005,FS-KYC-01,/customer/contacts/recent/record-5325.json,CUSTOMER_BASIC,READ,SUCCESS,967,Confidential
X00997,2026-09-13 08:39:00,nnakale,WKST-CS-006,FS-KYC-01,/customer/records/individual/record-2387.json,CUSTOMER_BASIC,READ,SUCCESS,16992,Confidential
X00998,2026-09-13 08:44:01,nghifindaka,WKST-IT-005,FS-FIN-01,/admin/directory/record-6846.json,IT_ADMIN,READ,SUCCESS,2468,Restricted
X00999,2026-09-13 08:47:00,tshivute,WKST-FIN-004,FS-FIN-01,/payroll/monthly/2026-08/record-8906.json,PAYROLL_READ,READ,SUCCESS,10010,Confidential
X01000,2026-09-13 08:49:18,haufiku,WKST-SOC-003,FS-FIN-01,/audit/access-reviews/record-6259.json,AUDIT,UPDATE,SUCCESS,2376,Restricted
X01001,2026-09-13 08:50:07,tkamati,WKST-CS-011,DB-CRM-01,/crm/customer/profile/record-5657.json,CRM_BASIC,READ,SUCCESS,17836,Internal
X01002,2026-09-13 08:58:12,nnakale,WKST-CS-006,FS-KYC-01,/customer/contacts/recent/record-4588.json,CUSTOMER_BASIC,UPDATE,SUCCESS,1855,Confidential
X01003,2026-09-13 09:08:22,shapaka,WKST-EXE-002,DB-CRM-01,/crm/cases/open/record-5282.json,CRM_BASIC,DOWNLOAD,SUCCESS,23209,Internal
X01004,2026-09-13 09:09:47,ntinda,WKST-MKT-010,DB-CRM-01,/crm/customer/profile/record-9789.json,CRM_BASIC,DOWNLOAD,SUCCESS,32193,Internal
X01005,2026-09-13 09:16:57,hamukwaya,WKST-TRY-007,DB-CRM-01,/crm/cases/open/record-6146.json,CRM_BASIC,READ,SUCCESS,19648,Internal
X01006,2026-09-13 09:18:35,tkamati,WKST-CS-011,FS-KYC-01,/customer/contacts/recent/record-2660.json,CUSTOMER_BASIC,READ,DENIED,13673,Confidential
X01007,2026-09-13 09:19:36,jkavari,WKST-FIN-021,FS-FIN-01,/finance/budgets/2026/record-5649.json,FINANCE,READ,SUCCESS,5450,Confidential
X01008,2026-09-13 09:22:54,mbandeka,WKST-LGL-005,FS-KYC-01,/customer/records/individual/record-3145.json,CUSTOMER_BASIC,LIST,SUCCESS,1200,Confidential
X01009,2026-09-13 09:23:43,murorua,WKST-RSK-006,FS-FIN-01,/audit/access-reviews/record-9457.json,AUDIT,READ,SUCCESS,43628,Restricted
X01010,2026-09-13 09:24:36,nambala,WKST-SWK-012,FS-KYC-01,/customer/contacts/recent/record-3514.json,CUSTOMER_BASIC,READ,SUCCESS,25207,Confidential
X01011,2026-09-13 09:25:20,haufiku,WKST-SOC-003,FS-FIN-01,/audit/access-reviews/record-8280.json,AUDIT,UPDATE,SUCCESS,1585,Restricted
X01012,2026-09-13 09:33:01,ndjaba,WKST-OND-004,FS-KYC-01,/customer/contacts/recent/record-8290.json,CUSTOMER_BASIC,LIST,SUCCESS,202,Confidential
X01013,2026-09-13 09:46:01,amupanda,WKST-CMP-003,FS-FIN-01,/audit/security/record-8718.json,AUDIT,READ,SUCCESS,3863,Restricted
X01014,2026-09-13 09:47:15,murorua,WKST-RSK-006,FS-FIN-01,/audit/security/record-7005.json,AUDIT,READ,SUCCESS,41583,Restricted
X01015,2026-09-13 09:49:19,pnakale,WKST-HR-002,FS-HR-01,/hr/disciplinary/record-7042.json,HR_CONFIDENTIAL,READ,SUCCESS,3019,Restricted
X01016,2026-09-13 09:58:09,sankwasa,WKST-PRC-008,DB-CRM-01,/crm/cases/open/record-7608.json,CRM_BASIC,READ,SUCCESS,5126,Internal
X01017,2026-09-13 10:00:39,shapaka,WKST-EXE-002,DB-CRM-01,/crm/cases/open/record-4068.json,CRM_BASIC,READ,SUCCESS,38613,Internal
X01018,2026-09-13 10:09:56,nnakale,WKST-CS-006,FS-KYC-01,/customer/records/individual/record-4918.json,CUSTOMER_BASIC,READ,SUCCESS,18153,Confidential
X01019,2026-09-13 10:11:02,mhaingura,WKST-CS-017,FS-KYC-01,/customer/records/individual/record-5394.json,CUSTOMER_BASIC,LIST,SUCCESS,469,Confidential
X01020,2026-09-13 10:12:04,tshivute,WKST-FIN-004,FS-FIN-01,/finance/budgets/2026/record-9515.json,FINANCE,READ,DENIED,5959,Confidential
X01021,2026-09-13 10:41:02,katjiuongua,WKST-IT-012,FS-FIN-01,/admin/directory/record-8892.json,IT_ADMIN,READ,SUCCESS,2885,Restricted
X01022,2026-09-13 10:42:32,sihuhua,WKST-SWK-008,DB-CRM-01,/crm/cases/open/record-8196.json,CRM_BASIC,DOWNLOAD,SUCCESS,19483,Internal
X01023,2026-09-13 10:45:30,haufiku,WKST-SOC-003,FS-FIN-01,/audit/access-reviews/record-2802.json,AUDIT,LIST,SUCCESS,4443,Restricted
X01024,2026-09-13 10:53:08,nambala,WKST-SWK-012,FS-KYC-01,/customer/records/individual/record-6001.json,CUSTOMER_BASIC,READ,SUCCESS,10762,Confidential
X01025,2026-09-13 10:53:37,tjirera,WKST-AUD-004,FS-FIN-01,/finance/budgets/2026/record-6370.json,FINANCE,READ,SUCCESS,2913,Confidential
X01026,2026-09-13 10:58:14,shapaka,WKST-EXE-002,DB-CRM-01,/crm/cases/open/record-8693.json,CRM_BASIC,READ,SUCCESS,15899,Internal
X01027,2026-09-13 10:58:26,nduminga,WKST-SWK-002,FS-KYC-01,/customer/kyc/exports/2026-Q3/record-7413.json,CUSTOMER_EXPORT,READ,SUCCESS,24414,Restricted
X01028,2026-09-13 11:01:43,mukwambi,WKST-HR-014,FS-HR-01,/hr/recruitment/record-9987.json,HR,DOWNLOAD,SUCCESS,10862,Confidential
X01029,2026-09-13 11:07:05,haufiku,WKST-SOC-003,FS-KYC-01,/customer/kyc/exports/2026-Q3/record-9278.json,CUSTOMER_EXPORT,UPDATE,SUCCESS,1124,Restricted
X01030,2026-09-13 11:25:23,sihuhua,WKST-SWK-008,FS-KYC-01,/customer/contacts/recent/record-7195.json,CUSTOMER_BASIC,READ,SUCCESS,2252,Confidential
X01031,2026-09-13 11:30:50,sankwasa,WKST-PRC-008,DB-CRM-01,/crm/interactions/today/record-9729.json,CRM_BASIC,READ,SUCCESS,17605,Internal
X01032,2026-09-13 11:33:59,katjiuongua,WKST-IT-012,FS-FIN-01,/admin/server-config/record-2801.json,IT_ADMIN,READ,SUCCESS,25053,Restricted
X01033,2026-09-13 11:37:38,murorua,WKST-RSK-006,FS-FIN-01,/audit/security/record-9464.json,AUDIT,READ,SUCCESS,5362,Restricted
X01034,2026-09-13 11:38:37,mhaingura,WKST-CS-017,DB-CRM-01,/crm/cases/open/record-2512.json,CRM_BASIC,READ,SUCCESS,1458,Internal
X01035,2026-09-13 11:50:55,pnakale,WKST-HR-002,FS-HR-01,/hr/recruitment/record-2219.json,HR,UPDATE,SUCCESS,214,Confidential
X01036,2026-09-13 11:58:19,katjiuongua,WKST-IT-012,FS-FIN-01,/admin/directory/record-8047.json,IT_ADMIN,LIST,SUCCESS,4111,Restricted
X01037,2026-09-13 11:58:46,shapaka,WKST-EXE-002,DB-CRM-01,/crm/customer/profile/record-2169.json,CRM_BASIC,READ,SUCCESS,36443,Internal
X01038,2026-09-13 12:16:13,shapaka,WKST-EXE-002,DB-CRM-01,/crm/customer/profile/record-7947.json,CRM_BASIC,READ,SUCCESS,5529,Internal
X01039,2026-09-13 12:22:06,mukwambi,WKST-HR-014,FS-FIN-01,/payroll/allowances/record-4616.json,PAYROLL_READ,READ,SUCCESS,1596,Confidential
X01040,2026-09-13 12:22:32,nambala,WKST-SWK-012,FS-KYC-01,/customer/records/individual/record-8052.json,CUSTOMER_BASIC,READ,SUCCESS,20138,Confidential
X01041,2026-09-13 12:23:05,tshivute,WKST-FIN-004,FS-FIN-01,/payroll/monthly/2026-08/record-4525.json,PAYROLL_READ,READ,SUCCESS,9874,Confidential
X01042,2026-09-13 12:29:04,shilongo,WKST-LOAN-018,FS-KYC-01,/customer/records/individual/record-9597.json,CUSTOMER_BASIC,READ,SUCCESS,16713,Confidential
X01043,2026-09-13 12:31:23,katjiuongua,WKST-IT-012,FS-FIN-01,/admin/directory/record-9494.json,IT_ADMIN,LIST,SUCCESS,4529,Restricted
X01044,2026-09-13 12:32:09,nghifindaka,WKST-IT-005,FS-FIN-01,/audit/security/record-4852.json,AUDIT,DOWNLOAD,SUCCESS,22532,Restricted
X01045,2026-09-13 12:32:26,haufiku,WKST-SOC-003,FS-KYC-01,/customer/kyc/exports/2026-Q3/record-1758.json,CUSTOMER_EXPORT,UPDATE,SUCCESS,2284,Restricted
X01046,2026-09-13 12:34:58,shapaka,WKST-EXE-002,DB-CRM-01,/crm/interactions/today/record-1494.json,CRM_BASIC,READ,SUCCESS,19026,Internal
X01047,2026-09-13 12:35:22,mhaingura,WKST-CS-017,FS-KYC-01,/customer/contacts/recent/record-7569.json,CUSTOMER_BASIC,LIST,SUCCESS,3294,Confidential
X01048,2026-09-13 12:43:56,mukwambi,WKST-HR-014,FS-HR-01,/hr/recruitment/record-2517.json,HR,UPDATE,SUCCESS,2742,Confidential
X01049,2026-09-13 12:44:19,shilongo,WKST-LOAN-018,FS-KYC-01,/customer/contacts/recent/record-4770.json,CUSTOMER_BASIC,UPDATE,SUCCESS,4002,Confidential
X01050,2026-09-13 12:44:34,nghifindaka,WKST-IT-005,FS-FIN-01,/audit/access-reviews/record-2299.json,AUDIT,READ,SUCCESS,8970,Restricted
X01051,2026-09-13 12:47:49,shapaka,WKST-EXE-002,DB-CRM-01,/crm/interactions/today/record-6785.json,CRM_BASIC,UPDATE,SUCCESS,847,Internal
X01052,2026-09-13 12:52:21,shilongo,WKST-LOAN-018,FS-KYC-01,/customer/contacts/recent/record-8873.json,CUSTOMER_BASIC,READ,DENIED,4569,Confidential
X01053,2026-09-13 12:54:20,mbandeka,WKST-LGL-005,FS-KYC-01,/customer/records/individual/record-9447.json,CUSTOMER_BASIC,UPDATE,SUCCESS,767,Confidential
X01054,2026-09-13 12:54:47,ndjaba,WKST-OND-004,DB-CRM-01,/crm/cases/open/record-1937.json,CRM_BASIC,UPDATE,SUCCESS,3015,Internal
X01055,2026-09-13 13:11:00,katjiuongua,WKST-IT-012,FS-FIN-01,/admin/directory/record-5441.json,IT_ADMIN,READ,SUCCESS,573,Restricted
X01056,2026-09-13 13:13:53,mbandeka,WKST-LGL-005,FS-KYC-01,/customer/records/individual/record-8926.json,CUSTOMER_BASIC,LIST,SUCCESS,3256,Confidential
X01057,2026-09-13 13:18:45,sankwasa,WKST-PRC-008,DB-CRM-01,/crm/cases/open/record-3205.json,CRM_BASIC,READ,SUCCESS,17156,Internal
X01058,2026-09-13 13:20:15,sankwasa,WKST-PRC-008,DB-CRM-01,/crm/cases/open/record-5716.json,CRM_BASIC,LIST,SUCCESS,540,Internal
X01059,2026-09-13 13:32:24,mukwambi,WKST-HR-014,FS-HR-01,/hr/leave/record-9984.json,HR,UPDATE,SUCCESS,133,Confidential
X01060,2026-09-13 13:51:57,hamukwaya,WKST-TRY-007,DB-CRM-01,/crm/customer/profile/record-5918.json,CRM_BASIC,UPDATE,SUCCESS,1947,Internal
X01061,2026-09-13 13:58:23,katjiuongua,WKST-IT-012,FS-FIN-01,/admin/server-config/record-9502.json,IT_ADMIN,DOWNLOAD,SUCCESS,9113,Restricted
X01062,2026-09-13 14:05:11,sankwasa,WKST-PRC-008,DB-CRM-01,/crm/interactions/today/record-3974.json,CRM_BASIC,UPDATE,SUCCESS,4881,Internal
X01063,2026-09-13 14:25:08,sankwasa,WKST-PRC-008,DB-CRM-01,/crm/cases/open/record-5283.json,CRM_BASIC,READ,SUCCESS,5329,Internal
X01064,2026-09-13 14:27:25,jkavari,WKST-FIN-021,FS-FIN-01,/finance/general-ledger/record-4085.json,FINANCE,DOWNLOAD,SUCCESS,10531,Confidential
X01065,2026-09-13 14:29:59,hamukwaya,WKST-TRY-007,DB-CRM-01,/crm/customer/profile/record-5689.json,CRM_BASIC,UPDATE,SUCCESS,2034,Internal
X01066,2026-09-13 14:39:26,mhaingura,WKST-CS-017,DB-CRM-01,/crm/interactions/today/record-9862.json,CRM_BASIC,LIST,SUCCESS,2337,Internal
X01067,2026-09-13 14:50:20,nduminga,WKST-SWK-002,FS-KYC-01,/customer/exports/regulatory/record-2833.json,CUSTOMER_EXPORT,UPDATE,SUCCESS,219,Restricted
X01068,2026-09-13 14:58:13,tkamati,WKST-CS-011,FS-KYC-01,/customer/records/individual/record-7800.json,CUSTOMER_BASIC,DOWNLOAD,SUCCESS,38118,Confidential
X01069,2026-09-13 14:59:31,mukwambi,WKST-HR-014,FS-FIN-01,/payroll/allowances/record-6368.json,PAYROLL_READ,READ,SUCCESS,22045,Confidential
X01070,2026-09-13 15:12:52,nduminga,WKST-SWK-002,DB-CRM-01,/crm/cases/open/record-7481.json,CRM_BASIC,READ,SUCCESS,14712,Internal
X01071,2026-09-13 15:25:43,jkavari,WKST-FIN-021,FS-FIN-01,/finance/general-ledger/record-5057.json,FINANCE,DOWNLOAD,SUCCESS,1693,Confidential
X01072,2026-09-13 15:36:14,mukwambi,WKST-HR-014,FS-FIN-01,/payroll/monthly/2026-08/record-5749.json,PAYROLL_READ,LIST,SUCCESS,3964,Confidential
X01073,2026-09-13 15:39:15,shilongo,WKST-LOAN-018,FS-KYC-01,/customer/contacts/recent/record-4305.json,CUSTOMER_BASIC,READ,SUCCESS,35106,Confidential
X01074,2026-09-13 15:40:17,nambala,WKST-SWK-012,FS-KYC-01,/customer/records/individual/record-3876.json,CUSTOMER_BASIC,LIST,SUCCESS,2151,Confidential
X01075,2026-09-13 15:44:58,mhaingura,WKST-CS-017,FS-KYC-01,/customer/contacts/recent/record-7085.json,CUSTOMER_BASIC,READ,SUCCESS,42300,Confidential
X01076,2026-09-13 15:47:59,nghifindaka,WKST-IT-005,FS-FIN-01,/admin/server-config/record-3926.json,IT_ADMIN,READ,SUCCESS,152374,Restricted
X01077,2026-09-13 15:49:12,mbandeka,WKST-LGL-005,FS-KYC-01,/customer/contacts/recent/record-4632.json,CUSTOMER_BASIC,UPDATE,SUCCESS,1214,Confidential
X01078,2026-09-13 15:54:02,ntinda,WKST-MKT-010,DB-CRM-01,/crm/interactions/today/record-1094.json,CRM_BASIC,UPDATE,SUCCESS,3121,Internal
X01079,2026-09-13 15:56:00,murorua,WKST-RSK-006,FS-FIN-01,/audit/security/record-9241.json,AUDIT,LIST,SUCCESS,3859,Restricted
X01080,2026-09-13 15:58:27,jkavari,WKST-FIN-021,FS-FIN-01,/finance/budgets/2026/record-4620.json,FINANCE,LIST,SUCCESS,2218,Confidential
X01081,2026-09-13 16:06:04,tjirera,WKST-AUD-004,FS-HR-01,/hr/recruitment/record-8783.json,HR,READ,SUCCESS,2156,Confidential
X01082,2026-09-13 16:07:44,tjirera,WKST-AUD-004,FS-FIN-01,/finance/budgets/2026/record-9592.json,FINANCE,DOWNLOAD,SUCCESS,79653,Confidential
X01083,2026-09-13 16:10:25,hamukwaya,WKST-TRY-007,DB-CRM-01,/crm/cases/open/record-6408.json,CRM_BASIC,READ,DENIED,11909,Internal
X01084,2026-09-13 16:15:26,ntinda,WKST-MKT-010,DB-CRM-01,/crm/cases/open/record-2902.json,CRM_BASIC,LIST,SUCCESS,2409,Internal
X01085,2026-09-13 16:20:48,ntinda,WKST-MKT-010,DB-CRM-01,/crm/interactions/today/record-6902.json,CRM_BASIC,UPDATE,SUCCESS,1080,Internal
X01086,2026-09-13 16:22:27,sihuhua,WKST-SWK-008,DB-CRM-01,/crm/interactions/today/record-7661.json,CRM_BASIC,READ,SUCCESS,16377,Internal
X01087,2026-09-13 16:29:10,jkavari,WKST-FIN-021,FS-FIN-01,/finance/budgets/2026/record-8106.json,FINANCE,UPDATE,SUCCESS,1824,Confidential
X01088,2026-09-13 16:31:23,nduminga,WKST-SWK-002,DB-CRM-01,/crm/interactions/today/record-5147.json,CRM_BASIC,DOWNLOAD,SUCCESS,3964,Internal
X01089,2026-09-13 16:31:26,shapaka,WKST-EXE-002,DB-CRM-01,/crm/interactions/today/record-6057.json,CRM_BASIC,LIST,SUCCESS,3130,Internal
X01090,2026-09-13 16:51:38,shapaka,WKST-EXE-002,DB-CRM-01,/crm/interactions/today/record-6510.json,CRM_BASIC,READ,SUCCESS,3374,Internal
X01091,2026-09-13 16:58:59,tshivute,WKST-FIN-004,FS-FIN-01,/finance/budgets/2026/record-4113.json,FINANCE,DOWNLOAD,SUCCESS,5446,Confidential
X01092,2026-09-13 17:06:51,hamukwaya,WKST-TRY-007,DB-CRM-01,/crm/cases/open/record-2807.json,CRM_BASIC,UPDATE,SUCCESS,452,Internal
X01093,2026-09-13 17:13:01,ntinda,WKST-MKT-010,DB-CRM-01,/crm/customer/profile/record-2941.json,CRM_BASIC,READ,SUCCESS,4450,Internal
X01094,2026-09-13 17:14:51,tkamati,WKST-CS-011,DB-CRM-01,/crm/interactions/today/record-2821.json,CRM_BASIC,READ,SUCCESS,4115,Internal
X01095,2026-09-13 17:21:19,sankwasa,WKST-PRC-008,DB-CRM-01,/crm/interactions/today/record-6843.json,CRM_BASIC,UPDATE,SUCCESS,3630,Internal
X01096,2026-09-13 17:25:14,nduminga,WKST-SWK-002,FS-KYC-01,/customer/kyc/high-risk/record-4311.json,CUSTOMER_EXPORT,READ,SUCCESS,23118,Restricted
X01097,2026-09-13 17:49:11,shilongo,WKST-LOAN-018,FS-KYC-01,/customer/contacts/recent/record-7217.json,CUSTOMER_BASIC,UPDATE,SUCCESS,4081,Confidential
X01098,2026-09-13 17:52:34,hamukwaya,WKST-TRY-007,DB-CRM-01,/crm/interactions/today/record-2368.json,CRM_BASIC,UPDATE,SUCCESS,3324,Internal
X01099,2026-09-13 17:55:03,sankwasa,WKST-PRC-008,DB-CRM-01,/crm/customer/profile/record-4307.json,CRM_BASIC,UPDATE,SUCCESS,3366,Internal
X01100,2026-09-13 17:55:36,mbandeka,WKST-LGL-005,FS-KYC-01,/customer/contacts/recent/record-8298.json,CUSTOMER_BASIC,READ,SUCCESS,6838,Confidential
X01101,2026-09-13 18:10:05,haufiku,WKST-SOC-003,FS-FIN-01,/audit/security/record-3236.json,AUDIT,LIST,SUCCESS,2372,Restricted
X01102,2026-09-13 18:16:02,shapaka,WKST-EXE-002,DB-CRM-01,/crm/interactions/today/record-8834.json,CRM_BASIC,READ,SUCCESS,4883,Internal
X01103,2026-09-13 18:23:37,mhaingura,WKST-CS-017,DB-CRM-01,/crm/customer/profile/record-3127.json,CRM_BASIC,READ,SUCCESS,10930,Internal
X01104,2026-09-13 18:28:13,ntinda,WKST-MKT-010,DB-CRM-01,/crm/interactions/today/record-9159.json,CRM_BASIC,LIST,SUCCESS,2697,Internal
X01105,2026-09-13 18:29:23,sihuhua,WKST-SWK-008,DB-CRM-01,/crm/interactions/today/record-1572.json,CRM_BASIC,READ,SUCCESS,3875,Internal
X01106,2026-09-13 18:31:37,pnakale,WKST-HR-002,FS-FIN-01,/payroll/monthly/2026-08/record-3775.json,PAYROLL_READ,UPDATE,SUCCESS,104,Confidential
X01107,2026-09-13 18:45:27,murorua,WKST-RSK-006,FS-FIN-01,/audit/security/record-3183.json,AUDIT,LIST,SUCCESS,2784,Restricted
X01108,2026-09-13 19:12:28,nghifindaka,WKST-IT-005,FS-FIN-01,/admin/directory/record-8292.json,IT_ADMIN,READ,SUCCESS,39407,Restricted
X01109,2026-09-13 19:12:45,sankwasa,WKST-PRC-008,DB-CRM-01,/crm/cases/open/record-3246.json,CRM_BASIC,LIST,SUCCESS,911,Internal
X01110,2026-09-13 19:19:10,mbandeka,WKST-LGL-005,FS-KYC-01,/customer/records/individual/record-1285.json,CUSTOMER_BASIC,LIST,SUCCESS,1954,Confidential
X01111,2026-09-13 19:34:17,jkavari,WKST-FIN-021,FS-FIN-01,/finance/budgets/2026/record-6687.json,FINANCE,READ,SUCCESS,16328,Confidential
X01112,2026-09-13 19:41:06,katjiuongua,WKST-IT-012,FS-FIN-01,/admin/directory/record-9537.json,IT_ADMIN,DOWNLOAD,SUCCESS,5158,Restricted
X01113,2026-09-13 19:43:45,tkamati,WKST-CS-011,DB-CRM-01,/crm/interactions/today/record-1377.json,CRM_BASIC,DOWNLOAD,SUCCESS,10764,Internal
X01114,2026-09-13 19:48:31,sankwasa,WKST-PRC-008,DB-CRM-01,/crm/customer/profile/record-2557.json,CRM_BASIC,READ,SUCCESS,7977,Internal
